purchase_item_id,purchase_id,product_id,quantity,unit_cost,amount
PUR-20240401-SUP-001-I-001,PUR-20240401-SUP-001,SKU-018,31,1244.39,38576.09
PUR-20240401-SUP-001-I-002,PUR-20240401-SUP-001,SKU-020,70,2097.37,146815.9
PUR-20240401-SUP-001-I-003,PUR-20240401-SUP-001,SKU-022,24,1015.09,24362.16
PUR-20240401-SUP-001-I-004,PUR-20240401-SUP-001,SKU-042,19,2069.72,39324.68
PUR-20240401-SUP-001-I-005,PUR-20240401-SUP-001,SKU-044,54,1530.28,82635.12
PUR-20240401-SUP-001-I-006,PUR-20240401-SUP-001,SKU-046,47,1627.52,76493.44
PUR-20240408-SUP-001-I-007,PUR-20240408-SUP-001,SKU-018,36,1254.62,45166.32
PUR-20240408-SUP-001-I-008,PUR-20240408-SUP-001,SKU-020,50,2107.62,105381.0
PUR-20240408-SUP-001-I-009,PUR-20240408-SUP-001,SKU-022,20,1004.51,20090.2
PUR-20240408-SUP-001-I-010,PUR-20240408-SUP-001,SKU-042,33,2157.43,71195.19
PUR-20240408-SUP-001-I-011,PUR-20240408-SUP-001,SKU-044,61,1527.77,93193.97
PUR-20240408-SUP-001-I-012,PUR-20240408-SUP-001,SKU-046,39,1650.93,64386.27
PUR-20240415-SUP-001-I-013,PUR-20240415-SUP-001,SKU-018,32,1253.39,40108.48
PUR-20240415-SUP-001-I-014,PUR-20240415-SUP-001,SKU-020,45,2139.81,96291.45
PUR-20240415-SUP-001-I-015,PUR-20240415-SUP-001,SKU-022,13,1046.38,13602.94
PUR-20240415-SUP-001-I-016,PUR-20240415-SUP-001,SKU-042,30,2057.45,61723.5
PUR-20240415-SUP-001-I-017,PUR-20240415-SUP-001,SKU-044,63,1550.36,97672.68
PUR-20240415-SUP-001-I-018,PUR-20240415-SUP-001,SKU-046,41,1595.7,65423.7
PUR-20240422-SUP-001-I-019,PUR-20240422-SUP-001,SKU-018,30,1262.7,37881.0
PUR-20240422-SUP-001-I-020,PUR-20240422-SUP-001,SKU-020,71,2100.74,149152.54
PUR-20240422-SUP-001-I-021,PUR-20240422-SUP-001,SKU-022,18,1018.67,18336.06
PUR-20240422-SUP-001-I-022,PUR-20240422-SUP-001,SKU-042,28,2087.56,58451.68
PUR-20240422-SUP-001-I-023,PUR-20240422-SUP-001,SKU-044,64,1561.76,99952.64
PUR-20240422-SUP-001-I-024,PUR-20240422-SUP-001,SKU-046,49,1593.04,78058.96
PUR-20240429-SUP-001-I-025,PUR-20240429-SUP-001,SKU-018,33,1250.1,41253.3
PUR-20240429-SUP-001-I-026,PUR-20240429-SUP-001,SKU-020,83,2056.07,170653.81
PUR-20240429-SUP-001-I-027,PUR-20240429-SUP-001,SKU-022,28,1033.5,28938.0
PUR-20240429-SUP-001-I-028,PUR-20240429-SUP-001,SKU-042,24,2154.72,51713.28
PUR-20240429-SUP-001-I-029,PUR-20240429-SUP-001,SKU-044,58,1525.94,88504.52
PUR-20240429-SUP-001-I-030,PUR-20240429-SUP-001,SKU-046,44,1606.06,70666.64
PUR-20240506-SUP-001-I-031,PUR-20240506-SUP-001,SKU-018,25,1243.59,31089.75
PUR-20240506-SUP-001-I-032,PUR-20240506-SUP-001,SKU-020,44,2068.97,91034.68
PUR-20240506-SUP-001-I-033,PUR-20240506-SUP-001,SKU-022,34,1004.63,34157.42
PUR-20240506-SUP-001-I-034,PUR-20240506-SUP-001,SKU-042,17,2062.65,35065.05
PUR-20240506-SUP-001-I-035,PUR-20240506-SUP-001,SKU-044,63,1557.42,98117.46
PUR-20240506-SUP-001-I-036,PUR-20240506-SUP-001,SKU-046,36,1593.63,57370.68
PUR-20240513-SUP-001-I-037,PUR-20240513-SUP-001,SKU-018,29,1272.32,36897.28
PUR-20240513-SUP-001-I-038,PUR-20240513-SUP-001,SKU-020,58,2100.59,121834.22
PUR-20240513-SUP-001-I-039,PUR-20240513-SUP-001,SKU-022,30,1008.31,30249.3
PUR-20240513-SUP-001-I-040,PUR-20240513-SUP-001,SKU-042,41,2111.09,86554.69
PUR-20240513-SUP-001-I-041,PUR-20240513-SUP-001,SKU-044,65,1547.31,100575.15
PUR-20240513-SUP-001-I-042,PUR-20240513-SUP-001,SKU-046,22,1594.59,35080.98
PUR-20240520-SUP-001-I-043,PUR-20240520-SUP-001,SKU-018,31,1215.71,37687.01
PUR-20240520-SUP-001-I-044,PUR-20240520-SUP-001,SKU-020,66,2069.84,136609.44
PUR-20240520-SUP-001-I-045,PUR-20240520-SUP-001,SKU-022,32,1015.21,32486.72
PUR-20240520-SUP-001-I-046,PUR-20240520-SUP-001,SKU-042,36,2155.19,77586.84
PUR-20240520-SUP-001-I-047,PUR-20240520-SUP-001,SKU-044,50,1573.76,78688.0
PUR-20240520-SUP-001-I-048,PUR-20240520-SUP-001,SKU-046,44,1608.04,70753.76
PUR-20240527-SUP-001-I-049,PUR-20240527-SUP-001,SKU-018,34,1266.8,43071.2
PUR-20240527-SUP-001-I-050,PUR-20240527-SUP-001,SKU-020,78,2148.07,167549.46
PUR-20240527-SUP-001-I-051,PUR-20240527-SUP-001,SKU-022,34,1025.29,34859.86
PUR-20240527-SUP-001-I-052,PUR-20240527-SUP-001,SKU-042,39,2075.26,80935.14
PUR-20240527-SUP-001-I-053,PUR-20240527-SUP-001,SKU-044,65,1548.13,100628.45
PUR-20240527-SUP-001-I-054,PUR-20240527-SUP-001,SKU-046,49,1636.9,80208.1
PUR-20240603-SUP-001-I-055,PUR-20240603-SUP-001,SKU-018,42,1249.3,52470.6
PUR-20240603-SUP-001-I-056,PUR-20240603-SUP-001,SKU-020,51,2100.34,107117.34
PUR-20240603-SUP-001-I-057,PUR-20240603-SUP-001,SKU-022,33,1032.67,34078.11
PUR-20240603-SUP-001-I-058,PUR-20240603-SUP-001,SKU-042,34,2069.86,70375.24
PUR-20240603-SUP-001-I-059,PUR-20240603-SUP-001,SKU-044,57,1552.65,88501.05
PUR-20240603-SUP-001-I-060,PUR-20240603-SUP-001,SKU-046,38,1660.36,63093.68
PUR-20240610-SUP-001-I-061,PUR-20240610-SUP-001,SKU-018,27,1224.09,33050.43
PUR-20240610-SUP-001-I-062,PUR-20240610-SUP-001,SKU-020,57,2144.87,122257.59
PUR-20240610-SUP-001-I-063,PUR-20240610-SUP-001,SKU-022,41,1015.16,41621.56
PUR-20240610-SUP-001-I-064,PUR-20240610-SUP-001,SKU-042,34,2101.91,71464.94
PUR-20240610-SUP-001-I-065,PUR-20240610-SUP-001,SKU-044,60,1569.24,94154.4
PUR-20240610-SUP-001-I-066,PUR-20240610-SUP-001,SKU-046,35,1661.01,58135.35
PUR-20240617-SUP-001-I-067,PUR-20240617-SUP-001,SKU-018,33,1221.96,40324.68
PUR-20240617-SUP-001-I-068,PUR-20240617-SUP-001,SKU-020,83,2082.16,172819.28
PUR-20240617-SUP-001-I-069,PUR-20240617-SUP-001,SKU-022,30,1046.31,31389.3
PUR-20240617-SUP-001-I-070,PUR-20240617-SUP-001,SKU-042,40,2093.96,83758.4
PUR-20240617-SUP-001-I-071,PUR-20240617-SUP-001,SKU-044,52,1541.76,80171.52
PUR-20240617-SUP-001-I-072,PUR-20240617-SUP-001,SKU-046,38,1654.19,62859.22
PUR-20240624-SUP-001-I-073,PUR-20240624-SUP-001,SKU-018,47,1234.64,58028.08
PUR-20240624-SUP-001-I-074,PUR-20240624-SUP-001,SKU-020,71,2145.88,152357.48
PUR-20240624-SUP-001-I-075,PUR-20240624-SUP-001,SKU-022,28,1030.44,28852.32
PUR-20240624-SUP-001-I-076,PUR-20240624-SUP-001,SKU-042,25,2077.53,51938.25
PUR-20240624-SUP-001-I-077,PUR-20240624-SUP-001,SKU-044,67,1567.23,105004.41
PUR-20240624-SUP-001-I-078,PUR-20240624-SUP-001,SKU-046,54,1655.46,89394.84
PUR-20240701-SUP-001-I-079,PUR-20240701-SUP-001,SKU-018,29,1231.79,35721.91
PUR-20240701-SUP-001-I-080,PUR-20240701-SUP-001,SKU-020,54,2101.8,113497.2
PUR-20240701-SUP-001-I-081,PUR-20240701-SUP-001,SKU-022,31,1043.11,32336.41
PUR-20240701-SUP-001-I-082,PUR-20240701-SUP-001,SKU-042,16,2103.45,33655.2
PUR-20240701-SUP-001-I-083,PUR-20240701-SUP-001,SKU-044,62,1537.59,95330.58
PUR-20240701-SUP-001-I-084,PUR-20240701-SUP-001,SKU-046,58,1661.24,96351.92
PUR-20240708-SUP-001-I-085,PUR-20240708-SUP-001,SKU-018,42,1241.2,52130.4
PUR-20240708-SUP-001-I-086,PUR-20240708-SUP-001,SKU-020,52,2073.61,107827.72
PUR-20240708-SUP-001-I-087,PUR-20240708-SUP-001,SKU-022,30,998.39,29951.7
PUR-20240708-SUP-001-I-088,PUR-20240708-SUP-001,SKU-042,42,2067.84,86849.28
PUR-20240708-SUP-001-I-089,PUR-20240708-SUP-001,SKU-044,50,1541.22,77061.0
PUR-20240708-SUP-001-I-090,PUR-20240708-SUP-001,SKU-046,43,1608.38,69160.34
PUR-20240715-SUP-001-I-091,PUR-20240715-SUP-001,SKU-018,35,1219.55,42684.25
PUR-20240715-SUP-001-I-092,PUR-20240715-SUP-001,SKU-020,63,2140.93,134878.59
PUR-20240715-SUP-001-I-093,PUR-20240715-SUP-001,SKU-022,21,1013.36,21280.56
PUR-20240715-SUP-001-I-094,PUR-20240715-SUP-001,SKU-042,42,2069.26,86908.92
PUR-20240715-SUP-001-I-095,PUR-20240715-SUP-001,SKU-044,30,1588.77,47663.1
PUR-20240715-SUP-001-I-096,PUR-20240715-SUP-001,SKU-046,66,1640.64,108282.24
PUR-20240722-SUP-001-I-097,PUR-20240722-SUP-001,SKU-018,27,1270.25,34296.75
PUR-20240722-SUP-001-I-098,PUR-20240722-SUP-001,SKU-020,50,2078.71,103935.5
PUR-20240722-SUP-001-I-099,PUR-20240722-SUP-001,SKU-022,20,1026.34,20526.8
PUR-20240722-SUP-001-I-100,PUR-20240722-SUP-001,SKU-042,36,2062.98,74267.28
PUR-20240722-SUP-001-I-101,PUR-20240722-SUP-001,SKU-044,53,1561.53,82761.09
PUR-20240722-SUP-001-I-102,PUR-20240722-SUP-001,SKU-046,56,1605.39,89901.84
PUR-20240729-SUP-001-I-103,PUR-20240729-SUP-001,SKU-018,46,1224.07,56307.22
PUR-20240729-SUP-001-I-104,PUR-20240729-SUP-001,SKU-020,61,2060.4,125684.4
PUR-20240729-SUP-001-I-105,PUR-20240729-SUP-001,SKU-022,37,1003.04,37112.48
PUR-20240729-SUP-001-I-106,PUR-20240729-SUP-001,SKU-042,38,2065.88,78503.44
PUR-20240729-SUP-001-I-107,PUR-20240729-SUP-001,SKU-044,62,1535.66,95210.92
PUR-20240729-SUP-001-I-108,PUR-20240729-SUP-001,SKU-046,31,1595.04,49446.24
PUR-20240805-SUP-001-I-109,PUR-20240805-SUP-001,SKU-018,28,1239.15,34696.2
PUR-20240805-SUP-001-I-110,PUR-20240805-SUP-001,SKU-020,94,2071.61,194731.34
PUR-20240805-SUP-001-I-111,PUR-20240805-SUP-001,SKU-022,28,1016.64,28465.92
PUR-20240805-SUP-001-I-112,PUR-20240805-SUP-001,SKU-042,36,2083.81,75017.16
PUR-20240805-SUP-001-I-113,PUR-20240805-SUP-001,SKU-044,46,1522.89,70052.94
PUR-20240805-SUP-001-I-114,PUR-20240805-SUP-001,SKU-046,53,1639.99,86919.47
PUR-20240812-SUP-001-I-115,PUR-20240812-SUP-001,SKU-018,39,1250.6,48773.4
PUR-20240812-SUP-001-I-116,PUR-20240812-SUP-001,SKU-020,72,2085.66,150167.52
PUR-20240812-SUP-001-I-117,PUR-20240812-SUP-001,SKU-022,24,1043.67,25048.08
PUR-20240812-SUP-001-I-118,PUR-20240812-SUP-001,SKU-042,33,2121.86,70021.38
PUR-20240812-SUP-001-I-119,PUR-20240812-SUP-001,SKU-044,37,1579.43,58438.91
PUR-20240812-SUP-001-I-120,PUR-20240812-SUP-001,SKU-046,38,1661.22,63126.36
PUR-20240819-SUP-001-I-121,PUR-20240819-SUP-001,SKU-018,33,1266.9,41807.7
PUR-20240819-SUP-001-I-122,PUR-20240819-SUP-001,SKU-020,74,2088.66,154560.84
PUR-20240819-SUP-001-I-123,PUR-20240819-SUP-001,SKU-022,24,1012.46,24299.04
PUR-20240819-SUP-001-I-124,PUR-20240819-SUP-001,SKU-042,25,2091.89,52297.25
PUR-20240819-SUP-001-I-125,PUR-20240819-SUP-001,SKU-044,40,1589.03,63561.2
PUR-20240819-SUP-001-I-126,PUR-20240819-SUP-001,SKU-046,35,1596.85,55889.75
PUR-20240826-SUP-001-I-127,PUR-20240826-SUP-001,SKU-018,44,1258.8,55387.2
PUR-20240826-SUP-001-I-128,PUR-20240826-SUP-001,SKU-020,45,2118.73,95342.85
PUR-20240826-SUP-001-I-129,PUR-20240826-SUP-001,SKU-022,26,1003.47,26090.22
PUR-20240826-SUP-001-I-130,PUR-20240826-SUP-001,SKU-042,34,2087.39,70971.26
PUR-20240826-SUP-001-I-131,PUR-20240826-SUP-001,SKU-044,40,1551.49,62059.6
PUR-20240826-SUP-001-I-132,PUR-20240826-SUP-001,SKU-046,74,1644.45,121689.3
PUR-20240902-SUP-001-I-133,PUR-20240902-SUP-001,SKU-018,41,1263.32,51796.12
PUR-20240902-SUP-001-I-134,PUR-20240902-SUP-001,SKU-020,59,2073.99,122365.41
PUR-20240902-SUP-001-I-135,PUR-20240902-SUP-001,SKU-022,30,998.95,29968.5
PUR-20240902-SUP-001-I-136,PUR-20240902-SUP-001,SKU-042,43,2143.74,92180.82
PUR-20240902-SUP-001-I-137,PUR-20240902-SUP-001,SKU-044,77,1552.77,119563.29
PUR-20240902-SUP-001-I-138,PUR-20240902-SUP-001,SKU-046,39,1598.48,62340.72
PUR-20240909-SUP-001-I-139,PUR-20240909-SUP-001,SKU-018,41,1231.13,50476.33
PUR-20240909-SUP-001-I-140,PUR-20240909-SUP-001,SKU-020,64,2081.76,133232.64
PUR-20240909-SUP-001-I-141,PUR-20240909-SUP-001,SKU-022,32,1001.43,32045.76
PUR-20240909-SUP-001-I-142,PUR-20240909-SUP-001,SKU-042,55,2112.3,116176.5
PUR-20240909-SUP-001-I-143,PUR-20240909-SUP-001,SKU-044,65,1589.45,103314.25
PUR-20240909-SUP-001-I-144,PUR-20240909-SUP-001,SKU-046,64,1598.83,102325.12
PUR-20240916-SUP-001-I-145,PUR-20240916-SUP-001,SKU-018,39,1249.37,48725.43
PUR-20240916-SUP-001-I-146,PUR-20240916-SUP-001,SKU-020,77,2059.9,158612.3
PUR-20240916-SUP-001-I-147,PUR-20240916-SUP-001,SKU-022,42,1009.81,42412.02
PUR-20240916-SUP-001-I-148,PUR-20240916-SUP-001,SKU-042,37,2141.29,79227.73
PUR-20240916-SUP-001-I-149,PUR-20240916-SUP-001,SKU-044,59,1539.87,90852.33
PUR-20240916-SUP-001-I-150,PUR-20240916-SUP-001,SKU-046,49,1657.77,81230.73
PUR-20240923-SUP-001-I-151,PUR-20240923-SUP-001,SKU-018,53,1242.03,65827.59
PUR-20240923-SUP-001-I-152,PUR-20240923-SUP-001,SKU-020,45,2056.01,92520.45
PUR-20240923-SUP-001-I-153,PUR-20240923-SUP-001,SKU-022,19,1046.2,19877.8
PUR-20240923-SUP-001-I-154,PUR-20240923-SUP-001,SKU-042,28,2060.52,57694.56
PUR-20240923-SUP-001-I-155,PUR-20240923-SUP-001,SKU-044,80,1579.57,126365.6
PUR-20240923-SUP-001-I-156,PUR-20240923-SUP-001,SKU-046,60,1632.51,97950.6
PUR-20240930-SUP-001-I-157,PUR-20240930-SUP-001,SKU-018,31,1245.2,38601.2
PUR-20240930-SUP-001-I-158,PUR-20240930-SUP-001,SKU-020,75,2064.89,154866.75
PUR-20240930-SUP-001-I-159,PUR-20240930-SUP-001,SKU-022,37,1042.03,38555.11
PUR-20240930-SUP-001-I-160,PUR-20240930-SUP-001,SKU-042,43,2089.63,89854.09
PUR-20240930-SUP-001-I-161,PUR-20240930-SUP-001,SKU-044,79,1529.88,120860.52
PUR-20240930-SUP-001-I-162,PUR-20240930-SUP-001,SKU-046,79,1652.76,130568.04
PUR-20241007-SUP-001-I-163,PUR-20241007-SUP-001,SKU-018,36,1264.92,45537.12
PUR-20241007-SUP-001-I-164,PUR-20241007-SUP-001,SKU-020,85,2107.0,179095.0
PUR-20241007-SUP-001-I-165,PUR-20241007-SUP-001,SKU-022,26,1033.05,26859.3
PUR-20241007-SUP-001-I-166,PUR-20241007-SUP-001,SKU-042,33,2158.0,71214.0
PUR-20241007-SUP-001-I-167,PUR-20241007-SUP-001,SKU-044,100,1570.5,157050.0
PUR-20241007-SUP-001-I-168,PUR-20241007-SUP-001,SKU-046,57,1604.74,91470.18
PUR-20241014-SUP-001-I-169,PUR-20241014-SUP-001,SKU-018,50,1260.36,63018.0
PUR-20241014-SUP-001-I-170,PUR-20241014-SUP-001,SKU-020,100,2137.04,213704.0
PUR-20241014-SUP-001-I-171,PUR-20241014-SUP-001,SKU-022,34,1010.74,34365.16
PUR-20241014-SUP-001-I-172,PUR-20241014-SUP-001,SKU-042,41,2090.19,85697.79
PUR-20241014-SUP-001-I-173,PUR-20241014-SUP-001,SKU-044,76,1531.53,116396.28
PUR-20241014-SUP-001-I-174,PUR-20241014-SUP-001,SKU-046,44,1605.38,70636.72
PUR-20241021-SUP-001-I-175,PUR-20241021-SUP-001,SKU-018,38,1240.87,47153.06
PUR-20241021-SUP-001-I-176,PUR-20241021-SUP-001,SKU-020,100,2120.97,212097.0
PUR-20241021-SUP-001-I-177,PUR-20241021-SUP-001,SKU-022,28,1038.97,29091.16
PUR-20241021-SUP-001-I-178,PUR-20241021-SUP-001,SKU-042,32,2086.93,66781.76
PUR-20241021-SUP-001-I-179,PUR-20241021-SUP-001,SKU-044,80,1520.77,121661.6
PUR-20241021-SUP-001-I-180,PUR-20241021-SUP-001,SKU-046,52,1663.32,86492.64
PUR-20241028-SUP-001-I-181,PUR-20241028-SUP-001,SKU-018,51,1270.43,64791.93
PUR-20241028-SUP-001-I-182,PUR-20241028-SUP-001,SKU-020,89,2048.39,182306.71
PUR-20241028-SUP-001-I-183,PUR-20241028-SUP-001,SKU-022,48,1040.69,49953.12
PUR-20241028-SUP-001-I-184,PUR-20241028-SUP-001,SKU-042,61,2103.79,128331.19
PUR-20241028-SUP-001-I-185,PUR-20241028-SUP-001,SKU-044,76,1526.08,115982.08
PUR-20241028-SUP-001-I-186,PUR-20241028-SUP-001,SKU-046,74,1647.35,121903.9
PUR-20241104-SUP-001-I-187,PUR-20241104-SUP-001,SKU-018,49,1230.35,60287.15
PUR-20241104-SUP-001-I-188,PUR-20241104-SUP-001,SKU-020,100,2060.85,206085.0
PUR-20241104-SUP-001-I-189,PUR-20241104-SUP-001,SKU-022,53,1030.98,54641.94
PUR-20241104-SUP-001-I-190,PUR-20241104-SUP-001,SKU-042,77,2072.41,159575.57
PUR-20241104-SUP-001-I-191,PUR-20241104-SUP-001,SKU-044,100,1563.88,156388.0
PUR-20241104-SUP-001-I-192,PUR-20241104-SUP-001,SKU-046,99,1614.38,159823.62
PUR-20241111-SUP-001-I-193,PUR-20241111-SUP-001,SKU-018,44,1246.38,54840.72
PUR-20241111-SUP-001-I-194,PUR-20241111-SUP-001,SKU-020,100,2095.74,209574.0
PUR-20241111-SUP-001-I-195,PUR-20241111-SUP-001,SKU-022,48,1041.57,49995.36
PUR-20241111-SUP-001-I-196,PUR-20241111-SUP-001,SKU-042,73,2155.16,157326.68
PUR-20241111-SUP-001-I-197,PUR-20241111-SUP-001,SKU-044,84,1567.45,131665.8
PUR-20241111-SUP-001-I-198,PUR-20241111-SUP-001,SKU-046,68,1602.63,108978.84
PUR-20241118-SUP-001-I-199,PUR-20241118-SUP-001,SKU-018,49,1227.13,60129.37
PUR-20241118-SUP-001-I-200,PUR-20241118-SUP-001,SKU-020,100,2102.82,210282.0
PUR-20241118-SUP-001-I-201,PUR-20241118-SUP-001,SKU-022,56,1032.93,57844.08
PUR-20241118-SUP-001-I-202,PUR-20241118-SUP-001,SKU-042,57,2065.91,117756.87
PUR-20241118-SUP-001-I-203,PUR-20241118-SUP-001,SKU-044,100,1569.31,156931.0
PUR-20241118-SUP-001-I-204,PUR-20241118-SUP-001,SKU-046,85,1604.78,136406.3
PUR-20241125-SUP-001-I-205,PUR-20241125-SUP-001,SKU-018,61,1273.97,77712.17
PUR-20241125-SUP-001-I-206,PUR-20241125-SUP-001,SKU-020,100,2052.3,205230.0
PUR-20241125-SUP-001-I-207,PUR-20241125-SUP-001,SKU-022,38,1019.24,38731.12
PUR-20241125-SUP-001-I-208,PUR-20241125-SUP-001,SKU-042,51,2072.57,105701.07
PUR-20241125-SUP-001-I-209,PUR-20241125-SUP-001,SKU-044,93,1595.05,148339.65
PUR-20241125-SUP-001-I-210,PUR-20241125-SUP-001,SKU-046,68,1643.37,111749.16
PUR-20241202-SUP-001-I-211,PUR-20241202-SUP-001,SKU-018,65,1240.9,80658.5
PUR-20241202-SUP-001-I-212,PUR-20241202-SUP-001,SKU-020,80,2067.41,165392.8
PUR-20241202-SUP-001-I-213,PUR-20241202-SUP-001,SKU-022,65,1003.12,65202.8
PUR-20241202-SUP-001-I-214,PUR-20241202-SUP-001,SKU-042,77,2137.53,164589.81
PUR-20241202-SUP-001-I-215,PUR-20241202-SUP-001,SKU-044,100,1530.41,153041.0
PUR-20241202-SUP-001-I-216,PUR-20241202-SUP-001,SKU-046,100,1605.67,160567.0
PUR-20241209-SUP-001-I-217,PUR-20241209-SUP-001,SKU-018,67,1257.02,84220.34
PUR-20241209-SUP-001-I-218,PUR-20241209-SUP-001,SKU-020,100,2134.62,213462.0
PUR-20241209-SUP-001-I-219,PUR-20241209-SUP-001,SKU-022,45,1011.5,45517.5
PUR-20241209-SUP-001-I-220,PUR-20241209-SUP-001,SKU-042,54,2121.4,114555.6
PUR-20241209-SUP-001-I-221,PUR-20241209-SUP-001,SKU-044,88,1576.29,138713.52
PUR-20241209-SUP-001-I-222,PUR-20241209-SUP-001,SKU-046,71,1648.93,117074.03
PUR-20241216-SUP-001-I-223,PUR-20241216-SUP-001,SKU-018,57,1246.94,71075.58
PUR-20241216-SUP-001-I-224,PUR-20241216-SUP-001,SKU-020,100,2056.25,205625.0
PUR-20241216-SUP-001-I-225,PUR-20241216-SUP-001,SKU-022,49,1023.88,50170.12
PUR-20241216-SUP-001-I-226,PUR-20241216-SUP-001,SKU-042,89,2079.98,185118.22
PUR-20241216-SUP-001-I-227,PUR-20241216-SUP-001,SKU-044,100,1528.35,152835.0
PUR-20241216-SUP-001-I-228,PUR-20241216-SUP-001,SKU-046,100,1666.69,166669.0
PUR-20241223-SUP-001-I-229,PUR-20241223-SUP-001,SKU-018,51,1239.63,63221.13
PUR-20241223-SUP-001-I-230,PUR-20241223-SUP-001,SKU-020,100,2058.9,205890.0
PUR-20241223-SUP-001-I-231,PUR-20241223-SUP-001,SKU-022,64,1043.86,66807.04
PUR-20241223-SUP-001-I-232,PUR-20241223-SUP-001,SKU-042,81,2071.8,167815.8
PUR-20241223-SUP-001-I-233,PUR-20241223-SUP-001,SKU-044,100,1596.01,159601.0
PUR-20241223-SUP-001-I-234,PUR-20241223-SUP-001,SKU-046,83,1600.29,132824.07
PUR-20241230-SUP-001-I-235,PUR-20241230-SUP-001,SKU-018,60,1221.55,73293.0
PUR-20241230-SUP-001-I-236,PUR-20241230-SUP-001,SKU-020,100,2140.57,214057.0
PUR-20241230-SUP-001-I-237,PUR-20241230-SUP-001,SKU-022,33,1001.88,33062.04
PUR-20241230-SUP-001-I-238,PUR-20241230-SUP-001,SKU-042,52,2145.49,111565.48
PUR-20241230-SUP-001-I-239,PUR-20241230-SUP-001,SKU-044,95,1538.48,146155.6
PUR-20241230-SUP-001-I-240,PUR-20241230-SUP-001,SKU-046,94,1669.81,156962.14
PUR-20250106-SUP-001-I-241,PUR-20250106-SUP-001,SKU-018,43,1220.12,52465.16
PUR-20250106-SUP-001-I-242,PUR-20250106-SUP-001,SKU-020,100,2129.89,212989.0
PUR-20250106-SUP-001-I-243,PUR-20250106-SUP-001,SKU-022,41,1045.81,42878.21
PUR-20250106-SUP-001-I-244,PUR-20250106-SUP-001,SKU-042,55,2075.86,114172.3
PUR-20250106-SUP-001-I-245,PUR-20250106-SUP-001,SKU-044,100,1563.86,156386.0
PUR-20250106-SUP-001-I-246,PUR-20250106-SUP-001,SKU-046,82,1650.35,135328.7
PUR-20250113-SUP-001-I-247,PUR-20250113-SUP-001,SKU-018,63,1218.93,76792.59
PUR-20250113-SUP-001-I-248,PUR-20250113-SUP-001,SKU-020,100,2114.6,211460.0
PUR-20250113-SUP-001-I-249,PUR-20250113-SUP-001,SKU-022,43,1036.08,44551.44
PUR-20250113-SUP-001-I-250,PUR-20250113-SUP-001,SKU-042,49,2085.92,102210.08
PUR-20250113-SUP-001-I-251,PUR-20250113-SUP-001,SKU-044,100,1537.45,153745.0
PUR-20250113-SUP-001-I-252,PUR-20250113-SUP-001,SKU-046,58,1668.98,96800.84
PUR-20250120-SUP-001-I-253,PUR-20250120-SUP-001,SKU-018,50,1257.63,62881.5
PUR-20250120-SUP-001-I-254,PUR-20250120-SUP-001,SKU-020,100,2097.51,209751.0
PUR-20250120-SUP-001-I-255,PUR-20250120-SUP-001,SKU-022,24,1033.82,24811.68
PUR-20250120-SUP-001-I-256,PUR-20250120-SUP-001,SKU-042,52,2109.96,109717.92
PUR-20250120-SUP-001-I-257,PUR-20250120-SUP-001,SKU-044,93,1593.0,148149.0
PUR-20250120-SUP-001-I-258,PUR-20250120-SUP-001,SKU-046,56,1670.68,93558.08
PUR-20250127-SUP-001-I-259,PUR-20250127-SUP-001,SKU-018,42,1239.42,52055.64
PUR-20250127-SUP-001-I-260,PUR-20250127-SUP-001,SKU-020,75,2065.8,154935.0
PUR-20250127-SUP-001-I-261,PUR-20250127-SUP-001,SKU-022,47,1005.64,47265.08
PUR-20250127-SUP-001-I-262,PUR-20250127-SUP-001,SKU-042,36,2089.35,75216.6
PUR-20250127-SUP-001-I-263,PUR-20250127-SUP-001,SKU-044,100,1576.28,157628.0
PUR-20250127-SUP-001-I-264,PUR-20250127-SUP-001,SKU-046,61,1592.68,97153.48
PUR-20250203-SUP-001-I-265,PUR-20250203-SUP-001,SKU-018,47,1227.65,57699.55
PUR-20250203-SUP-001-I-266,PUR-20250203-SUP-001,SKU-020,61,2119.68,129300.48
PUR-20250203-SUP-001-I-267,PUR-20250203-SUP-001,SKU-022,26,1043.19,27122.94
PUR-20250203-SUP-001-I-268,PUR-20250203-SUP-001,SKU-042,43,2161.18,92930.74
PUR-20250203-SUP-001-I-269,PUR-20250203-SUP-001,SKU-044,63,1525.16,96085.08
PUR-20250203-SUP-001-I-270,PUR-20250203-SUP-001,SKU-046,53,1643.79,87120.87
PUR-20250210-SUP-001-I-271,PUR-20250210-SUP-001,SKU-018,31,1272.49,39447.19
PUR-20250210-SUP-001-I-272,PUR-20250210-SUP-001,SKU-020,81,2065.44,167300.64
PUR-20250210-SUP-001-I-273,PUR-20250210-SUP-001,SKU-022,47,1028.58,48343.26
PUR-20250210-SUP-001-I-274,PUR-20250210-SUP-001,SKU-042,51,2149.86,109642.86
PUR-20250210-SUP-001-I-275,PUR-20250210-SUP-001,SKU-044,90,1532.6,137934.0
PUR-20250210-SUP-001-I-276,PUR-20250210-SUP-001,SKU-046,63,1598.8,100724.4
PUR-20250217-SUP-001-I-277,PUR-20250217-SUP-001,SKU-018,47,1223.94,57525.18
PUR-20250217-SUP-001-I-278,PUR-20250217-SUP-001,SKU-020,50,2063.88,103194.0
PUR-20250217-SUP-001-I-279,PUR-20250217-SUP-001,SKU-022,41,1040.79,42672.39
PUR-20250217-SUP-001-I-280,PUR-20250217-SUP-001,SKU-042,35,2071.83,72514.05
PUR-20250217-SUP-001-I-281,PUR-20250217-SUP-001,SKU-044,75,1531.64,114873.0
PUR-20250217-SUP-001-I-282,PUR-20250217-SUP-001,SKU-046,72,1622.84,116844.48
PUR-20250224-SUP-001-I-283,PUR-20250224-SUP-001,SKU-018,57,1237.53,70539.21
PUR-20250224-SUP-001-I-284,PUR-20250224-SUP-001,SKU-020,98,2075.2,203369.6
PUR-20250224-SUP-001-I-285,PUR-20250224-SUP-001,SKU-022,31,1008.48,31262.88
PUR-20250224-SUP-001-I-286,PUR-20250224-SUP-001,SKU-042,38,2123.26,80683.88
PUR-20250224-SUP-001-I-287,PUR-20250224-SUP-001,SKU-044,100,1556.78,155678.0
PUR-20250224-SUP-001-I-288,PUR-20250224-SUP-001,SKU-046,85,1625.74,138187.9
PUR-20250303-SUP-001-I-289,PUR-20250303-SUP-001,SKU-018,63,1270.9,80066.7
PUR-20250303-SUP-001-I-290,PUR-20250303-SUP-001,SKU-020,100,2113.55,211355.0
PUR-20250303-SUP-001-I-291,PUR-20250303-SUP-001,SKU-022,34,1002.72,34092.48
PUR-20250303-SUP-001-I-292,PUR-20250303-SUP-001,SKU-042,42,2099.32,88171.44
PUR-20250303-SUP-001-I-293,PUR-20250303-SUP-001,SKU-044,81,1560.97,126438.57
PUR-20250303-SUP-001-I-294,PUR-20250303-SUP-001,SKU-046,91,1628.76,148217.16
PUR-20250310-SUP-001-I-295,PUR-20250310-SUP-001,SKU-018,66,1268.56,83724.96
PUR-20250310-SUP-001-I-296,PUR-20250310-SUP-001,SKU-020,59,2054.62,121222.58
PUR-20250310-SUP-001-I-297,PUR-20250310-SUP-001,SKU-022,45,1003.89,45175.05
PUR-20250310-SUP-001-I-298,PUR-20250310-SUP-001,SKU-042,40,2148.39,85935.6
PUR-20250310-SUP-001-I-299,PUR-20250310-SUP-001,SKU-044,100,1569.11,156911.0
PUR-20250310-SUP-001-I-300,PUR-20250310-SUP-001,SKU-046,64,1595.39,102104.96
PUR-20250317-SUP-001-I-301,PUR-20250317-SUP-001,SKU-018,50,1250.29,62514.5
PUR-20250317-SUP-001-I-302,PUR-20250317-SUP-001,SKU-020,100,2146.41,214641.0
PUR-20250317-SUP-001-I-303,PUR-20250317-SUP-001,SKU-022,33,1031.95,34054.35
PUR-20250317-SUP-001-I-304,PUR-20250317-SUP-001,SKU-042,58,2073.6,120268.8
PUR-20250317-SUP-001-I-305,PUR-20250317-SUP-001,SKU-044,100,1545.6,154560.0
PUR-20250317-SUP-001-I-306,PUR-20250317-SUP-001,SKU-046,98,1633.76,160108.48
PUR-20250324-SUP-001-I-307,PUR-20250324-SUP-001,SKU-018,74,1218.18,90145.32
PUR-20250324-SUP-001-I-308,PUR-20250324-SUP-001,SKU-020,100,2063.18,206318.0
PUR-20250324-SUP-001-I-309,PUR-20250324-SUP-001,SKU-022,58,1014.56,58844.48
PUR-20250324-SUP-001-I-310,PUR-20250324-SUP-001,SKU-042,49,2133.85,104558.65
PUR-20250324-SUP-001-I-311,PUR-20250324-SUP-001,SKU-044,41,1534.16,62900.56
PUR-20250324-SUP-001-I-312,PUR-20250324-SUP-001,SKU-046,100,1628.48,162848.0
PUR-20250331-SUP-001-I-313,PUR-20250331-SUP-001,SKU-018,7,1247.28,8730.96
PUR-20250331-SUP-001-I-314,PUR-20250331-SUP-001,SKU-020,5,2101.17,10505.85
PUR-20250331-SUP-001-I-315,PUR-20250331-SUP-001,SKU-022,9,1042.37,9381.33
PUR-20250331-SUP-001-I-316,PUR-20250331-SUP-001,SKU-042,5,2130.7,10653.5
PUR-20250331-SUP-001-I-317,PUR-20250331-SUP-001,SKU-044,10,1586.32,15863.2
PUR-20250331-SUP-001-I-318,PUR-20250331-SUP-001,SKU-046,16,1670.13,26722.08
PUR-20240401-SUP-002-I-319,PUR-20240401-SUP-002,SKU-001,81,304.77,24686.37
PUR-20240401-SUP-002-I-320,PUR-20240401-SUP-002,SKU-021,33,2209.75,72921.75
PUR-20240401-SUP-002-I-321,PUR-20240401-SUP-002,SKU-023,30,1114.41,33432.3
PUR-20240401-SUP-002-I-322,PUR-20240401-SUP-002,SKU-025,42,2560.01,107520.42
PUR-20240401-SUP-002-I-323,PUR-20240401-SUP-002,SKU-045,65,1677.56,109041.4
PUR-20240401-SUP-002-I-324,PUR-20240401-SUP-002,SKU-047,34,1666.04,56645.36
PUR-20240401-SUP-002-I-325,PUR-20240401-SUP-002,SKU-049,33,1649.66,54438.78
PUR-20240408-SUP-002-I-326,PUR-20240408-SUP-002,SKU-001,40,298.44,11937.6
PUR-20240408-SUP-002-I-327,PUR-20240408-SUP-002,SKU-021,35,2129.78,74542.3
PUR-20240408-SUP-002-I-328,PUR-20240408-SUP-002,SKU-023,39,1119.62,43665.18
PUR-20240408-SUP-002-I-329,PUR-20240408-SUP-002,SKU-025,24,2641.48,63395.52
PUR-20240408-SUP-002-I-330,PUR-20240408-SUP-002,SKU-045,73,1711.14,124913.22
PUR-20240408-SUP-002-I-331,PUR-20240408-SUP-002,SKU-047,21,1676.88,35214.48
PUR-20240408-SUP-002-I-332,PUR-20240408-SUP-002,SKU-049,49,1648.89,80795.61
PUR-20240415-SUP-002-I-333,PUR-20240415-SUP-002,SKU-001,87,299.82,26084.34
PUR-20240415-SUP-002-I-334,PUR-20240415-SUP-002,SKU-021,36,2132.46,76768.56
PUR-20240415-SUP-002-I-335,PUR-20240415-SUP-002,SKU-023,38,1088.85,41376.3
PUR-20240415-SUP-002-I-336,PUR-20240415-SUP-002,SKU-025,46,2578.78,118623.88
PUR-20240415-SUP-002-I-337,PUR-20240415-SUP-002,SKU-045,44,1701.48,74865.12
PUR-20240415-SUP-002-I-338,PUR-20240415-SUP-002,SKU-047,19,1642.69,31211.11
PUR-20240415-SUP-002-I-339,PUR-20240415-SUP-002,SKU-049,42,1670.96,70180.32
PUR-20240422-SUP-002-I-340,PUR-20240422-SUP-002,SKU-001,100,301.25,30125.0
PUR-20240422-SUP-002-I-341,PUR-20240422-SUP-002,SKU-021,44,2164.75,95249.0
PUR-20240422-SUP-002-I-342,PUR-20240422-SUP-002,SKU-023,47,1096.01,51512.47
PUR-20240422-SUP-002-I-343,PUR-20240422-SUP-002,SKU-025,28,2577.09,72158.52
PUR-20240422-SUP-002-I-344,PUR-20240422-SUP-002,SKU-045,73,1673.35,122154.55
PUR-20240422-SUP-002-I-345,PUR-20240422-SUP-002,SKU-047,32,1625.26,52008.32
PUR-20240422-SUP-002-I-346,PUR-20240422-SUP-002,SKU-049,59,1613.57,95200.63
PUR-20240429-SUP-002-I-347,PUR-20240429-SUP-002,SKU-001,93,291.46,27105.78
PUR-20240429-SUP-002-I-348,PUR-20240429-SUP-002,SKU-021,36,2200.21,79207.56
PUR-20240429-SUP-002-I-349,PUR-20240429-SUP-002,SKU-023,20,1088.25,21765.0
PUR-20240429-SUP-002-I-350,PUR-20240429-SUP-002,SKU-025,32,2609.17,83493.44
PUR-20240429-SUP-002-I-351,PUR-20240429-SUP-002,SKU-045,40,1684.47,67378.8
PUR-20240429-SUP-002-I-352,PUR-20240429-SUP-002,SKU-047,31,1623.41,50325.71
PUR-20240429-SUP-002-I-353,PUR-20240429-SUP-002,SKU-049,59,1678.28,99018.52
PUR-20240506-SUP-002-I-354,PUR-20240506-SUP-002,SKU-001,64,305.32,19540.48
PUR-20240506-SUP-002-I-355,PUR-20240506-SUP-002,SKU-021,65,2199.04,142937.6
PUR-20240506-SUP-002-I-356,PUR-20240506-SUP-002,SKU-023,26,1126.66,29293.16
PUR-20240506-SUP-002-I-357,PUR-20240506-SUP-002,SKU-025,51,2649.73,135136.23
PUR-20240506-SUP-002-I-358,PUR-20240506-SUP-002,SKU-045,69,1669.36,115185.84
PUR-20240506-SUP-002-I-359,PUR-20240506-SUP-002,SKU-047,24,1662.96,39911.04
PUR-20240506-SUP-002-I-360,PUR-20240506-SUP-002,SKU-049,57,1646.24,93835.68
PUR-20240513-SUP-002-I-361,PUR-20240513-SUP-002,SKU-001,100,303.76,30376.0
PUR-20240513-SUP-002-I-362,PUR-20240513-SUP-002,SKU-021,52,2127.51,110630.52
PUR-20240513-SUP-002-I-363,PUR-20240513-SUP-002,SKU-023,39,1099.8,42892.2
PUR-20240513-SUP-002-I-364,PUR-20240513-SUP-002,SKU-025,38,2649.89,100695.82
PUR-20240513-SUP-002-I-365,PUR-20240513-SUP-002,SKU-045,41,1745.32,71558.12
PUR-20240513-SUP-002-I-366,PUR-20240513-SUP-002,SKU-047,29,1637.23,47479.67
PUR-20240513-SUP-002-I-367,PUR-20240513-SUP-002,SKU-049,78,1621.56,126481.68
PUR-20240520-SUP-002-I-368,PUR-20240520-SUP-002,SKU-001,86,295.3,25395.8
PUR-20240520-SUP-002-I-369,PUR-20240520-SUP-002,SKU-021,40,2194.81,87792.4
PUR-20240520-SUP-002-I-370,PUR-20240520-SUP-002,SKU-023,43,1113.91,47898.13
PUR-20240520-SUP-002-I-371,PUR-20240520-SUP-002,SKU-025,53,2556.55,135497.15
PUR-20240520-SUP-002-I-372,PUR-20240520-SUP-002,SKU-045,57,1685.28,96060.96
PUR-20240520-SUP-002-I-373,PUR-20240520-SUP-002,SKU-047,29,1640.59,47577.11
PUR-20240520-SUP-002-I-374,PUR-20240520-SUP-002,SKU-049,49,1649.84,80842.16
PUR-20240527-SUP-002-I-375,PUR-20240527-SUP-002,SKU-001,53,293.61,15561.33
PUR-20240527-SUP-002-I-376,PUR-20240527-SUP-002,SKU-021,48,2196.35,105424.8
PUR-20240527-SUP-002-I-377,PUR-20240527-SUP-002,SKU-023,40,1083.67,43346.8
PUR-20240527-SUP-002-I-378,PUR-20240527-SUP-002,SKU-025,33,2551.51,84199.83
PUR-20240527-SUP-002-I-379,PUR-20240527-SUP-002,SKU-045,89,1685.85,150040.65
PUR-20240527-SUP-002-I-380,PUR-20240527-SUP-002,SKU-047,34,1649.66,56088.44
PUR-20240527-SUP-002-I-381,PUR-20240527-SUP-002,SKU-049,47,1630.51,76633.97
PUR-20240603-SUP-002-I-382,PUR-20240603-SUP-002,SKU-001,68,300.53,20436.04
PUR-20240603-SUP-002-I-383,PUR-20240603-SUP-002,SKU-021,46,2142.11,98537.06
PUR-20240603-SUP-002-I-384,PUR-20240603-SUP-002,SKU-023,36,1086.72,39121.92
PUR-20240603-SUP-002-I-385,PUR-20240603-SUP-002,SKU-025,41,2560.01,104960.41
PUR-20240603-SUP-002-I-386,PUR-20240603-SUP-002,SKU-045,61,1691.88,103204.68
PUR-20240603-SUP-002-I-387,PUR-20240603-SUP-002,SKU-047,29,1646.46,47747.34
PUR-20240603-SUP-002-I-388,PUR-20240603-SUP-002,SKU-049,75,1625.77,121932.75
PUR-20240610-SUP-002-I-389,PUR-20240610-SUP-002,SKU-001,67,295.48,19797.16
PUR-20240610-SUP-002-I-390,PUR-20240610-SUP-002,SKU-021,26,2126.16,55280.16
PUR-20240610-SUP-002-I-391,PUR-20240610-SUP-002,SKU-023,36,1101.1,39639.6
PUR-20240610-SUP-002-I-392,PUR-20240610-SUP-002,SKU-025,34,2656.51,90321.34
PUR-20240610-SUP-002-I-393,PUR-20240610-SUP-002,SKU-045,61,1719.47,104887.67
PUR-20240610-SUP-002-I-394,PUR-20240610-SUP-002,SKU-047,39,1635.84,63797.76
PUR-20240610-SUP-002-I-395,PUR-20240610-SUP-002,SKU-049,39,1663.46,64874.94
PUR-20240617-SUP-002-I-396,PUR-20240617-SUP-002,SKU-001,83,304.01,25232.83
PUR-20240617-SUP-002-I-397,PUR-20240617-SUP-002,SKU-021,55,2183.5,120092.5
PUR-20240617-SUP-002-I-398,PUR-20240617-SUP-002,SKU-023,26,1104.84,28725.84
PUR-20240617-SUP-002-I-399,PUR-20240617-SUP-002,SKU-025,40,2541.9,101676.0
PUR-20240617-SUP-002-I-400,PUR-20240617-SUP-002,SKU-045,48,1704.53,81817.44
PUR-20240617-SUP-002-I-401,PUR-20240617-SUP-002,SKU-047,31,1674.18,51899.58
PUR-20240617-SUP-002-I-402,PUR-20240617-SUP-002,SKU-049,54,1667.7,90055.8
PUR-20240624-SUP-002-I-403,PUR-20240624-SUP-002,SKU-001,81,296.27,23997.87
PUR-20240624-SUP-002-I-404,PUR-20240624-SUP-002,SKU-021,52,2165.3,112595.6
PUR-20240624-SUP-002-I-405,PUR-20240624-SUP-002,SKU-023,34,1086.81,36951.54
PUR-20240624-SUP-002-I-406,PUR-20240624-SUP-002,SKU-025,46,2619.24,120485.04
PUR-20240624-SUP-002-I-407,PUR-20240624-SUP-002,SKU-045,62,1730.99,107321.38
PUR-20240624-SUP-002-I-408,PUR-20240624-SUP-002,SKU-047,24,1628.96,39095.04
PUR-20240624-SUP-002-I-409,PUR-20240624-SUP-002,SKU-049,49,1681.74,82405.26
PUR-20240701-SUP-002-I-410,PUR-20240701-SUP-002,SKU-001,44,293.66,12921.04
PUR-20240701-SUP-002-I-411,PUR-20240701-SUP-002,SKU-021,33,2169.04,71578.32
PUR-20240701-SUP-002-I-412,PUR-20240701-SUP-002,SKU-023,28,1123.96,31470.88
PUR-20240701-SUP-002-I-413,PUR-20240701-SUP-002,SKU-025,37,2568.41,95031.17
PUR-20240701-SUP-002-I-414,PUR-20240701-SUP-002,SKU-045,33,1745.06,57586.98
PUR-20240701-SUP-002-I-415,PUR-20240701-SUP-002,SKU-047,23,1701.48,39134.04
PUR-20240701-SUP-002-I-416,PUR-20240701-SUP-002,SKU-049,26,1674.1,43526.6
PUR-20240708-SUP-002-I-417,PUR-20240708-SUP-002,SKU-001,66,303.77,20048.82
PUR-20240708-SUP-002-I-418,PUR-20240708-SUP-002,SKU-021,36,2145.57,77240.52
PUR-20240708-SUP-002-I-419,PUR-20240708-SUP-002,SKU-023,33,1137.4,37534.2
PUR-20240708-SUP-002-I-420,PUR-20240708-SUP-002,SKU-025,34,2567.17,87283.78
PUR-20240708-SUP-002-I-421,PUR-20240708-SUP-002,SKU-045,57,1696.23,96685.11
PUR-20240708-SUP-002-I-422,PUR-20240708-SUP-002,SKU-047,28,1636.73,45828.44
PUR-20240708-SUP-002-I-423,PUR-20240708-SUP-002,SKU-049,53,1651.47,87527.91
PUR-20240715-SUP-002-I-424,PUR-20240715-SUP-002,SKU-001,70,305.85,21409.5
PUR-20240715-SUP-002-I-425,PUR-20240715-SUP-002,SKU-021,39,2192.46,85505.94
PUR-20240715-SUP-002-I-426,PUR-20240715-SUP-002,SKU-023,36,1121.68,40380.48
PUR-20240715-SUP-002-I-427,PUR-20240715-SUP-002,SKU-025,27,2609.47,70455.69
PUR-20240715-SUP-002-I-428,PUR-20240715-SUP-002,SKU-045,45,1683.35,75750.75
PUR-20240715-SUP-002-I-429,PUR-20240715-SUP-002,SKU-047,32,1621.43,51885.76
PUR-20240715-SUP-002-I-430,PUR-20240715-SUP-002,SKU-049,56,1659.7,92943.2
PUR-20240722-SUP-002-I-431,PUR-20240722-SUP-002,SKU-001,84,294.76,24759.84
PUR-20240722-SUP-002-I-432,PUR-20240722-SUP-002,SKU-021,44,2128.5,93654.0
PUR-20240722-SUP-002-I-433,PUR-20240722-SUP-002,SKU-023,46,1126.64,51825.44
PUR-20240722-SUP-002-I-434,PUR-20240722-SUP-002,SKU-025,48,2635.79,126517.92
PUR-20240722-SUP-002-I-435,PUR-20240722-SUP-002,SKU-045,69,1704.73,117626.37
PUR-20240722-SUP-002-I-436,PUR-20240722-SUP-002,SKU-047,28,1683.42,47135.76
PUR-20240722-SUP-002-I-437,PUR-20240722-SUP-002,SKU-049,68,1660.73,112929.64
PUR-20240729-SUP-002-I-438,PUR-20240729-SUP-002,SKU-001,72,301.14,21682.08
PUR-20240729-SUP-002-I-439,PUR-20240729-SUP-002,SKU-021,39,2159.61,84224.79
PUR-20240729-SUP-002-I-440,PUR-20240729-SUP-002,SKU-023,36,1117.36,40224.96
PUR-20240729-SUP-002-I-441,PUR-20240729-SUP-002,SKU-025,42,2624.67,110236.14
PUR-20240729-SUP-002-I-442,PUR-20240729-SUP-002,SKU-045,53,1673.88,88715.64
PUR-20240729-SUP-002-I-443,PUR-20240729-SUP-002,SKU-047,22,1694.56,37280.32
PUR-20240729-SUP-002-I-444,PUR-20240729-SUP-002,SKU-049,54,1661.28,89709.12
PUR-20240805-SUP-002-I-445,PUR-20240805-SUP-002,SKU-001,79,296.31,23408.49
PUR-20240805-SUP-002-I-446,PUR-20240805-SUP-002,SKU-021,35,2163.5,75722.5
PUR-20240805-SUP-002-I-447,PUR-20240805-SUP-002,SKU-023,26,1101.52,28639.52
PUR-20240805-SUP-002-I-448,PUR-20240805-SUP-002,SKU-025,51,2642.07,134745.57
PUR-20240805-SUP-002-I-449,PUR-20240805-SUP-002,SKU-045,62,1689.75,104764.5
PUR-20240805-SUP-002-I-450,PUR-20240805-SUP-002,SKU-047,31,1676.69,51977.39
PUR-20240805-SUP-002-I-451,PUR-20240805-SUP-002,SKU-049,51,1612.64,82244.64
PUR-20240812-SUP-002-I-452,PUR-20240812-SUP-002,SKU-001,96,298.9,28694.4
PUR-20240812-SUP-002-I-453,PUR-20240812-SUP-002,SKU-021,33,2169.94,71608.02
PUR-20240812-SUP-002-I-454,PUR-20240812-SUP-002,SKU-023,32,1091.69,34934.08
PUR-20240812-SUP-002-I-455,PUR-20240812-SUP-002,SKU-025,48,2612.42,125396.16
PUR-20240812-SUP-002-I-456,PUR-20240812-SUP-002,SKU-045,63,1736.15,109377.45
PUR-20240812-SUP-002-I-457,PUR-20240812-SUP-002,SKU-047,32,1648.07,52738.24
PUR-20240812-SUP-002-I-458,PUR-20240812-SUP-002,SKU-049,41,1625.69,66653.29
PUR-20240819-SUP-002-I-459,PUR-20240819-SUP-002,SKU-001,88,301.14,26500.32
PUR-20240819-SUP-002-I-460,PUR-20240819-SUP-002,SKU-021,33,2222.72,73349.76
PUR-20240819-SUP-002-I-461,PUR-20240819-SUP-002,SKU-023,24,1137.85,27308.4
PUR-20240819-SUP-002-I-462,PUR-20240819-SUP-002,SKU-025,44,2609.55,114820.2
PUR-20240819-SUP-002-I-463,PUR-20240819-SUP-002,SKU-045,59,1671.41,98613.19
PUR-20240819-SUP-002-I-464,PUR-20240819-SUP-002,SKU-047,24,1669.07,40057.68
PUR-20240819-SUP-002-I-465,PUR-20240819-SUP-002,SKU-049,73,1680.05,122643.65
PUR-20240826-SUP-002-I-466,PUR-20240826-SUP-002,SKU-001,100,298.32,29832.0
PUR-20240826-SUP-002-I-467,PUR-20240826-SUP-002,SKU-021,33,2126.82,70185.06
PUR-20240826-SUP-002-I-468,PUR-20240826-SUP-002,SKU-023,44,1128.67,49661.48
PUR-20240826-SUP-002-I-469,PUR-20240826-SUP-002,SKU-025,50,2653.2,132660.0
PUR-20240826-SUP-002-I-470,PUR-20240826-SUP-002,SKU-045,56,1740.05,97442.8
PUR-20240826-SUP-002-I-471,PUR-20240826-SUP-002,SKU-047,29,1655.89,48020.81
PUR-20240826-SUP-002-I-472,PUR-20240826-SUP-002,SKU-049,53,1615.97,85646.41
PUR-20240902-SUP-002-I-473,PUR-20240902-SUP-002,SKU-001,87,304.93,26528.91
PUR-20240902-SUP-002-I-474,PUR-20240902-SUP-002,SKU-021,46,2209.92,101656.32
PUR-20240902-SUP-002-I-475,PUR-20240902-SUP-002,SKU-023,38,1090.89,41453.82
PUR-20240902-SUP-002-I-476,PUR-20240902-SUP-002,SKU-025,47,2646.83,124401.01
PUR-20240902-SUP-002-I-477,PUR-20240902-SUP-002,SKU-045,66,1673.36,110441.76
PUR-20240902-SUP-002-I-478,PUR-20240902-SUP-002,SKU-047,32,1652.27,52872.64
PUR-20240902-SUP-002-I-479,PUR-20240902-SUP-002,SKU-049,74,1662.78,123045.72
PUR-20240909-SUP-002-I-480,PUR-20240909-SUP-002,SKU-001,99,302.59,29956.41
PUR-20240909-SUP-002-I-481,PUR-20240909-SUP-002,SKU-021,48,2131.65,102319.2
PUR-20240909-SUP-002-I-482,PUR-20240909-SUP-002,SKU-023,40,1137.0,45480.0
PUR-20240909-SUP-002-I-483,PUR-20240909-SUP-002,SKU-025,33,2664.1,87915.3
PUR-20240909-SUP-002-I-484,PUR-20240909-SUP-002,SKU-045,67,1670.66,111934.22
PUR-20240909-SUP-002-I-485,PUR-20240909-SUP-002,SKU-047,31,1629.87,50525.97
PUR-20240909-SUP-002-I-486,PUR-20240909-SUP-002,SKU-049,80,1669.29,133543.2
PUR-20240916-SUP-002-I-487,PUR-20240916-SUP-002,SKU-001,80,294.23,23538.4
PUR-20240916-SUP-002-I-488,PUR-20240916-SUP-002,SKU-021,53,2211.67,117218.51
PUR-20240916-SUP-002-I-489,PUR-20240916-SUP-002,SKU-023,36,1130.63,40702.68
PUR-20240916-SUP-002-I-490,PUR-20240916-SUP-002,SKU-025,41,2629.06,107791.46
PUR-20240916-SUP-002-I-491,PUR-20240916-SUP-002,SKU-045,68,1730.88,117699.84
PUR-20240916-SUP-002-I-492,PUR-20240916-SUP-002,SKU-047,34,1662.76,56533.84
PUR-20240916-SUP-002-I-493,PUR-20240916-SUP-002,SKU-049,52,1642.16,85392.32
PUR-20240923-SUP-002-I-494,PUR-20240923-SUP-002,SKU-001,42,298.86,12552.12
PUR-20240923-SUP-002-I-495,PUR-20240923-SUP-002,SKU-021,40,2172.32,86892.8
PUR-20240923-SUP-002-I-496,PUR-20240923-SUP-002,SKU-023,35,1088.59,38100.65
PUR-20240923-SUP-002-I-497,PUR-20240923-SUP-002,SKU-025,61,2627.49,160276.89
PUR-20240923-SUP-002-I-498,PUR-20240923-SUP-002,SKU-045,58,1699.73,98584.34
PUR-20240923-SUP-002-I-499,PUR-20240923-SUP-002,SKU-047,42,1633.78,68618.76
PUR-20240923-SUP-002-I-500,PUR-20240923-SUP-002,SKU-049,53,1624.75,86111.75
PUR-20240930-SUP-002-I-501,PUR-20240930-SUP-002,SKU-001,100,291.11,29111.0
PUR-20240930-SUP-002-I-502,PUR-20240930-SUP-002,SKU-021,40,2206.5,88260.0
PUR-20240930-SUP-002-I-503,PUR-20240930-SUP-002,SKU-023,59,1120.3,66097.7
PUR-20240930-SUP-002-I-504,PUR-20240930-SUP-002,SKU-025,41,2563.83,105117.03
PUR-20240930-SUP-002-I-505,PUR-20240930-SUP-002,SKU-045,71,1676.91,119060.61
PUR-20240930-SUP-002-I-506,PUR-20240930-SUP-002,SKU-047,26,1675.66,43567.16
PUR-20240930-SUP-002-I-507,PUR-20240930-SUP-002,SKU-049,77,1618.18,124599.86
PUR-20241007-SUP-002-I-508,PUR-20241007-SUP-002,SKU-001,68,299.47,20363.96
PUR-20241007-SUP-002-I-509,PUR-20241007-SUP-002,SKU-021,55,2147.37,118105.35
PUR-20241007-SUP-002-I-510,PUR-20241007-SUP-002,SKU-023,47,1095.69,51497.43
PUR-20241007-SUP-002-I-511,PUR-20241007-SUP-002,SKU-025,56,2647.62,148266.72
PUR-20241007-SUP-002-I-512,PUR-20241007-SUP-002,SKU-045,96,1743.54,167379.84
PUR-20241007-SUP-002-I-513,PUR-20241007-SUP-002,SKU-047,47,1641.56,77153.32
PUR-20241007-SUP-002-I-514,PUR-20241007-SUP-002,SKU-049,87,1684.73,146571.51
PUR-20241014-SUP-002-I-515,PUR-20241014-SUP-002,SKU-001,100,304.69,30469.0
PUR-20241014-SUP-002-I-516,PUR-20241014-SUP-002,SKU-021,61,2219.03,135360.83
PUR-20241014-SUP-002-I-517,PUR-20241014-SUP-002,SKU-023,42,1090.23,45789.66
PUR-20241014-SUP-002-I-518,PUR-20241014-SUP-002,SKU-025,50,2664.41,133220.5
PUR-20241014-SUP-002-I-519,PUR-20241014-SUP-002,SKU-045,62,1684.59,104444.58
PUR-20241014-SUP-002-I-520,PUR-20241014-SUP-002,SKU-047,19,1627.09,30914.71
PUR-20241014-SUP-002-I-521,PUR-20241014-SUP-002,SKU-049,89,1650.5,146894.5
PUR-20241021-SUP-002-I-522,PUR-20241021-SUP-002,SKU-001,100,291.6,29160.0
PUR-20241021-SUP-002-I-523,PUR-20241021-SUP-002,SKU-021,62,2124.56,131722.72
PUR-20241021-SUP-002-I-524,PUR-20241021-SUP-002,SKU-023,43,1123.19,48297.17
PUR-20241021-SUP-002-I-525,PUR-20241021-SUP-002,SKU-025,36,2566.84,92406.24
PUR-20241021-SUP-002-I-526,PUR-20241021-SUP-002,SKU-045,60,1737.82,104269.2
PUR-20241021-SUP-002-I-527,PUR-20241021-SUP-002,SKU-047,39,1687.16,65799.24
PUR-20241021-SUP-002-I-528,PUR-20241021-SUP-002,SKU-049,49,1647.68,80736.32
PUR-20241028-SUP-002-I-529,PUR-20241028-SUP-002,SKU-001,100,304.46,30446.0
PUR-20241028-SUP-002-I-530,PUR-20241028-SUP-002,SKU-021,61,2224.17,135674.37
PUR-20241028-SUP-002-I-531,PUR-20241028-SUP-002,SKU-023,58,1110.3,64397.4
PUR-20241028-SUP-002-I-532,PUR-20241028-SUP-002,SKU-025,44,2541.22,111813.68
PUR-20241028-SUP-002-I-533,PUR-20241028-SUP-002,SKU-045,88,1676.86,147563.68
PUR-20241028-SUP-002-I-534,PUR-20241028-SUP-002,SKU-047,42,1634.54,68650.68
PUR-20241028-SUP-002-I-535,PUR-20241028-SUP-002,SKU-049,100,1609.11,160911.0
PUR-20241104-SUP-002-I-536,PUR-20241104-SUP-002,SKU-001,100,295.71,29571.0
PUR-20241104-SUP-002-I-537,PUR-20241104-SUP-002,SKU-021,72,2178.41,156845.52
PUR-20241104-SUP-002-I-538,PUR-20241104-SUP-002,SKU-023,63,1114.95,70241.85
PUR-20241104-SUP-002-I-539,PUR-20241104-SUP-002,SKU-025,68,2598.78,176717.04
PUR-20241104-SUP-002-I-540,PUR-20241104-SUP-002,SKU-045,89,1744.37,155248.93
PUR-20241104-SUP-002-I-541,PUR-20241104-SUP-002,SKU-047,37,1668.5,61734.5
PUR-20241104-SUP-002-I-542,PUR-20241104-SUP-002,SKU-049,83,1631.51,135415.33
PUR-20241111-SUP-002-I-543,PUR-20241111-SUP-002,SKU-001,100,296.92,29692.0
PUR-20241111-SUP-002-I-544,PUR-20241111-SUP-002,SKU-021,87,2145.65,186671.55
PUR-20241111-SUP-002-I-545,PUR-20241111-SUP-002,SKU-023,53,1098.38,58214.14
PUR-20241111-SUP-002-I-546,PUR-20241111-SUP-002,SKU-025,76,2574.86,195689.36
PUR-20241111-SUP-002-I-547,PUR-20241111-SUP-002,SKU-045,100,1665.67,166567.0
PUR-20241111-SUP-002-I-548,PUR-20241111-SUP-002,SKU-047,47,1658.14,77932.58
PUR-20241111-SUP-002-I-549,PUR-20241111-SUP-002,SKU-049,100,1625.5,162550.0
PUR-20241118-SUP-002-I-550,PUR-20241118-SUP-002,SKU-001,100,304.63,30463.0
PUR-20241118-SUP-002-I-551,PUR-20241118-SUP-002,SKU-021,67,2195.22,147079.74
PUR-20241118-SUP-002-I-552,PUR-20241118-SUP-002,SKU-023,38,1127.76,42854.88
PUR-20241118-SUP-002-I-553,PUR-20241118-SUP-002,SKU-025,68,2598.64,176707.52
PUR-20241118-SUP-002-I-554,PUR-20241118-SUP-002,SKU-045,97,1661.89,161203.33
PUR-20241118-SUP-002-I-555,PUR-20241118-SUP-002,SKU-047,38,1636.73,62195.74
PUR-20241118-SUP-002-I-556,PUR-20241118-SUP-002,SKU-049,100,1633.69,163369.0
PUR-20241125-SUP-002-I-557,PUR-20241125-SUP-002,SKU-001,100,297.13,29713.0
PUR-20241125-SUP-002-I-558,PUR-20241125-SUP-002,SKU-021,79,2156.98,170401.42
PUR-20241125-SUP-002-I-559,PUR-20241125-SUP-002,SKU-023,49,1130.35,55387.15
PUR-20241125-SUP-002-I-560,PUR-20241125-SUP-002,SKU-025,58,2581.68,149737.44
PUR-20241125-SUP-002-I-561,PUR-20241125-SUP-002,SKU-045,47,1668.38,78413.86
PUR-20241125-SUP-002-I-562,PUR-20241125-SUP-002,SKU-047,29,1648.02,47792.58
PUR-20241125-SUP-002-I-563,PUR-20241125-SUP-002,SKU-049,72,1621.01,116712.72
PUR-20241202-SUP-002-I-564,PUR-20241202-SUP-002,SKU-001,100,304.6,30460.0
PUR-20241202-SUP-002-I-565,PUR-20241202-SUP-002,SKU-021,79,2183.01,172457.79
PUR-20241202-SUP-002-I-566,PUR-20241202-SUP-002,SKU-023,77,1084.95,83541.15
PUR-20241202-SUP-002-I-567,PUR-20241202-SUP-002,SKU-025,68,2542.17,172867.56
PUR-20241202-SUP-002-I-568,PUR-20241202-SUP-002,SKU-045,100,1734.66,173466.0
PUR-20241202-SUP-002-I-569,PUR-20241202-SUP-002,SKU-047,47,1693.98,79617.06
PUR-20241202-SUP-002-I-570,PUR-20241202-SUP-002,SKU-049,71,1654.65,117480.15
PUR-20241209-SUP-002-I-571,PUR-20241209-SUP-002,SKU-001,100,296.3,29630.0
PUR-20241209-SUP-002-I-572,PUR-20241209-SUP-002,SKU-021,92,2220.66,204300.72
PUR-20241209-SUP-002-I-573,PUR-20241209-SUP-002,SKU-023,50,1098.21,54910.5
PUR-20241209-SUP-002-I-574,PUR-20241209-SUP-002,SKU-025,66,2609.36,172217.76
PUR-20241209-SUP-002-I-575,PUR-20241209-SUP-002,SKU-045,100,1667.84,166784.0
PUR-20241209-SUP-002-I-576,PUR-20241209-SUP-002,SKU-047,56,1695.12,94926.72
PUR-20241209-SUP-002-I-577,PUR-20241209-SUP-002,SKU-049,94,1689.1,158775.4
PUR-20241216-SUP-002-I-578,PUR-20241216-SUP-002,SKU-001,100,299.8,29980.0
PUR-20241216-SUP-002-I-579,PUR-20241216-SUP-002,SKU-021,100,2211.78,221178.0
PUR-20241216-SUP-002-I-580,PUR-20241216-SUP-002,SKU-023,44,1106.0,48664.0
PUR-20241216-SUP-002-I-581,PUR-20241216-SUP-002,SKU-025,74,2624.59,194219.66
PUR-20241216-SUP-002-I-582,PUR-20241216-SUP-002,SKU-045,100,1686.78,168678.0
PUR-20241216-SUP-002-I-583,PUR-20241216-SUP-002,SKU-047,34,1655.52,56287.68
PUR-20241216-SUP-002-I-584,PUR-20241216-SUP-002,SKU-049,100,1623.18,162318.0
PUR-20241223-SUP-002-I-585,PUR-20241223-SUP-002,SKU-001,85,299.81,25483.85
PUR-20241223-SUP-002-I-586,PUR-20241223-SUP-002,SKU-021,60,2132.61,127956.6
PUR-20241223-SUP-002-I-587,PUR-20241223-SUP-002,SKU-023,83,1136.7,94346.1
PUR-20241223-SUP-002-I-588,PUR-20241223-SUP-002,SKU-025,57,2541.05,144839.85
PUR-20241223-SUP-002-I-589,PUR-20241223-SUP-002,SKU-045,70,1670.62,116943.4
PUR-20241223-SUP-002-I-590,PUR-20241223-SUP-002,SKU-047,47,1643.96,77266.12
PUR-20241223-SUP-002-I-591,PUR-20241223-SUP-002,SKU-049,80,1619.78,129582.4
PUR-20241230-SUP-002-I-592,PUR-20241230-SUP-002,SKU-001,88,305.71,26902.48
PUR-20241230-SUP-002-I-593,PUR-20241230-SUP-002,SKU-021,66,2165.71,142936.86
PUR-20241230-SUP-002-I-594,PUR-20241230-SUP-002,SKU-023,53,1119.88,59353.64
PUR-20241230-SUP-002-I-595,PUR-20241230-SUP-002,SKU-025,64,2666.83,170677.12
PUR-20241230-SUP-002-I-596,PUR-20241230-SUP-002,SKU-045,91,1739.59,158302.69
PUR-20241230-SUP-002-I-597,PUR-20241230-SUP-002,SKU-047,45,1625.56,73150.2
PUR-20241230-SUP-002-I-598,PUR-20241230-SUP-002,SKU-049,94,1648.23,154933.62
PUR-20250106-SUP-002-I-599,PUR-20250106-SUP-002,SKU-001,100,291.36,29136.0
PUR-20250106-SUP-002-I-600,PUR-20250106-SUP-002,SKU-021,51,2148.27,109561.77
PUR-20250106-SUP-002-I-601,PUR-20250106-SUP-002,SKU-023,75,1117.38,83803.5
PUR-20250106-SUP-002-I-602,PUR-20250106-SUP-002,SKU-025,44,2554.97,112418.68
PUR-20250106-SUP-002-I-603,PUR-20250106-SUP-002,SKU-045,100,1727.61,172761.0
PUR-20250106-SUP-002-I-604,PUR-20250106-SUP-002,SKU-047,47,1684.35,79164.45
PUR-20250106-SUP-002-I-605,PUR-20250106-SUP-002,SKU-049,100,1627.75,162775.0
PUR-20250113-SUP-002-I-606,PUR-20250113-SUP-002,SKU-001,100,294.98,29498.0
PUR-20250113-SUP-002-I-607,PUR-20250113-SUP-002,SKU-021,67,2207.78,147921.26
PUR-20250113-SUP-002-I-608,PUR-20250113-SUP-002,SKU-023,46,1118.4,51446.4
PUR-20250113-SUP-002-I-609,PUR-20250113-SUP-002,SKU-025,57,2601.87,148306.59
PUR-20250113-SUP-002-I-610,PUR-20250113-SUP-002,SKU-045,100,1681.16,168116.0
PUR-20250113-SUP-002-I-611,PUR-20250113-SUP-002,SKU-047,32,1624.13,51972.16
PUR-20250113-SUP-002-I-612,PUR-20250113-SUP-002,SKU-049,72,1680.35,120985.2
PUR-20250120-SUP-002-I-613,PUR-20250120-SUP-002,SKU-001,100,305.76,30576.0
PUR-20250120-SUP-002-I-614,PUR-20250120-SUP-002,SKU-021,80,2130.48,170438.4
PUR-20250120-SUP-002-I-615,PUR-20250120-SUP-002,SKU-023,49,1134.34,55582.66
PUR-20250120-SUP-002-I-616,PUR-20250120-SUP-002,SKU-025,49,2594.85,127147.65
PUR-20250120-SUP-002-I-617,PUR-20250120-SUP-002,SKU-045,69,1723.84,118944.96
PUR-20250120-SUP-002-I-618,PUR-20250120-SUP-002,SKU-047,36,1678.99,60443.64
PUR-20250120-SUP-002-I-619,PUR-20250120-SUP-002,SKU-049,62,1650.94,102358.28
PUR-20250127-SUP-002-I-620,PUR-20250127-SUP-002,SKU-001,100,291.93,29193.0
PUR-20250127-SUP-002-I-621,PUR-20250127-SUP-002,SKU-021,35,2167.31,75855.85
PUR-20250127-SUP-002-I-622,PUR-20250127-SUP-002,SKU-023,41,1085.5,44505.5
PUR-20250127-SUP-002-I-623,PUR-20250127-SUP-002,SKU-025,49,2607.67,127775.83
PUR-20250127-SUP-002-I-624,PUR-20250127-SUP-002,SKU-045,80,1707.78,136622.4
PUR-20250127-SUP-002-I-625,PUR-20250127-SUP-002,SKU-047,44,1658.8,72987.2
PUR-20250127-SUP-002-I-626,PUR-20250127-SUP-002,SKU-049,62,1641.47,101771.14
PUR-20250203-SUP-002-I-627,PUR-20250203-SUP-002,SKU-001,91,295.08,26852.28
PUR-20250203-SUP-002-I-628,PUR-20250203-SUP-002,SKU-021,46,2184.17,100471.82
PUR-20250203-SUP-002-I-629,PUR-20250203-SUP-002,SKU-023,49,1118.09,54786.41
PUR-20250203-SUP-002-I-630,PUR-20250203-SUP-002,SKU-025,57,2642.76,150637.32
PUR-20250203-SUP-002-I-631,PUR-20250203-SUP-002,SKU-045,91,1735.43,157924.13
PUR-20250203-SUP-002-I-632,PUR-20250203-SUP-002,SKU-047,26,1682.78,43752.28
PUR-20250203-SUP-002-I-633,PUR-20250203-SUP-002,SKU-049,56,1690.33,94658.48
PUR-20250210-SUP-002-I-634,PUR-20250210-SUP-002,SKU-001,100,302.85,30285.0
PUR-20250210-SUP-002-I-635,PUR-20250210-SUP-002,SKU-021,65,2226.04,144692.6
PUR-20250210-SUP-002-I-636,PUR-20250210-SUP-002,SKU-023,51,1128.56,57556.56
PUR-20250210-SUP-002-I-637,PUR-20250210-SUP-002,SKU-025,29,2551.66,73998.14
PUR-20250210-SUP-002-I-638,PUR-20250210-SUP-002,SKU-045,59,1669.2,98482.8
PUR-20250210-SUP-002-I-639,PUR-20250210-SUP-002,SKU-047,33,1627.19,53697.27
PUR-20250210-SUP-002-I-640,PUR-20250210-SUP-002,SKU-049,66,1616.14,106665.24
PUR-20250217-SUP-002-I-641,PUR-20250217-SUP-002,SKU-001,81,300.4,24332.4
PUR-20250217-SUP-002-I-642,PUR-20250217-SUP-002,SKU-021,61,2203.59,134418.99
PUR-20250217-SUP-002-I-643,PUR-20250217-SUP-002,SKU-023,52,1093.88,56881.76
PUR-20250217-SUP-002-I-644,PUR-20250217-SUP-002,SKU-025,44,2665.51,117282.44
PUR-20250217-SUP-002-I-645,PUR-20250217-SUP-002,SKU-045,91,1663.97,151421.27
PUR-20250217-SUP-002-I-646,PUR-20250217-SUP-002,SKU-047,38,1650.68,62725.84
PUR-20250217-SUP-002-I-647,PUR-20250217-SUP-002,SKU-049,61,1612.78,98379.58
PUR-20250224-SUP-002-I-648,PUR-20250224-SUP-002,SKU-001,90,303.15,27283.5
PUR-20250224-SUP-002-I-649,PUR-20250224-SUP-002,SKU-021,36,2161.47,77812.92
PUR-20250224-SUP-002-I-650,PUR-20250224-SUP-002,SKU-023,72,1118.75,80550.0
PUR-20250224-SUP-002-I-651,PUR-20250224-SUP-002,SKU-025,43,2639.19,113485.17
PUR-20250224-SUP-002-I-652,PUR-20250224-SUP-002,SKU-045,80,1674.45,133956.0
PUR-20250224-SUP-002-I-653,PUR-20250224-SUP-002,SKU-047,39,1686.94,65790.66
PUR-20250224-SUP-002-I-654,PUR-20250224-SUP-002,SKU-049,94,1689.75,158836.5
PUR-20250303-SUP-002-I-655,PUR-20250303-SUP-002,SKU-001,100,300.17,30017.0
PUR-20250303-SUP-002-I-656,PUR-20250303-SUP-002,SKU-021,52,2128.45,110679.4
PUR-20250303-SUP-002-I-657,PUR-20250303-SUP-002,SKU-023,59,1136.87,67075.33
PUR-20250303-SUP-002-I-658,PUR-20250303-SUP-002,SKU-025,69,2574.05,177609.45
PUR-20250303-SUP-002-I-659,PUR-20250303-SUP-002,SKU-045,100,1684.47,168447.0
PUR-20250303-SUP-002-I-660,PUR-20250303-SUP-002,SKU-047,38,1678.45,63781.1
PUR-20250303-SUP-002-I-661,PUR-20250303-SUP-002,SKU-049,100,1684.61,168461.0
PUR-20250310-SUP-002-I-662,PUR-20250310-SUP-002,SKU-001,100,296.52,29652.0
PUR-20250310-SUP-002-I-663,PUR-20250310-SUP-002,SKU-021,62,2154.98,133608.76
PUR-20250310-SUP-002-I-664,PUR-20250310-SUP-002,SKU-023,46,1118.42,51447.32
PUR-20250310-SUP-002-I-665,PUR-20250310-SUP-002,SKU-025,48,2555.21,122650.08
PUR-20250310-SUP-002-I-666,PUR-20250310-SUP-002,SKU-045,69,1741.26,120146.94
PUR-20250310-SUP-002-I-667,PUR-20250310-SUP-002,SKU-047,17,1668.77,28369.09
PUR-20250310-SUP-002-I-668,PUR-20250310-SUP-002,SKU-049,94,1624.58,152710.52
PUR-20250317-SUP-002-I-669,PUR-20250317-SUP-002,SKU-001,100,304.12,30412.0
PUR-20250317-SUP-002-I-670,PUR-20250317-SUP-002,SKU-021,76,2160.63,164207.88
PUR-20250317-SUP-002-I-671,PUR-20250317-SUP-002,SKU-023,66,1125.52,74284.32
PUR-20250317-SUP-002-I-672,PUR-20250317-SUP-002,SKU-025,58,2600.09,150805.22
PUR-20250317-SUP-002-I-673,PUR-20250317-SUP-002,SKU-045,100,1671.31,167131.0
PUR-20250317-SUP-002-I-674,PUR-20250317-SUP-002,SKU-047,32,1685.13,53924.16
PUR-20250317-SUP-002-I-675,PUR-20250317-SUP-002,SKU-049,100,1644.67,164467.0
PUR-20250324-SUP-002-I-676,PUR-20250324-SUP-002,SKU-001,100,294.87,29487.0
PUR-20250324-SUP-002-I-677,PUR-20250324-SUP-002,SKU-021,24,2146.46,51515.04
PUR-20250324-SUP-002-I-678,PUR-20250324-SUP-002,SKU-023,68,1098.55,74701.4
PUR-20250324-SUP-002-I-679,PUR-20250324-SUP-002,SKU-025,55,2588.32,142357.6
PUR-20250324-SUP-002-I-680,PUR-20250324-SUP-002,SKU-045,85,1704.25,144861.25
PUR-20250324-SUP-002-I-681,PUR-20250324-SUP-002,SKU-047,42,1650.42,69317.64
PUR-20250324-SUP-002-I-682,PUR-20250324-SUP-002,SKU-049,80,1623.34,129867.2
PUR-20250331-SUP-002-I-683,PUR-20250331-SUP-002,SKU-001,18,301.1,5419.8
PUR-20250331-SUP-002-I-684,PUR-20250331-SUP-002,SKU-021,12,2184.85,26218.2
PUR-20250331-SUP-002-I-685,PUR-20250331-SUP-002,SKU-023,9,1118.35,10065.15
PUR-20250331-SUP-002-I-686,PUR-20250331-SUP-002,SKU-025,9,2649.87,23848.83
PUR-20250331-SUP-002-I-687,PUR-20250331-SUP-002,SKU-045,5,1663.83,8319.15
PUR-20250331-SUP-002-I-688,PUR-20250331-SUP-002,SKU-047,9,1662.89,14966.01
PUR-20250331-SUP-002-I-689,PUR-20250331-SUP-002,SKU-049,5,1681.7,8408.5
PUR-20240401-SUP-003-I-690,PUR-20240401-SUP-003,SKU-002,53,365.89,19392.17
PUR-20240401-SUP-003-I-691,PUR-20240401-SUP-003,SKU-004,45,623.13,28040.85
PUR-20240401-SUP-003-I-692,PUR-20240401-SUP-003,SKU-024,59,975.3,57542.7
PUR-20240401-SUP-003-I-693,PUR-20240401-SUP-003,SKU-026,73,2606.11,190246.03
PUR-20240401-SUP-003-I-694,PUR-20240401-SUP-003,SKU-028,72,2082.03,149906.16
PUR-20240401-SUP-003-I-695,PUR-20240401-SUP-003,SKU-048,36,1523.43,54843.48
PUR-20240401-SUP-003-I-696,PUR-20240401-SUP-003,SKU-050,34,1397.94,47529.96
PUR-20240401-SUP-003-I-697,PUR-20240401-SUP-003,SKU-052,31,245.48,7609.88
PUR-20240408-SUP-003-I-698,PUR-20240408-SUP-003,SKU-002,63,360.54,22714.02
PUR-20240408-SUP-003-I-699,PUR-20240408-SUP-003,SKU-004,44,616.46,27124.24
PUR-20240408-SUP-003-I-700,PUR-20240408-SUP-003,SKU-024,43,973.7,41869.1
PUR-20240408-SUP-003-I-701,PUR-20240408-SUP-003,SKU-026,74,2505.36,185396.64
PUR-20240408-SUP-003-I-702,PUR-20240408-SUP-003,SKU-028,74,2092.64,154855.36
PUR-20240408-SUP-003-I-703,PUR-20240408-SUP-003,SKU-048,41,1558.96,63917.36
PUR-20240408-SUP-003-I-704,PUR-20240408-SUP-003,SKU-050,41,1367.26,56057.66
PUR-20240408-SUP-003-I-705,PUR-20240408-SUP-003,SKU-052,41,254.55,10436.55
PUR-20240415-SUP-003-I-706,PUR-20240415-SUP-003,SKU-002,43,362.25,15576.75
PUR-20240415-SUP-003-I-707,PUR-20240415-SUP-003,SKU-004,47,618.57,29072.79
PUR-20240415-SUP-003-I-708,PUR-20240415-SUP-003,SKU-024,100,949.71,94971.0
PUR-20240415-SUP-003-I-709,PUR-20240415-SUP-003,SKU-026,51,2608.7,133043.7
PUR-20240415-SUP-003-I-710,PUR-20240415-SUP-003,SKU-028,66,2026.6,133755.6
PUR-20240415-SUP-003-I-711,PUR-20240415-SUP-003,SKU-048,38,1533.5,58273.0
PUR-20240415-SUP-003-I-712,PUR-20240415-SUP-003,SKU-050,43,1385.24,59565.32
PUR-20240415-SUP-003-I-713,PUR-20240415-SUP-003,SKU-052,38,245.85,9342.3
PUR-20240422-SUP-003-I-714,PUR-20240422-SUP-003,SKU-002,44,368.78,16226.32
PUR-20240422-SUP-003-I-715,PUR-20240422-SUP-003,SKU-004,27,627.3,16937.1
PUR-20240422-SUP-003-I-716,PUR-20240422-SUP-003,SKU-024,36,944.63,34006.68
PUR-20240422-SUP-003-I-717,PUR-20240422-SUP-003,SKU-026,49,2491.7,122093.3
PUR-20240422-SUP-003-I-718,PUR-20240422-SUP-003,SKU-028,49,2056.31,100759.19
PUR-20240422-SUP-003-I-719,PUR-20240422-SUP-003,SKU-048,40,1548.51,61940.4
PUR-20240422-SUP-003-I-720,PUR-20240422-SUP-003,SKU-050,39,1406.57,54856.23
PUR-20240422-SUP-003-I-721,PUR-20240422-SUP-003,SKU-052,32,250.2,8006.4
PUR-20240429-SUP-003-I-722,PUR-20240429-SUP-003,SKU-002,45,371.45,16715.25
PUR-20240429-SUP-003-I-723,PUR-20240429-SUP-003,SKU-004,40,629.73,25189.2
PUR-20240429-SUP-003-I-724,PUR-20240429-SUP-003,SKU-024,91,966.43,87945.13
PUR-20240429-SUP-003-I-725,PUR-20240429-SUP-003,SKU-026,66,2491.32,164427.12
PUR-20240429-SUP-003-I-726,PUR-20240429-SUP-003,SKU-028,60,2070.46,124227.6
PUR-20240429-SUP-003-I-727,PUR-20240429-SUP-003,SKU-048,56,1570.7,87959.2
PUR-20240429-SUP-003-I-728,PUR-20240429-SUP-003,SKU-050,36,1344.35,48396.6
PUR-20240429-SUP-003-I-729,PUR-20240429-SUP-003,SKU-052,37,245.22,9073.14
PUR-20240506-SUP-003-I-730,PUR-20240506-SUP-003,SKU-002,43,364.72,15682.96
PUR-20240506-SUP-003-I-731,PUR-20240506-SUP-003,SKU-004,74,603.93,44690.82
PUR-20240506-SUP-003-I-732,PUR-20240506-SUP-003,SKU-024,100,974.41,97441.0
PUR-20240506-SUP-003-I-733,PUR-20240506-SUP-003,SKU-026,80,2518.3,201464.0
PUR-20240506-SUP-003-I-734,PUR-20240506-SUP-003,SKU-028,57,2061.01,117477.57
PUR-20240506-SUP-003-I-735,PUR-20240506-SUP-003,SKU-048,57,1509.98,86068.86
PUR-20240506-SUP-003-I-736,PUR-20240506-SUP-003,SKU-050,42,1396.94,58671.48
PUR-20240506-SUP-003-I-737,PUR-20240506-SUP-003,SKU-052,41,244.18,10011.38
PUR-20240513-SUP-003-I-738,PUR-20240513-SUP-003,SKU-002,82,363.84,29834.88
PUR-20240513-SUP-003-I-739,PUR-20240513-SUP-003,SKU-004,65,619.3,40254.5
PUR-20240513-SUP-003-I-740,PUR-20240513-SUP-003,SKU-024,84,952.7,80026.8
PUR-20240513-SUP-003-I-741,PUR-20240513-SUP-003,SKU-026,58,2537.23,147159.34
PUR-20240513-SUP-003-I-742,PUR-20240513-SUP-003,SKU-028,81,2027.3,164211.3
PUR-20240513-SUP-003-I-743,PUR-20240513-SUP-003,SKU-048,76,1578.35,119954.6
PUR-20240513-SUP-003-I-744,PUR-20240513-SUP-003,SKU-050,35,1411.47,49401.45
PUR-20240513-SUP-003-I-745,PUR-20240513-SUP-003,SKU-052,37,250.44,9266.28
PUR-20240520-SUP-003-I-746,PUR-20240520-SUP-003,SKU-002,53,358.64,19007.92
PUR-20240520-SUP-003-I-747,PUR-20240520-SUP-003,SKU-004,57,612.16,34893.12
PUR-20240520-SUP-003-I-748,PUR-20240520-SUP-003,SKU-024,93,972.99,90488.07
PUR-20240520-SUP-003-I-749,PUR-20240520-SUP-003,SKU-026,46,2545.19,117078.74
PUR-20240520-SUP-003-I-750,PUR-20240520-SUP-003,SKU-028,91,2038.49,185502.59
PUR-20240520-SUP-003-I-751,PUR-20240520-SUP-003,SKU-048,61,1563.4,95367.4
PUR-20240520-SUP-003-I-752,PUR-20240520-SUP-003,SKU-050,42,1382.92,58082.64
PUR-20240520-SUP-003-I-753,PUR-20240520-SUP-003,SKU-052,39,254.14,9911.46
PUR-20240527-SUP-003-I-754,PUR-20240527-SUP-003,SKU-002,42,360.03,15121.26
PUR-20240527-SUP-003-I-755,PUR-20240527-SUP-003,SKU-004,34,619.31,21056.54
PUR-20240527-SUP-003-I-756,PUR-20240527-SUP-003,SKU-024,66,978.25,64564.5
PUR-20240527-SUP-003-I-757,PUR-20240527-SUP-003,SKU-026,48,2555.43,122660.64
PUR-20240527-SUP-003-I-758,PUR-20240527-SUP-003,SKU-028,82,2011.77,164965.14
PUR-20240527-SUP-003-I-759,PUR-20240527-SUP-003,SKU-048,68,1567.75,106607.0
PUR-20240527-SUP-003-I-760,PUR-20240527-SUP-003,SKU-050,29,1356.62,39341.98
PUR-20240527-SUP-003-I-761,PUR-20240527-SUP-003,SKU-052,35,245.42,8589.7
PUR-20240603-SUP-003-I-762,PUR-20240603-SUP-003,SKU-002,38,365.7,13896.6
PUR-20240603-SUP-003-I-763,PUR-20240603-SUP-003,SKU-004,42,613.19,25753.98
PUR-20240603-SUP-003-I-764,PUR-20240603-SUP-003,SKU-024,64,950.2,60812.8
PUR-20240603-SUP-003-I-765,PUR-20240603-SUP-003,SKU-026,49,2578.97,126369.53
PUR-20240603-SUP-003-I-766,PUR-20240603-SUP-003,SKU-028,65,2049.41,133211.65
PUR-20240603-SUP-003-I-767,PUR-20240603-SUP-003,SKU-048,70,1540.67,107846.9
PUR-20240603-SUP-003-I-768,PUR-20240603-SUP-003,SKU-050,45,1359.72,61187.4
PUR-20240603-SUP-003-I-769,PUR-20240603-SUP-003,SKU-052,34,246.4,8377.6
PUR-20240610-SUP-003-I-770,PUR-20240610-SUP-003,SKU-002,41,369.89,15165.49
PUR-20240610-SUP-003-I-771,PUR-20240610-SUP-003,SKU-004,72,605.8,43617.6
PUR-20240610-SUP-003-I-772,PUR-20240610-SUP-003,SKU-024,49,966.59,47362.91
PUR-20240610-SUP-003-I-773,PUR-20240610-SUP-003,SKU-026,51,2564.4,130784.4
PUR-20240610-SUP-003-I-774,PUR-20240610-SUP-003,SKU-028,63,2037.94,128390.22
PUR-20240610-SUP-003-I-775,PUR-20240610-SUP-003,SKU-048,63,1509.87,95121.81
PUR-20240610-SUP-003-I-776,PUR-20240610-SUP-003,SKU-050,31,1397.37,43318.47
PUR-20240610-SUP-003-I-777,PUR-20240610-SUP-003,SKU-052,33,254.5,8398.5
PUR-20240617-SUP-003-I-778,PUR-20240617-SUP-003,SKU-002,52,369.78,19228.56
PUR-20240617-SUP-003-I-779,PUR-20240617-SUP-003,SKU-004,54,604.96,32667.84
PUR-20240617-SUP-003-I-780,PUR-20240617-SUP-003,SKU-024,77,959.36,73870.72
PUR-20240617-SUP-003-I-781,PUR-20240617-SUP-003,SKU-026,66,2512.22,165806.52
PUR-20240617-SUP-003-I-782,PUR-20240617-SUP-003,SKU-028,59,2088.97,123249.23
PUR-20240617-SUP-003-I-783,PUR-20240617-SUP-003,SKU-048,37,1546.81,57231.97
PUR-20240617-SUP-003-I-784,PUR-20240617-SUP-003,SKU-050,28,1399.06,39173.68
PUR-20240617-SUP-003-I-785,PUR-20240617-SUP-003,SKU-052,36,251.68,9060.48
PUR-20240624-SUP-003-I-786,PUR-20240624-SUP-003,SKU-002,50,368.63,18431.5
PUR-20240624-SUP-003-I-787,PUR-20240624-SUP-003,SKU-004,57,614.08,35002.56
PUR-20240624-SUP-003-I-788,PUR-20240624-SUP-003,SKU-024,97,981.24,95180.28
PUR-20240624-SUP-003-I-789,PUR-20240624-SUP-003,SKU-026,47,2579.77,121249.19
PUR-20240624-SUP-003-I-790,PUR-20240624-SUP-003,SKU-028,65,2062.98,134093.7
PUR-20240624-SUP-003-I-791,PUR-20240624-SUP-003,SKU-048,66,1517.8,100174.8
PUR-20240624-SUP-003-I-792,PUR-20240624-SUP-003,SKU-050,32,1394.71,44630.72
PUR-20240624-SUP-003-I-793,PUR-20240624-SUP-003,SKU-052,34,255.08,8672.72
PUR-20240701-SUP-003-I-794,PUR-20240701-SUP-003,SKU-002,34,356.5,12121.0
PUR-20240701-SUP-003-I-795,PUR-20240701-SUP-003,SKU-004,71,629.25,44676.75
PUR-20240701-SUP-003-I-796,PUR-20240701-SUP-003,SKU-024,83,941.75,78165.25
PUR-20240701-SUP-003-I-797,PUR-20240701-SUP-003,SKU-026,39,2525.5,98494.5
PUR-20240701-SUP-003-I-798,PUR-20240701-SUP-003,SKU-028,70,2011.03,140772.1
PUR-20240701-SUP-003-I-799,PUR-20240701-SUP-003,SKU-048,65,1515.63,98515.95
PUR-20240701-SUP-003-I-800,PUR-20240701-SUP-003,SKU-050,44,1361.45,59903.8
PUR-20240701-SUP-003-I-801,PUR-20240701-SUP-003,SKU-052,31,250.61,7768.91
PUR-20240708-SUP-003-I-802,PUR-20240708-SUP-003,SKU-002,47,371.43,17457.21
PUR-20240708-SUP-003-I-803,PUR-20240708-SUP-003,SKU-004,40,615.58,24623.2
PUR-20240708-SUP-003-I-804,PUR-20240708-SUP-003,SKU-024,82,976.84,80100.88
PUR-20240708-SUP-003-I-805,PUR-20240708-SUP-003,SKU-026,57,2594.37,147879.09
PUR-20240708-SUP-003-I-806,PUR-20240708-SUP-003,SKU-028,68,2086.0,141848.0
PUR-20240708-SUP-003-I-807,PUR-20240708-SUP-003,SKU-048,58,1559.59,90456.22
PUR-20240708-SUP-003-I-808,PUR-20240708-SUP-003,SKU-050,28,1344.83,37655.24
PUR-20240708-SUP-003-I-809,PUR-20240708-SUP-003,SKU-052,39,252.57,9850.23
PUR-20240715-SUP-003-I-810,PUR-20240715-SUP-003,SKU-002,36,360.09,12963.24
PUR-20240715-SUP-003-I-811,PUR-20240715-SUP-003,SKU-004,49,621.45,30451.05
PUR-20240715-SUP-003-I-812,PUR-20240715-SUP-003,SKU-024,65,974.52,63343.8
PUR-20240715-SUP-003-I-813,PUR-20240715-SUP-003,SKU-026,47,2494.58,117245.26
PUR-20240715-SUP-003-I-814,PUR-20240715-SUP-003,SKU-028,55,2078.98,114343.9
PUR-20240715-SUP-003-I-815,PUR-20240715-SUP-003,SKU-048,51,1512.55,77140.05
PUR-20240715-SUP-003-I-816,PUR-20240715-SUP-003,SKU-050,23,1345.46,30945.58
PUR-20240715-SUP-003-I-817,PUR-20240715-SUP-003,SKU-052,34,249.0,8466.0
PUR-20240722-SUP-003-I-818,PUR-20240722-SUP-003,SKU-002,47,355.79,16722.13
PUR-20240722-SUP-003-I-819,PUR-20240722-SUP-003,SKU-004,60,624.55,37473.0
PUR-20240722-SUP-003-I-820,PUR-20240722-SUP-003,SKU-024,90,974.83,87734.7
PUR-20240722-SUP-003-I-821,PUR-20240722-SUP-003,SKU-026,48,2504.9,120235.2
PUR-20240722-SUP-003-I-822,PUR-20240722-SUP-003,SKU-028,93,2064.98,192043.14
PUR-20240722-SUP-003-I-823,PUR-20240722-SUP-003,SKU-048,34,1552.3,52778.2
PUR-20240722-SUP-003-I-824,PUR-20240722-SUP-003,SKU-050,48,1394.67,66944.16
PUR-20240722-SUP-003-I-825,PUR-20240722-SUP-003,SKU-052,34,251.52,8551.68
PUR-20240729-SUP-003-I-826,PUR-20240729-SUP-003,SKU-002,52,371.22,19303.44
PUR-20240729-SUP-003-I-827,PUR-20240729-SUP-003,SKU-004,50,619.51,30975.5
PUR-20240729-SUP-003-I-828,PUR-20240729-SUP-003,SKU-024,100,971.59,97159.0
PUR-20240729-SUP-003-I-829,PUR-20240729-SUP-003,SKU-026,39,2560.12,99844.68
PUR-20240729-SUP-003-I-830,PUR-20240729-SUP-003,SKU-028,100,1996.74,199674.0
PUR-20240729-SUP-003-I-831,PUR-20240729-SUP-003,SKU-048,66,1546.87,102093.42
PUR-20240729-SUP-003-I-832,PUR-20240729-SUP-003,SKU-050,29,1374.89,39871.81
PUR-20240729-SUP-003-I-833,PUR-20240729-SUP-003,SKU-052,34,246.17,8369.78
PUR-20240805-SUP-003-I-834,PUR-20240805-SUP-003,SKU-002,79,363.58,28722.82
PUR-20240805-SUP-003-I-835,PUR-20240805-SUP-003,SKU-004,52,631.93,32860.36
PUR-20240805-SUP-003-I-836,PUR-20240805-SUP-003,SKU-024,87,986.26,85804.62
PUR-20240805-SUP-003-I-837,PUR-20240805-SUP-003,SKU-026,79,2580.28,203842.12
PUR-20240805-SUP-003-I-838,PUR-20240805-SUP-003,SKU-028,91,2007.69,182699.79
PUR-20240805-SUP-003-I-839,PUR-20240805-SUP-003,SKU-048,34,1538.19,52298.46
PUR-20240805-SUP-003-I-840,PUR-20240805-SUP-003,SKU-050,49,1383.2,67776.8
PUR-20240805-SUP-003-I-841,PUR-20240805-SUP-003,SKU-052,39,244.96,9553.44
PUR-20240812-SUP-003-I-842,PUR-20240812-SUP-003,SKU-002,46,359.06,16516.76
PUR-20240812-SUP-003-I-843,PUR-20240812-SUP-003,SKU-004,71,625.42,44404.82
PUR-20240812-SUP-003-I-844,PUR-20240812-SUP-003,SKU-024,63,980.83,61792.29
PUR-20240812-SUP-003-I-845,PUR-20240812-SUP-003,SKU-026,52,2490.13,129486.76
PUR-20240812-SUP-003-I-846,PUR-20240812-SUP-003,SKU-028,68,2065.27,140438.36
PUR-20240812-SUP-003-I-847,PUR-20240812-SUP-003,SKU-048,55,1576.16,86688.8
PUR-20240812-SUP-003-I-848,PUR-20240812-SUP-003,SKU-050,35,1409.4,49329.0
PUR-20240812-SUP-003-I-849,PUR-20240812-SUP-003,SKU-052,35,254.07,8892.45
PUR-20240819-SUP-003-I-850,PUR-20240819-SUP-003,SKU-002,63,371.56,23408.28
PUR-20240819-SUP-003-I-851,PUR-20240819-SUP-003,SKU-004,53,623.5,33045.5
PUR-20240819-SUP-003-I-852,PUR-20240819-SUP-003,SKU-024,64,968.46,61981.44
PUR-20240819-SUP-003-I-853,PUR-20240819-SUP-003,SKU-026,47,2547.51,119732.97
PUR-20240819-SUP-003-I-854,PUR-20240819-SUP-003,SKU-028,100,2012.96,201296.0
PUR-20240819-SUP-003-I-855,PUR-20240819-SUP-003,SKU-048,48,1533.91,73627.68
PUR-20240819-SUP-003-I-856,PUR-20240819-SUP-003,SKU-050,31,1391.24,43128.44
PUR-20240819-SUP-003-I-857,PUR-20240819-SUP-003,SKU-052,40,254.11,10164.4
PUR-20240826-SUP-003-I-858,PUR-20240826-SUP-003,SKU-002,57,369.2,21044.4
PUR-20240826-SUP-003-I-859,PUR-20240826-SUP-003,SKU-004,64,611.2,39116.8
PUR-20240826-SUP-003-I-860,PUR-20240826-SUP-003,SKU-024,84,957.98,80470.32
PUR-20240826-SUP-003-I-861,PUR-20240826-SUP-003,SKU-026,65,2508.62,163060.3
PUR-20240826-SUP-003-I-862,PUR-20240826-SUP-003,SKU-028,79,2066.45,163249.55
PUR-20240826-SUP-003-I-863,PUR-20240826-SUP-003,SKU-048,54,1531.46,82698.84
PUR-20240826-SUP-003-I-864,PUR-20240826-SUP-003,SKU-050,37,1385.32,51256.84
PUR-20240826-SUP-003-I-865,PUR-20240826-SUP-003,SKU-052,38,245.95,9346.1
PUR-20240902-SUP-003-I-866,PUR-20240902-SUP-003,SKU-002,50,365.89,18294.5
PUR-20240902-SUP-003-I-867,PUR-20240902-SUP-003,SKU-004,63,626.75,39485.25
PUR-20240902-SUP-003-I-868,PUR-20240902-SUP-003,SKU-024,94,986.34,92715.96
PUR-20240902-SUP-003-I-869,PUR-20240902-SUP-003,SKU-026,42,2523.06,105968.52
PUR-20240902-SUP-003-I-870,PUR-20240902-SUP-003,SKU-028,88,2087.09,183663.92
PUR-20240902-SUP-003-I-871,PUR-20240902-SUP-003,SKU-048,73,1563.21,114114.33
PUR-20240902-SUP-003-I-872,PUR-20240902-SUP-003,SKU-050,41,1386.59,56850.19
PUR-20240902-SUP-003-I-873,PUR-20240902-SUP-003,SKU-052,41,249.55,10231.55
PUR-20240909-SUP-003-I-874,PUR-20240909-SUP-003,SKU-002,72,371.26,26730.72
PUR-20240909-SUP-003-I-875,PUR-20240909-SUP-003,SKU-004,72,603.8,43473.6
PUR-20240909-SUP-003-I-876,PUR-20240909-SUP-003,SKU-024,79,980.78,77481.62
PUR-20240909-SUP-003-I-877,PUR-20240909-SUP-003,SKU-026,64,2601.39,166488.96
PUR-20240909-SUP-003-I-878,PUR-20240909-SUP-003,SKU-028,100,2056.81,205681.0
PUR-20240909-SUP-003-I-879,PUR-20240909-SUP-003,SKU-048,68,1544.75,105043.0
PUR-20240909-SUP-003-I-880,PUR-20240909-SUP-003,SKU-050,30,1378.7,41361.0
PUR-20240909-SUP-003-I-881,PUR-20240909-SUP-003,SKU-052,44,249.03,10957.32
PUR-20240916-SUP-003-I-882,PUR-20240916-SUP-003,SKU-002,44,370.88,16318.72
PUR-20240916-SUP-003-I-883,PUR-20240916-SUP-003,SKU-004,65,611.94,39776.1
PUR-20240916-SUP-003-I-884,PUR-20240916-SUP-003,SKU-024,77,944.23,72705.71
PUR-20240916-SUP-003-I-885,PUR-20240916-SUP-003,SKU-026,70,2575.68,180297.6
PUR-20240916-SUP-003-I-886,PUR-20240916-SUP-003,SKU-028,74,2062.5,152625.0
PUR-20240916-SUP-003-I-887,PUR-20240916-SUP-003,SKU-048,75,1560.32,117024.0
PUR-20240916-SUP-003-I-888,PUR-20240916-SUP-003,SKU-050,43,1387.95,59681.85
PUR-20240916-SUP-003-I-889,PUR-20240916-SUP-003,SKU-052,56,251.15,14064.4
PUR-20240923-SUP-003-I-890,PUR-20240923-SUP-003,SKU-002,63,368.31,23203.53
PUR-20240923-SUP-003-I-891,PUR-20240923-SUP-003,SKU-004,69,624.57,43095.33
PUR-20240923-SUP-003-I-892,PUR-20240923-SUP-003,SKU-024,88,981.17,86342.96
PUR-20240923-SUP-003-I-893,PUR-20240923-SUP-003,SKU-026,65,2501.86,162620.9
PUR-20240923-SUP-003-I-894,PUR-20240923-SUP-003,SKU-028,100,2014.47,201447.0
PUR-20240923-SUP-003-I-895,PUR-20240923-SUP-003,SKU-048,74,1570.56,116221.44
PUR-20240923-SUP-003-I-896,PUR-20240923-SUP-003,SKU-050,43,1382.19,59434.17
PUR-20240923-SUP-003-I-897,PUR-20240923-SUP-003,SKU-052,44,255.73,11252.12
PUR-20240930-SUP-003-I-898,PUR-20240930-SUP-003,SKU-002,69,360.5,24874.5
PUR-20240930-SUP-003-I-899,PUR-20240930-SUP-003,SKU-004,72,613.31,44158.32
PUR-20240930-SUP-003-I-900,PUR-20240930-SUP-003,SKU-024,100,966.01,96601.0
PUR-20240930-SUP-003-I-901,PUR-20240930-SUP-003,SKU-026,60,2554.84,153290.4
PUR-20240930-SUP-003-I-902,PUR-20240930-SUP-003,SKU-028,100,2051.16,205116.0
PUR-20240930-SUP-003-I-903,PUR-20240930-SUP-003,SKU-048,77,1570.38,120919.26
PUR-20240930-SUP-003-I-904,PUR-20240930-SUP-003,SKU-050,47,1361.84,64006.48
PUR-20240930-SUP-003-I-905,PUR-20240930-SUP-003,SKU-052,40,248.65,9946.0
PUR-20241007-SUP-003-I-906,PUR-20241007-SUP-003,SKU-002,54,357.23,19290.42
PUR-20241007-SUP-003-I-907,PUR-20241007-SUP-003,SKU-004,74,626.12,46332.88
PUR-20241007-SUP-003-I-908,PUR-20241007-SUP-003,SKU-024,99,948.92,93943.08
PUR-20241007-SUP-003-I-909,PUR-20241007-SUP-003,SKU-026,91,2494.58,227006.78
PUR-20241007-SUP-003-I-910,PUR-20241007-SUP-003,SKU-028,100,2038.27,203827.0
PUR-20241007-SUP-003-I-911,PUR-20241007-SUP-003,SKU-048,47,1538.77,72322.19
PUR-20241007-SUP-003-I-912,PUR-20241007-SUP-003,SKU-050,44,1372.18,60375.92
PUR-20241007-SUP-003-I-913,PUR-20241007-SUP-003,SKU-052,52,248.12,12902.24
PUR-20241014-SUP-003-I-914,PUR-20241014-SUP-003,SKU-002,73,355.97,25985.81
PUR-20241014-SUP-003-I-915,PUR-20241014-SUP-003,SKU-004,82,604.01,49528.82
PUR-20241014-SUP-003-I-916,PUR-20241014-SUP-003,SKU-024,100,977.69,97769.0
PUR-20241014-SUP-003-I-917,PUR-20241014-SUP-003,SKU-026,89,2591.68,230659.52
PUR-20241014-SUP-003-I-918,PUR-20241014-SUP-003,SKU-028,79,2016.78,159325.62
PUR-20241014-SUP-003-I-919,PUR-20241014-SUP-003,SKU-048,60,1519.79,91187.4
PUR-20241014-SUP-003-I-920,PUR-20241014-SUP-003,SKU-050,57,1391.66,79324.62
PUR-20241014-SUP-003-I-921,PUR-20241014-SUP-003,SKU-052,48,247.43,11876.64
PUR-20241021-SUP-003-I-922,PUR-20241021-SUP-003,SKU-002,63,360.28,22697.64
PUR-20241021-SUP-003-I-923,PUR-20241021-SUP-003,SKU-004,68,607.77,41328.36
PUR-20241021-SUP-003-I-924,PUR-20241021-SUP-003,SKU-024,95,972.35,92373.25
PUR-20241021-SUP-003-I-925,PUR-20241021-SUP-003,SKU-026,85,2608.73,221742.05
PUR-20241021-SUP-003-I-926,PUR-20241021-SUP-003,SKU-028,89,1999.16,177925.24
PUR-20241021-SUP-003-I-927,PUR-20241021-SUP-003,SKU-048,65,1559.89,101392.85
PUR-20241021-SUP-003-I-928,PUR-20241021-SUP-003,SKU-050,36,1346.29,48466.44
PUR-20241021-SUP-003-I-929,PUR-20241021-SUP-003,SKU-052,55,250.14,13757.7
PUR-20241028-SUP-003-I-930,PUR-20241028-SUP-003,SKU-002,74,356.24,26361.76
PUR-20241028-SUP-003-I-931,PUR-20241028-SUP-003,SKU-004,85,624.98,53123.3
PUR-20241028-SUP-003-I-932,PUR-20241028-SUP-003,SKU-024,97,984.59,95505.23
PUR-20241028-SUP-003-I-933,PUR-20241028-SUP-003,SKU-026,79,2561.84,202385.36
PUR-20241028-SUP-003-I-934,PUR-20241028-SUP-003,SKU-028,81,2081.68,168616.08
PUR-20241028-SUP-003-I-935,PUR-20241028-SUP-003,SKU-048,90,1553.81,139842.9
PUR-20241028-SUP-003-I-936,PUR-20241028-SUP-003,SKU-050,55,1362.36,74929.8
PUR-20241028-SUP-003-I-937,PUR-20241028-SUP-003,SKU-052,65,254.22,16524.3
PUR-20241104-SUP-003-I-938,PUR-20241104-SUP-003,SKU-002,92,361.25,33235.0
PUR-20241104-SUP-003-I-939,PUR-20241104-SUP-003,SKU-004,65,610.95,39711.75
PUR-20241104-SUP-003-I-940,PUR-20241104-SUP-003,SKU-024,100,966.57,96657.0
PUR-20241104-SUP-003-I-941,PUR-20241104-SUP-003,SKU-026,77,2586.49,199159.73
PUR-20241104-SUP-003-I-942,PUR-20241104-SUP-003,SKU-028,100,2094.21,209421.0
PUR-20241104-SUP-003-I-943,PUR-20241104-SUP-003,SKU-048,87,1526.98,132847.26
PUR-20241104-SUP-003-I-944,PUR-20241104-SUP-003,SKU-050,66,1379.72,91061.52
PUR-20241104-SUP-003-I-945,PUR-20241104-SUP-003,SKU-052,68,255.75,17391.0
PUR-20241111-SUP-003-I-946,PUR-20241111-SUP-003,SKU-002,70,363.08,25415.6
PUR-20241111-SUP-003-I-947,PUR-20241111-SUP-003,SKU-004,86,603.32,51885.52
PUR-20241111-SUP-003-I-948,PUR-20241111-SUP-003,SKU-024,100,973.4,97340.0
PUR-20241111-SUP-003-I-949,PUR-20241111-SUP-003,SKU-026,100,2577.26,257726.0
PUR-20241111-SUP-003-I-950,PUR-20241111-SUP-003,SKU-028,100,2079.45,207945.0
PUR-20241111-SUP-003-I-951,PUR-20241111-SUP-003,SKU-048,99,1568.82,155313.18
PUR-20241111-SUP-003-I-952,PUR-20241111-SUP-003,SKU-050,56,1380.98,77334.88
PUR-20241111-SUP-003-I-953,PUR-20241111-SUP-003,SKU-052,56,252.85,14159.6
PUR-20241118-SUP-003-I-954,PUR-20241118-SUP-003,SKU-002,89,358.12,31872.68
PUR-20241118-SUP-003-I-955,PUR-20241118-SUP-003,SKU-004,81,602.76,48823.56
PUR-20241118-SUP-003-I-956,PUR-20241118-SUP-003,SKU-024,100,947.22,94722.0
PUR-20241118-SUP-003-I-957,PUR-20241118-SUP-003,SKU-026,100,2599.6,259960.0
PUR-20241118-SUP-003-I-958,PUR-20241118-SUP-003,SKU-028,100,2079.91,207991.0
PUR-20241118-SUP-003-I-959,PUR-20241118-SUP-003,SKU-048,81,1510.31,122335.11
PUR-20241118-SUP-003-I-960,PUR-20241118-SUP-003,SKU-050,75,1376.78,103258.5
PUR-20241118-SUP-003-I-961,PUR-20241118-SUP-003,SKU-052,57,253.86,14470.02
PUR-20241125-SUP-003-I-962,PUR-20241125-SUP-003,SKU-002,82,354.53,29071.46
PUR-20241125-SUP-003-I-963,PUR-20241125-SUP-003,SKU-004,78,628.39,49014.42
PUR-20241125-SUP-003-I-964,PUR-20241125-SUP-003,SKU-024,100,976.78,97678.0
PUR-20241125-SUP-003-I-965,PUR-20241125-SUP-003,SKU-026,100,2539.28,253928.0
PUR-20241125-SUP-003-I-966,PUR-20241125-SUP-003,SKU-028,100,2063.95,206395.0
PUR-20241125-SUP-003-I-967,PUR-20241125-SUP-003,SKU-048,100,1561.99,156199.0
PUR-20241125-SUP-003-I-968,PUR-20241125-SUP-003,SKU-050,63,1388.72,87489.36
PUR-20241125-SUP-003-I-969,PUR-20241125-SUP-003,SKU-052,51,245.69,12530.19
PUR-20241202-SUP-003-I-970,PUR-20241202-SUP-003,SKU-002,100,363.3,36330.0
PUR-20241202-SUP-003-I-971,PUR-20241202-SUP-003,SKU-004,86,604.63,51998.18
PUR-20241202-SUP-003-I-972,PUR-20241202-SUP-003,SKU-024,100,971.82,97182.0
PUR-20241202-SUP-003-I-973,PUR-20241202-SUP-003,SKU-026,100,2574.57,257457.0
PUR-20241202-SUP-003-I-974,PUR-20241202-SUP-003,SKU-028,100,2028.25,202825.0
PUR-20241202-SUP-003-I-975,PUR-20241202-SUP-003,SKU-048,100,1523.88,152388.0
PUR-20241202-SUP-003-I-976,PUR-20241202-SUP-003,SKU-050,51,1384.38,70603.38
PUR-20241202-SUP-003-I-977,PUR-20241202-SUP-003,SKU-052,56,253.53,14197.68
PUR-20241209-SUP-003-I-978,PUR-20241209-SUP-003,SKU-002,71,364.34,25868.14
PUR-20241209-SUP-003-I-979,PUR-20241209-SUP-003,SKU-004,100,607.75,60775.0
PUR-20241209-SUP-003-I-980,PUR-20241209-SUP-003,SKU-024,100,958.89,95889.0
PUR-20241209-SUP-003-I-981,PUR-20241209-SUP-003,SKU-026,100,2501.38,250138.0
PUR-20241209-SUP-003-I-982,PUR-20241209-SUP-003,SKU-028,100,1999.47,199947.0
PUR-20241209-SUP-003-I-983,PUR-20241209-SUP-003,SKU-048,85,1512.27,128542.95
PUR-20241209-SUP-003-I-984,PUR-20241209-SUP-003,SKU-050,76,1405.86,106845.36
PUR-20241209-SUP-003-I-985,PUR-20241209-SUP-003,SKU-052,68,249.68,16978.24
PUR-20241216-SUP-003-I-986,PUR-20241216-SUP-003,SKU-002,84,359.4,30189.6
PUR-20241216-SUP-003-I-987,PUR-20241216-SUP-003,SKU-004,93,612.25,56939.25
PUR-20241216-SUP-003-I-988,PUR-20241216-SUP-003,SKU-024,100,945.81,94581.0
PUR-20241216-SUP-003-I-989,PUR-20241216-SUP-003,SKU-026,100,2546.11,254611.0
PUR-20241216-SUP-003-I-990,PUR-20241216-SUP-003,SKU-028,100,2087.13,208713.0
PUR-20241216-SUP-003-I-991,PUR-20241216-SUP-003,SKU-048,100,1535.42,153542.0
PUR-20241216-SUP-003-I-992,PUR-20241216-SUP-003,SKU-050,80,1378.49,110279.2
PUR-20241216-SUP-003-I-993,PUR-20241216-SUP-003,SKU-052,67,243.7,16327.9
PUR-20241223-SUP-003-I-994,PUR-20241223-SUP-003,SKU-002,100,355.61,35561.0
PUR-20241223-SUP-003-I-995,PUR-20241223-SUP-003,SKU-004,97,604.46,58632.62
PUR-20241223-SUP-003-I-996,PUR-20241223-SUP-003,SKU-024,100,964.62,96462.0
PUR-20241223-SUP-003-I-997,PUR-20241223-SUP-003,SKU-026,100,2540.42,254042.0
PUR-20241223-SUP-003-I-998,PUR-20241223-SUP-003,SKU-028,100,1994.1,199410.0
PUR-20241223-SUP-003-I-999,PUR-20241223-SUP-003,SKU-048,51,1572.93,80219.43
PUR-20241223-SUP-003-I-1000,PUR-20241223-SUP-003,SKU-050,82,1386.92,113727.44
PUR-20241223-SUP-003-I-1001,PUR-20241223-SUP-003,SKU-052,82,247.68,20309.76
PUR-20241230-SUP-003-I-1002,PUR-20241230-SUP-003,SKU-002,88,361.76,31834.88
PUR-20241230-SUP-003-I-1003,PUR-20241230-SUP-003,SKU-004,88,633.27,55727.76
PUR-20241230-SUP-003-I-1004,PUR-20241230-SUP-003,SKU-024,100,963.7,96370.0
PUR-20241230-SUP-003-I-1005,PUR-20241230-SUP-003,SKU-026,100,2583.08,258308.0
PUR-20241230-SUP-003-I-1006,PUR-20241230-SUP-003,SKU-028,100,2036.17,203617.0
PUR-20241230-SUP-003-I-1007,PUR-20241230-SUP-003,SKU-048,71,1543.1,109560.1
PUR-20241230-SUP-003-I-1008,PUR-20241230-SUP-003,SKU-050,75,1392.81,104460.75
PUR-20241230-SUP-003-I-1009,PUR-20241230-SUP-003,SKU-052,56,246.83,13822.48
PUR-20250106-SUP-003-I-1010,PUR-20250106-SUP-003,SKU-002,61,369.4,22533.4
PUR-20250106-SUP-003-I-1011,PUR-20250106-SUP-003,SKU-004,74,611.24,45231.76
PUR-20250106-SUP-003-I-1012,PUR-20250106-SUP-003,SKU-024,100,977.2,97720.0
PUR-20250106-SUP-003-I-1013,PUR-20250106-SUP-003,SKU-026,100,2581.47,258147.0
PUR-20250106-SUP-003-I-1014,PUR-20250106-SUP-003,SKU-028,100,1997.63,199763.0
PUR-20250106-SUP-003-I-1015,PUR-20250106-SUP-003,SKU-048,100,1537.76,153776.0
PUR-20250106-SUP-003-I-1016,PUR-20250106-SUP-003,SKU-050,67,1404.26,94085.42
PUR-20250106-SUP-003-I-1017,PUR-20250106-SUP-003,SKU-052,75,254.59,19094.25
PUR-20250113-SUP-003-I-1018,PUR-20250113-SUP-003,SKU-002,86,358.02,30789.72
PUR-20250113-SUP-003-I-1019,PUR-20250113-SUP-003,SKU-004,61,620.74,37865.14
PUR-20250113-SUP-003-I-1020,PUR-20250113-SUP-003,SKU-024,100,948.23,94823.0
PUR-20250113-SUP-003-I-1021,PUR-20250113-SUP-003,SKU-026,75,2583.24,193743.0
PUR-20250113-SUP-003-I-1022,PUR-20250113-SUP-003,SKU-028,100,2004.98,200498.0
PUR-20250113-SUP-003-I-1023,PUR-20250113-SUP-003,SKU-048,90,1571.38,141424.2
PUR-20250113-SUP-003-I-1024,PUR-20250113-SUP-003,SKU-050,49,1396.46,68426.54
PUR-20250113-SUP-003-I-1025,PUR-20250113-SUP-003,SKU-052,35,249.18,8721.3
PUR-20250120-SUP-003-I-1026,PUR-20250120-SUP-003,SKU-002,73,363.96,26569.08
PUR-20250120-SUP-003-I-1027,PUR-20250120-SUP-003,SKU-004,79,618.18,48836.22
PUR-20250120-SUP-003-I-1028,PUR-20250120-SUP-003,SKU-024,100,950.18,95018.0
PUR-20250120-SUP-003-I-1029,PUR-20250120-SUP-003,SKU-026,100,2537.04,253704.0
PUR-20250120-SUP-003-I-1030,PUR-20250120-SUP-003,SKU-028,100,2048.69,204869.0
PUR-20250120-SUP-003-I-1031,PUR-20250120-SUP-003,SKU-048,97,1511.27,146593.19
PUR-20250120-SUP-003-I-1032,PUR-20250120-SUP-003,SKU-050,54,1346.79,72726.66
PUR-20250120-SUP-003-I-1033,PUR-20250120-SUP-003,SKU-052,66,245.81,16223.46
PUR-20250127-SUP-003-I-1034,PUR-20250127-SUP-003,SKU-002,53,369.99,19609.47
PUR-20250127-SUP-003-I-1035,PUR-20250127-SUP-003,SKU-004,89,610.48,54332.72
PUR-20250127-SUP-003-I-1036,PUR-20250127-SUP-003,SKU-024,100,971.79,97179.0
PUR-20250127-SUP-003-I-1037,PUR-20250127-SUP-003,SKU-026,74,2593.46,191916.04
PUR-20250127-SUP-003-I-1038,PUR-20250127-SUP-003,SKU-028,61,2015.26,122930.86
PUR-20250127-SUP-003-I-1039,PUR-20250127-SUP-003,SKU-048,68,1559.64,106055.52
PUR-20250127-SUP-003-I-1040,PUR-20250127-SUP-003,SKU-050,61,1384.62,84461.82
PUR-20250127-SUP-003-I-1041,PUR-20250127-SUP-003,SKU-052,43,254.66,10950.38
PUR-20250203-SUP-003-I-1042,PUR-20250203-SUP-003,SKU-002,78,360.92,28151.76
PUR-20250203-SUP-003-I-1043,PUR-20250203-SUP-003,SKU-004,55,604.08,33224.4
PUR-20250203-SUP-003-I-1044,PUR-20250203-SUP-003,SKU-024,100,984.17,98417.0
PUR-20250203-SUP-003-I-1045,PUR-20250203-SUP-003,SKU-026,69,2600.37,179425.53
PUR-20250203-SUP-003-I-1046,PUR-20250203-SUP-003,SKU-028,100,2020.79,202079.0
PUR-20250203-SUP-003-I-1047,PUR-20250203-SUP-003,SKU-048,86,1535.63,132064.18
PUR-20250203-SUP-003-I-1048,PUR-20250203-SUP-003,SKU-050,38,1375.1,52253.8
PUR-20250203-SUP-003-I-1049,PUR-20250203-SUP-003,SKU-052,51,244.04,12446.04
PUR-20250210-SUP-003-I-1050,PUR-20250210-SUP-003,SKU-002,59,361.67,21338.53
PUR-20250210-SUP-003-I-1051,PUR-20250210-SUP-003,SKU-004,54,607.61,32810.94
PUR-20250210-SUP-003-I-1052,PUR-20250210-SUP-003,SKU-024,100,960.5,96050.0
PUR-20250210-SUP-003-I-1053,PUR-20250210-SUP-003,SKU-026,54,2538.88,137099.52
PUR-20250210-SUP-003-I-1054,PUR-20250210-SUP-003,SKU-028,100,2036.59,203659.0
PUR-20250210-SUP-003-I-1055,PUR-20250210-SUP-003,SKU-048,78,1549.47,120858.66
PUR-20250210-SUP-003-I-1056,PUR-20250210-SUP-003,SKU-050,73,1394.39,101790.47
PUR-20250210-SUP-003-I-1057,PUR-20250210-SUP-003,SKU-052,44,248.02,10912.88
PUR-20250217-SUP-003-I-1058,PUR-20250217-SUP-003,SKU-002,64,367.86,23543.04
PUR-20250217-SUP-003-I-1059,PUR-20250217-SUP-003,SKU-004,59,628.26,37067.34
PUR-20250217-SUP-003-I-1060,PUR-20250217-SUP-003,SKU-024,100,956.49,95649.0
PUR-20250217-SUP-003-I-1061,PUR-20250217-SUP-003,SKU-026,88,2506.52,220573.76
PUR-20250217-SUP-003-I-1062,PUR-20250217-SUP-003,SKU-028,100,2040.33,204033.0
PUR-20250217-SUP-003-I-1063,PUR-20250217-SUP-003,SKU-048,95,1530.53,145400.35
PUR-20250217-SUP-003-I-1064,PUR-20250217-SUP-003,SKU-050,39,1363.66,53182.74
PUR-20250217-SUP-003-I-1065,PUR-20250217-SUP-003,SKU-052,41,253.39,10388.99
PUR-20250224-SUP-003-I-1066,PUR-20250224-SUP-003,SKU-002,31,370.85,11496.35
PUR-20250224-SUP-003-I-1067,PUR-20250224-SUP-003,SKU-004,82,616.52,50554.64
PUR-20250224-SUP-003-I-1068,PUR-20250224-SUP-003,SKU-024,100,944.16,94416.0
PUR-20250224-SUP-003-I-1069,PUR-20250224-SUP-003,SKU-026,100,2537.69,253769.0
PUR-20250224-SUP-003-I-1070,PUR-20250224-SUP-003,SKU-028,100,2027.53,202753.0
PUR-20250224-SUP-003-I-1071,PUR-20250224-SUP-003,SKU-048,79,1547.53,122254.87
PUR-20250224-SUP-003-I-1072,PUR-20250224-SUP-003,SKU-050,55,1360.55,74830.25
PUR-20250224-SUP-003-I-1073,PUR-20250224-SUP-003,SKU-052,43,252.07,10839.01
PUR-20250303-SUP-003-I-1074,PUR-20250303-SUP-003,SKU-002,75,371.24,27843.0
PUR-20250303-SUP-003-I-1075,PUR-20250303-SUP-003,SKU-004,89,609.04,54204.56
PUR-20250303-SUP-003-I-1076,PUR-20250303-SUP-003,SKU-024,100,961.46,96146.0
PUR-20250303-SUP-003-I-1077,PUR-20250303-SUP-003,SKU-026,100,2578.39,257839.0
PUR-20250303-SUP-003-I-1078,PUR-20250303-SUP-003,SKU-028,100,2021.84,202184.0
PUR-20250303-SUP-003-I-1079,PUR-20250303-SUP-003,SKU-048,100,1558.23,155823.0
PUR-20250303-SUP-003-I-1080,PUR-20250303-SUP-003,SKU-050,74,1380.9,102186.6
PUR-20250303-SUP-003-I-1081,PUR-20250303-SUP-003,SKU-052,51,250.63,12782.13
PUR-20250310-SUP-003-I-1082,PUR-20250310-SUP-003,SKU-002,72,360.06,25924.32
PUR-20250310-SUP-003-I-1083,PUR-20250310-SUP-003,SKU-004,77,607.47,46775.19
PUR-20250310-SUP-003-I-1084,PUR-20250310-SUP-003,SKU-024,100,968.28,96828.0
PUR-20250310-SUP-003-I-1085,PUR-20250310-SUP-003,SKU-026,92,2545.47,234183.24
PUR-20250310-SUP-003-I-1086,PUR-20250310-SUP-003,SKU-028,100,2030.71,203071.0
PUR-20250310-SUP-003-I-1087,PUR-20250310-SUP-003,SKU-048,97,1572.3,152513.1
PUR-20250310-SUP-003-I-1088,PUR-20250310-SUP-003,SKU-050,63,1398.52,88106.76
PUR-20250310-SUP-003-I-1089,PUR-20250310-SUP-003,SKU-052,78,244.63,19081.14
PUR-20250317-SUP-003-I-1090,PUR-20250317-SUP-003,SKU-002,84,367.45,30865.8
PUR-20250317-SUP-003-I-1091,PUR-20250317-SUP-003,SKU-004,74,624.67,46225.58
PUR-20250317-SUP-003-I-1092,PUR-20250317-SUP-003,SKU-024,100,977.4,97740.0
PUR-20250317-SUP-003-I-1093,PUR-20250317-SUP-003,SKU-026,86,2587.02,222483.72
PUR-20250317-SUP-003-I-1094,PUR-20250317-SUP-003,SKU-028,100,2002.14,200214.0
PUR-20250317-SUP-003-I-1095,PUR-20250317-SUP-003,SKU-048,63,1579.97,99538.11
PUR-20250317-SUP-003-I-1096,PUR-20250317-SUP-003,SKU-050,90,1406.47,126582.3
PUR-20250317-SUP-003-I-1097,PUR-20250317-SUP-003,SKU-052,75,246.19,18464.25
PUR-20250324-SUP-003-I-1098,PUR-20250324-SUP-003,SKU-002,85,359.43,30551.55
PUR-20250324-SUP-003-I-1099,PUR-20250324-SUP-003,SKU-004,100,612.19,61219.0
PUR-20250324-SUP-003-I-1100,PUR-20250324-SUP-003,SKU-024,100,972.75,97275.0
PUR-20250324-SUP-003-I-1101,PUR-20250324-SUP-003,SKU-026,100,2570.91,257091.0
PUR-20250324-SUP-003-I-1102,PUR-20250324-SUP-003,SKU-028,100,2001.34,200134.0
PUR-20250324-SUP-003-I-1103,PUR-20250324-SUP-003,SKU-048,100,1520.73,152073.0
PUR-20250324-SUP-003-I-1104,PUR-20250324-SUP-003,SKU-050,57,1392.89,79394.73
PUR-20250324-SUP-003-I-1105,PUR-20250324-SUP-003,SKU-052,70,247.99,17359.3
PUR-20250331-SUP-003-I-1106,PUR-20250331-SUP-003,SKU-002,16,361.65,5786.4
PUR-20250331-SUP-003-I-1107,PUR-20250331-SUP-003,SKU-004,5,618.93,3094.65
PUR-20250331-SUP-003-I-1108,PUR-20250331-SUP-003,SKU-024,5,941.29,4706.45
PUR-20250331-SUP-003-I-1109,PUR-20250331-SUP-003,SKU-026,10,2538.22,25382.2
PUR-20250331-SUP-003-I-1110,PUR-20250331-SUP-003,SKU-028,18,2078.47,37412.46
PUR-20250331-SUP-003-I-1111,PUR-20250331-SUP-003,SKU-048,23,1555.8,35783.4
PUR-20250331-SUP-003-I-1112,PUR-20250331-SUP-003,SKU-050,7,1381.7,9671.9
PUR-20250331-SUP-003-I-1113,PUR-20250331-SUP-003,SKU-052,15,246.11,3691.65
PUR-20240401-SUP-004-I-1114,PUR-20240401-SUP-004,SKU-003,95,307.44,29206.8
PUR-20240401-SUP-004-I-1115,PUR-20240401-SUP-004,SKU-005,42,659.77,27710.34
PUR-20240401-SUP-004-I-1116,PUR-20240401-SUP-004,SKU-007,54,1963.02,106003.08
PUR-20240401-SUP-004-I-1117,PUR-20240401-SUP-004,SKU-027,75,2321.35,174101.25
PUR-20240401-SUP-004-I-1118,PUR-20240401-SUP-004,SKU-029,59,2379.53,140392.27
PUR-20240401-SUP-004-I-1119,PUR-20240401-SUP-004,SKU-031,58,1773.11,102840.38
PUR-20240401-SUP-004-I-1120,PUR-20240401-SUP-004,SKU-051,46,1582.99,72817.54
PUR-20240401-SUP-004-I-1121,PUR-20240401-SUP-004,SKU-053,27,221.02,5967.54
PUR-20240401-SUP-004-I-1122,PUR-20240401-SUP-004,SKU-055,43,742.68,31935.24
PUR-20240408-SUP-004-I-1123,PUR-20240408-SUP-004,SKU-003,74,299.61,22171.14
PUR-20240408-SUP-004-I-1124,PUR-20240408-SUP-004,SKU-005,44,680.16,29927.04
PUR-20240408-SUP-004-I-1125,PUR-20240408-SUP-004,SKU-007,59,1968.99,116170.41
PUR-20240408-SUP-004-I-1126,PUR-20240408-SUP-004,SKU-027,72,2362.41,170093.52
PUR-20240408-SUP-004-I-1127,PUR-20240408-SUP-004,SKU-029,74,2407.72,178171.28
PUR-20240408-SUP-004-I-1128,PUR-20240408-SUP-004,SKU-031,67,1794.37,120222.79
PUR-20240408-SUP-004-I-1129,PUR-20240408-SUP-004,SKU-051,72,1568.88,112959.36
PUR-20240408-SUP-004-I-1130,PUR-20240408-SUP-004,SKU-053,35,221.16,7740.6
PUR-20240408-SUP-004-I-1131,PUR-20240408-SUP-004,SKU-055,46,771.87,35506.02
PUR-20240415-SUP-004-I-1132,PUR-20240415-SUP-004,SKU-003,72,298.42,21486.24
PUR-20240415-SUP-004-I-1133,PUR-20240415-SUP-004,SKU-005,45,672.09,30244.05
PUR-20240415-SUP-004-I-1134,PUR-20240415-SUP-004,SKU-007,74,1906.48,141079.52
PUR-20240415-SUP-004-I-1135,PUR-20240415-SUP-004,SKU-027,71,2426.61,172289.31
PUR-20240415-SUP-004-I-1136,PUR-20240415-SUP-004,SKU-029,54,2425.75,130990.5
PUR-20240415-SUP-004-I-1137,PUR-20240415-SUP-004,SKU-031,51,1827.51,93203.01
PUR-20240415-SUP-004-I-1138,PUR-20240415-SUP-004,SKU-051,44,1613.95,71013.8
PUR-20240415-SUP-004-I-1139,PUR-20240415-SUP-004,SKU-053,43,226.43,9736.49
PUR-20240415-SUP-004-I-1140,PUR-20240415-SUP-004,SKU-055,33,742.89,24515.37
PUR-20240422-SUP-004-I-1141,PUR-20240422-SUP-004,SKU-003,97,296.68,28777.96
PUR-20240422-SUP-004-I-1142,PUR-20240422-SUP-004,SKU-005,59,653.6,38562.4
PUR-20240422-SUP-004-I-1143,PUR-20240422-SUP-004,SKU-007,50,1970.66,98533.0
PUR-20240422-SUP-004-I-1144,PUR-20240422-SUP-004,SKU-027,70,2356.98,164988.6
PUR-20240422-SUP-004-I-1145,PUR-20240422-SUP-004,SKU-029,64,2423.83,155125.12
PUR-20240422-SUP-004-I-1146,PUR-20240422-SUP-004,SKU-031,53,1840.82,97563.46
PUR-20240422-SUP-004-I-1147,PUR-20240422-SUP-004,SKU-051,51,1573.78,80262.78
PUR-20240422-SUP-004-I-1148,PUR-20240422-SUP-004,SKU-053,34,224.83,7644.22
PUR-20240422-SUP-004-I-1149,PUR-20240422-SUP-004,SKU-055,22,742.21,16328.62
PUR-20240429-SUP-004-I-1150,PUR-20240429-SUP-004,SKU-003,98,298.71,29273.58
PUR-20240429-SUP-004-I-1151,PUR-20240429-SUP-004,SKU-005,51,664.1,33869.1
PUR-20240429-SUP-004-I-1152,PUR-20240429-SUP-004,SKU-007,51,1930.2,98440.2
PUR-20240429-SUP-004-I-1153,PUR-20240429-SUP-004,SKU-027,82,2355.1,193118.2
PUR-20240429-SUP-004-I-1154,PUR-20240429-SUP-004,SKU-029,76,2391.01,181716.76
PUR-20240429-SUP-004-I-1155,PUR-20240429-SUP-004,SKU-031,71,1774.44,125985.24
PUR-20240429-SUP-004-I-1156,PUR-20240429-SUP-004,SKU-051,72,1604.21,115503.12
PUR-20240429-SUP-004-I-1157,PUR-20240429-SUP-004,SKU-053,37,229.3,8484.1
PUR-20240429-SUP-004-I-1158,PUR-20240429-SUP-004,SKU-055,43,756.75,32540.25
PUR-20240506-SUP-004-I-1159,PUR-20240506-SUP-004,SKU-003,69,302.32,20860.08
PUR-20240506-SUP-004-I-1160,PUR-20240506-SUP-004,SKU-005,65,668.95,43481.75
PUR-20240506-SUP-004-I-1161,PUR-20240506-SUP-004,SKU-007,57,1908.79,108801.03
PUR-20240506-SUP-004-I-1162,PUR-20240506-SUP-004,SKU-027,90,2392.31,215307.9
PUR-20240506-SUP-004-I-1163,PUR-20240506-SUP-004,SKU-029,71,2353.53,167100.63
PUR-20240506-SUP-004-I-1164,PUR-20240506-SUP-004,SKU-031,50,1804.1,90205.0
PUR-20240506-SUP-004-I-1165,PUR-20240506-SUP-004,SKU-051,55,1628.38,89560.9
PUR-20240506-SUP-004-I-1166,PUR-20240506-SUP-004,SKU-053,35,221.68,7758.8
PUR-20240506-SUP-004-I-1167,PUR-20240506-SUP-004,SKU-055,49,747.39,36622.11
PUR-20240513-SUP-004-I-1168,PUR-20240513-SUP-004,SKU-003,100,307.8,30780.0
PUR-20240513-SUP-004-I-1169,PUR-20240513-SUP-004,SKU-005,62,652.22,40437.64
PUR-20240513-SUP-004-I-1170,PUR-20240513-SUP-004,SKU-007,47,1934.02,90898.94
PUR-20240513-SUP-004-I-1171,PUR-20240513-SUP-004,SKU-027,93,2348.39,218400.27
PUR-20240513-SUP-004-I-1172,PUR-20240513-SUP-004,SKU-029,87,2448.39,213009.93
PUR-20240513-SUP-004-I-1173,PUR-20240513-SUP-004,SKU-031,53,1808.48,95849.44
PUR-20240513-SUP-004-I-1174,PUR-20240513-SUP-004,SKU-051,27,1634.09,44120.43
PUR-20240513-SUP-004-I-1175,PUR-20240513-SUP-004,SKU-053,28,220.0,6160.0
PUR-20240513-SUP-004-I-1176,PUR-20240513-SUP-004,SKU-055,56,768.15,43016.4
PUR-20240520-SUP-004-I-1177,PUR-20240520-SUP-004,SKU-003,100,300.81,30081.0
PUR-20240520-SUP-004-I-1178,PUR-20240520-SUP-004,SKU-005,48,655.39,31458.72
PUR-20240520-SUP-004-I-1179,PUR-20240520-SUP-004,SKU-007,56,1919.65,107500.4
PUR-20240520-SUP-004-I-1180,PUR-20240520-SUP-004,SKU-027,100,2377.68,237768.0
PUR-20240520-SUP-004-I-1181,PUR-20240520-SUP-004,SKU-029,57,2374.93,135371.01
PUR-20240520-SUP-004-I-1182,PUR-20240520-SUP-004,SKU-031,65,1800.85,117055.25
PUR-20240520-SUP-004-I-1183,PUR-20240520-SUP-004,SKU-051,48,1577.79,75733.92
PUR-20240520-SUP-004-I-1184,PUR-20240520-SUP-004,SKU-053,32,220.62,7059.84
PUR-20240520-SUP-004-I-1185,PUR-20240520-SUP-004,SKU-055,58,747.23,43339.34
PUR-20240527-SUP-004-I-1186,PUR-20240527-SUP-004,SKU-003,94,305.05,28674.7
PUR-20240527-SUP-004-I-1187,PUR-20240527-SUP-004,SKU-005,71,663.63,47117.73
PUR-20240527-SUP-004-I-1188,PUR-20240527-SUP-004,SKU-007,70,1920.04,134402.8
PUR-20240527-SUP-004-I-1189,PUR-20240527-SUP-004,SKU-027,72,2359.79,169904.88
PUR-20240527-SUP-004-I-1190,PUR-20240527-SUP-004,SKU-029,61,2340.21,142752.81
PUR-20240527-SUP-004-I-1191,PUR-20240527-SUP-004,SKU-031,44,1838.06,80874.64
PUR-20240527-SUP-004-I-1192,PUR-20240527-SUP-004,SKU-051,37,1580.58,58481.46
PUR-20240527-SUP-004-I-1193,PUR-20240527-SUP-004,SKU-053,31,226.73,7028.63
PUR-20240527-SUP-004-I-1194,PUR-20240527-SUP-004,SKU-055,53,754.52,39989.56
PUR-20240603-SUP-004-I-1195,PUR-20240603-SUP-004,SKU-003,100,307.54,30754.0
PUR-20240603-SUP-004-I-1196,PUR-20240603-SUP-004,SKU-005,58,666.53,38658.74
PUR-20240603-SUP-004-I-1197,PUR-20240603-SUP-004,SKU-007,42,1967.38,82629.96
PUR-20240603-SUP-004-I-1198,PUR-20240603-SUP-004,SKU-027,78,2371.3,184961.4
PUR-20240603-SUP-004-I-1199,PUR-20240603-SUP-004,SKU-029,68,2359.6,160452.8
PUR-20240603-SUP-004-I-1200,PUR-20240603-SUP-004,SKU-031,57,1766.04,100664.28
PUR-20240603-SUP-004-I-1201,PUR-20240603-SUP-004,SKU-051,41,1593.67,65340.47
PUR-20240603-SUP-004-I-1202,PUR-20240603-SUP-004,SKU-053,30,224.61,6738.3
PUR-20240603-SUP-004-I-1203,PUR-20240603-SUP-004,SKU-055,42,768.42,32273.64
PUR-20240610-SUP-004-I-1204,PUR-20240610-SUP-004,SKU-003,94,304.37,28610.78
PUR-20240610-SUP-004-I-1205,PUR-20240610-SUP-004,SKU-005,57,665.55,37936.35
PUR-20240610-SUP-004-I-1206,PUR-20240610-SUP-004,SKU-007,57,1974.65,112555.05
PUR-20240610-SUP-004-I-1207,PUR-20240610-SUP-004,SKU-027,55,2416.0,132880.0
PUR-20240610-SUP-004-I-1208,PUR-20240610-SUP-004,SKU-029,52,2427.0,126204.0
PUR-20240610-SUP-004-I-1209,PUR-20240610-SUP-004,SKU-031,36,1752.85,63102.6
PUR-20240610-SUP-004-I-1210,PUR-20240610-SUP-004,SKU-051,37,1571.06,58129.22
PUR-20240610-SUP-004-I-1211,PUR-20240610-SUP-004,SKU-053,39,223.08,8700.12
PUR-20240610-SUP-004-I-1212,PUR-20240610-SUP-004,SKU-055,44,768.11,33796.84
PUR-20240617-SUP-004-I-1213,PUR-20240617-SUP-004,SKU-003,75,308.88,23166.0
PUR-20240617-SUP-004-I-1214,PUR-20240617-SUP-004,SKU-005,53,683.12,36205.36
PUR-20240617-SUP-004-I-1215,PUR-20240617-SUP-004,SKU-007,70,1934.02,135381.4
PUR-20240617-SUP-004-I-1216,PUR-20240617-SUP-004,SKU-027,80,2329.62,186369.6
PUR-20240617-SUP-004-I-1217,PUR-20240617-SUP-004,SKU-029,64,2420.67,154922.88
PUR-20240617-SUP-004-I-1218,PUR-20240617-SUP-004,SKU-031,62,1825.1,113156.2
PUR-20240617-SUP-004-I-1219,PUR-20240617-SUP-004,SKU-051,59,1573.55,92839.45
PUR-20240617-SUP-004-I-1220,PUR-20240617-SUP-004,SKU-053,34,221.71,7538.14
PUR-20240617-SUP-004-I-1221,PUR-20240617-SUP-004,SKU-055,55,773.12,42521.6
PUR-20240624-SUP-004-I-1222,PUR-20240624-SUP-004,SKU-003,100,307.94,30794.0
PUR-20240624-SUP-004-I-1223,PUR-20240624-SUP-004,SKU-005,76,676.24,51394.24
PUR-20240624-SUP-004-I-1224,PUR-20240624-SUP-004,SKU-007,62,1947.49,120744.38
PUR-20240624-SUP-004-I-1225,PUR-20240624-SUP-004,SKU-027,90,2432.89,218960.1
PUR-20240624-SUP-004-I-1226,PUR-20240624-SUP-004,SKU-029,58,2398.36,139104.88
PUR-20240624-SUP-004-I-1227,PUR-20240624-SUP-004,SKU-031,51,1771.32,90337.32
PUR-20240624-SUP-004-I-1228,PUR-20240624-SUP-004,SKU-051,51,1601.47,81674.97
PUR-20240624-SUP-004-I-1229,PUR-20240624-SUP-004,SKU-053,41,228.39,9363.99
PUR-20240624-SUP-004-I-1230,PUR-20240624-SUP-004,SKU-055,45,776.01,34920.45
PUR-20240701-SUP-004-I-1231,PUR-20240701-SUP-004,SKU-003,63,306.99,19340.37
PUR-20240701-SUP-004-I-1232,PUR-20240701-SUP-004,SKU-005,73,677.95,49490.35
PUR-20240701-SUP-004-I-1233,PUR-20240701-SUP-004,SKU-007,73,1950.27,142369.71
PUR-20240701-SUP-004-I-1234,PUR-20240701-SUP-004,SKU-027,68,2343.36,159348.48
PUR-20240701-SUP-004-I-1235,PUR-20240701-SUP-004,SKU-029,73,2390.16,174481.68
PUR-20240701-SUP-004-I-1236,PUR-20240701-SUP-004,SKU-031,44,1833.66,80681.04
PUR-20240701-SUP-004-I-1237,PUR-20240701-SUP-004,SKU-051,43,1627.71,69991.53
PUR-20240701-SUP-004-I-1238,PUR-20240701-SUP-004,SKU-053,28,229.2,6417.6
PUR-20240701-SUP-004-I-1239,PUR-20240701-SUP-004,SKU-055,45,749.53,33728.85
PUR-20240708-SUP-004-I-1240,PUR-20240708-SUP-004,SKU-003,100,307.25,30725.0
PUR-20240708-SUP-004-I-1241,PUR-20240708-SUP-004,SKU-005,43,652.74,28067.82
PUR-20240708-SUP-004-I-1242,PUR-20240708-SUP-004,SKU-007,61,1943.3,118541.3
PUR-20240708-SUP-004-I-1243,PUR-20240708-SUP-004,SKU-027,81,2362.45,191358.45
PUR-20240708-SUP-004-I-1244,PUR-20240708-SUP-004,SKU-029,88,2442.93,214977.84
PUR-20240708-SUP-004-I-1245,PUR-20240708-SUP-004,SKU-031,31,1772.48,54946.88
PUR-20240708-SUP-004-I-1246,PUR-20240708-SUP-004,SKU-051,55,1582.85,87056.75
PUR-20240708-SUP-004-I-1247,PUR-20240708-SUP-004,SKU-053,34,219.27,7455.18
PUR-20240708-SUP-004-I-1248,PUR-20240708-SUP-004,SKU-055,38,741.14,28163.32
PUR-20240715-SUP-004-I-1249,PUR-20240715-SUP-004,SKU-003,59,298.03,17583.77
PUR-20240715-SUP-004-I-1250,PUR-20240715-SUP-004,SKU-005,43,676.45,29087.35
PUR-20240715-SUP-004-I-1251,PUR-20240715-SUP-004,SKU-007,51,1892.43,96513.93
PUR-20240715-SUP-004-I-1252,PUR-20240715-SUP-004,SKU-027,78,2381.69,185771.82
PUR-20240715-SUP-004-I-1253,PUR-20240715-SUP-004,SKU-029,74,2421.94,179223.56
PUR-20240715-SUP-004-I-1254,PUR-20240715-SUP-004,SKU-031,41,1778.42,72915.22
PUR-20240715-SUP-004-I-1255,PUR-20240715-SUP-004,SKU-051,59,1603.5,94606.5
PUR-20240715-SUP-004-I-1256,PUR-20240715-SUP-004,SKU-053,31,224.67,6964.77
PUR-20240715-SUP-004-I-1257,PUR-20240715-SUP-004,SKU-055,39,770.32,30042.48
PUR-20240722-SUP-004-I-1258,PUR-20240722-SUP-004,SKU-003,100,296.27,29627.0
PUR-20240722-SUP-004-I-1259,PUR-20240722-SUP-004,SKU-005,40,654.46,26178.4
PUR-20240722-SUP-004-I-1260,PUR-20240722-SUP-004,SKU-007,65,1968.14,127929.1
PUR-20240722-SUP-004-I-1261,PUR-20240722-SUP-004,SKU-027,94,2426.02,228045.88
PUR-20240722-SUP-004-I-1262,PUR-20240722-SUP-004,SKU-029,53,2348.18,124453.54
PUR-20240722-SUP-004-I-1263,PUR-20240722-SUP-004,SKU-031,26,1774.78,46144.28
PUR-20240722-SUP-004-I-1264,PUR-20240722-SUP-004,SKU-051,47,1586.27,74554.69
PUR-20240722-SUP-004-I-1265,PUR-20240722-SUP-004,SKU-053,24,226.37,5432.88
PUR-20240722-SUP-004-I-1266,PUR-20240722-SUP-004,SKU-055,32,766.08,24514.56
PUR-20240729-SUP-004-I-1267,PUR-20240729-SUP-004,SKU-003,88,306.95,27011.6
PUR-20240729-SUP-004-I-1268,PUR-20240729-SUP-004,SKU-005,38,652.26,24785.88
PUR-20240729-SUP-004-I-1269,PUR-20240729-SUP-004,SKU-007,43,1891.23,81322.89
PUR-20240729-SUP-004-I-1270,PUR-20240729-SUP-004,SKU-027,88,2382.98,209702.24
PUR-20240729-SUP-004-I-1271,PUR-20240729-SUP-004,SKU-029,67,2419.05,162076.35
PUR-20240729-SUP-004-I-1272,PUR-20240729-SUP-004,SKU-031,55,1806.95,99382.25
PUR-20240729-SUP-004-I-1273,PUR-20240729-SUP-004,SKU-051,40,1617.78,64711.2
PUR-20240729-SUP-004-I-1274,PUR-20240729-SUP-004,SKU-053,38,226.49,8606.62
PUR-20240729-SUP-004-I-1275,PUR-20240729-SUP-004,SKU-055,26,750.15,19503.9
PUR-20240805-SUP-004-I-1276,PUR-20240805-SUP-004,SKU-003,100,302.34,30234.0
PUR-20240805-SUP-004-I-1277,PUR-20240805-SUP-004,SKU-005,53,681.95,36143.35
PUR-20240805-SUP-004-I-1278,PUR-20240805-SUP-004,SKU-007,67,1965.78,131707.26
PUR-20240805-SUP-004-I-1279,PUR-20240805-SUP-004,SKU-027,69,2431.82,167795.58
PUR-20240805-SUP-004-I-1280,PUR-20240805-SUP-004,SKU-029,83,2416.4,200561.2
PUR-20240805-SUP-004-I-1281,PUR-20240805-SUP-004,SKU-031,40,1776.56,71062.4
PUR-20240805-SUP-004-I-1282,PUR-20240805-SUP-004,SKU-051,53,1588.37,84183.61
PUR-20240805-SUP-004-I-1283,PUR-20240805-SUP-004,SKU-053,43,226.28,9730.04
PUR-20240805-SUP-004-I-1284,PUR-20240805-SUP-004,SKU-055,50,752.35,37617.5
PUR-20240812-SUP-004-I-1285,PUR-20240812-SUP-004,SKU-003,52,294.67,15322.84
PUR-20240812-SUP-004-I-1286,PUR-20240812-SUP-004,SKU-005,37,658.4,24360.8
PUR-20240812-SUP-004-I-1287,PUR-20240812-SUP-004,SKU-007,55,1907.54,104914.7
PUR-20240812-SUP-004-I-1288,PUR-20240812-SUP-004,SKU-027,51,2416.37,123234.87
PUR-20240812-SUP-004-I-1289,PUR-20240812-SUP-004,SKU-029,98,2346.3,229937.4
PUR-20240812-SUP-004-I-1290,PUR-20240812-SUP-004,SKU-031,42,1824.1,76612.2
PUR-20240812-SUP-004-I-1291,PUR-20240812-SUP-004,SKU-051,51,1580.67,80614.17
PUR-20240812-SUP-004-I-1292,PUR-20240812-SUP-004,SKU-053,43,220.84,9496.12
PUR-20240812-SUP-004-I-1293,PUR-20240812-SUP-004,SKU-055,40,753.82,30152.8
PUR-20240819-SUP-004-I-1294,PUR-20240819-SUP-004,SKU-003,89,306.26,27257.14
PUR-20240819-SUP-004-I-1295,PUR-20240819-SUP-004,SKU-005,46,676.9,31137.4
PUR-20240819-SUP-004-I-1296,PUR-20240819-SUP-004,SKU-007,53,1936.82,102651.46
PUR-20240819-SUP-004-I-1297,PUR-20240819-SUP-004,SKU-027,78,2339.72,182498.16
PUR-20240819-SUP-004-I-1298,PUR-20240819-SUP-004,SKU-029,61,2422.7,147784.7
PUR-20240819-SUP-004-I-1299,PUR-20240819-SUP-004,SKU-031,46,1818.08,83631.68
PUR-20240819-SUP-004-I-1300,PUR-20240819-SUP-004,SKU-051,54,1592.47,85993.38
PUR-20240819-SUP-004-I-1301,PUR-20240819-SUP-004,SKU-053,42,220.45,9258.9
PUR-20240819-SUP-004-I-1302,PUR-20240819-SUP-004,SKU-055,49,744.74,36492.26
PUR-20240826-SUP-004-I-1303,PUR-20240826-SUP-004,SKU-003,76,295.75,22477.0
PUR-20240826-SUP-004-I-1304,PUR-20240826-SUP-004,SKU-005,57,669.26,38147.82
PUR-20240826-SUP-004-I-1305,PUR-20240826-SUP-004,SKU-007,88,1908.07,167910.16
PUR-20240826-SUP-004-I-1306,PUR-20240826-SUP-004,SKU-027,81,2393.24,193852.44
PUR-20240826-SUP-004-I-1307,PUR-20240826-SUP-004,SKU-029,100,2385.55,238555.0
PUR-20240826-SUP-004-I-1308,PUR-20240826-SUP-004,SKU-031,59,1798.69,106122.71
PUR-20240826-SUP-004-I-1309,PUR-20240826-SUP-004,SKU-051,33,1617.66,53382.78
PUR-20240826-SUP-004-I-1310,PUR-20240826-SUP-004,SKU-053,51,229.04,11681.04
PUR-20240826-SUP-004-I-1311,PUR-20240826-SUP-004,SKU-055,49,745.01,36505.49
PUR-20240902-SUP-004-I-1312,PUR-20240902-SUP-004,SKU-003,100,308.05,30805.0
PUR-20240902-SUP-004-I-1313,PUR-20240902-SUP-004,SKU-005,60,651.54,39092.4
PUR-20240902-SUP-004-I-1314,PUR-20240902-SUP-004,SKU-007,83,1942.61,161236.63
PUR-20240902-SUP-004-I-1315,PUR-20240902-SUP-004,SKU-027,100,2418.81,241881.0
PUR-20240902-SUP-004-I-1316,PUR-20240902-SUP-004,SKU-029,91,2439.48,221992.68
PUR-20240902-SUP-004-I-1317,PUR-20240902-SUP-004,SKU-031,59,1754.51,103516.09
PUR-20240902-SUP-004-I-1318,PUR-20240902-SUP-004,SKU-051,50,1584.1,79205.0
PUR-20240902-SUP-004-I-1319,PUR-20240902-SUP-004,SKU-053,44,227.08,9991.52
PUR-20240902-SUP-004-I-1320,PUR-20240902-SUP-004,SKU-055,32,741.86,23739.52
PUR-20240909-SUP-004-I-1321,PUR-20240909-SUP-004,SKU-003,100,304.93,30493.0
PUR-20240909-SUP-004-I-1322,PUR-20240909-SUP-004,SKU-005,64,668.95,42812.8
PUR-20240909-SUP-004-I-1323,PUR-20240909-SUP-004,SKU-007,81,1909.18,154643.58
PUR-20240909-SUP-004-I-1324,PUR-20240909-SUP-004,SKU-027,88,2370.2,208577.6
PUR-20240909-SUP-004-I-1325,PUR-20240909-SUP-004,SKU-029,57,2341.52,133466.64
PUR-20240909-SUP-004-I-1326,PUR-20240909-SUP-004,SKU-031,52,1779.2,92518.4
PUR-20240909-SUP-004-I-1327,PUR-20240909-SUP-004,SKU-051,72,1573.35,113281.2
PUR-20240909-SUP-004-I-1328,PUR-20240909-SUP-004,SKU-053,41,226.34,9279.94
PUR-20240909-SUP-004-I-1329,PUR-20240909-SUP-004,SKU-055,44,774.02,34056.88
PUR-20240916-SUP-004-I-1330,PUR-20240916-SUP-004,SKU-003,100,306.61,30661.0
PUR-20240916-SUP-004-I-1331,PUR-20240916-SUP-004,SKU-005,84,667.33,56055.72
PUR-20240916-SUP-004-I-1332,PUR-20240916-SUP-004,SKU-007,98,1908.76,187058.48
PUR-20240916-SUP-004-I-1333,PUR-20240916-SUP-004,SKU-027,100,2343.41,234341.0
PUR-20240916-SUP-004-I-1334,PUR-20240916-SUP-004,SKU-029,99,2345.88,232242.12
PUR-20240916-SUP-004-I-1335,PUR-20240916-SUP-004,SKU-031,56,1760.38,98581.28
PUR-20240916-SUP-004-I-1336,PUR-20240916-SUP-004,SKU-051,70,1618.65,113305.5
PUR-20240916-SUP-004-I-1337,PUR-20240916-SUP-004,SKU-053,33,227.36,7502.88
PUR-20240916-SUP-004-I-1338,PUR-20240916-SUP-004,SKU-055,57,773.15,44069.55
PUR-20240923-SUP-004-I-1339,PUR-20240923-SUP-004,SKU-003,79,306.92,24246.68
PUR-20240923-SUP-004-I-1340,PUR-20240923-SUP-004,SKU-005,68,674.27,45850.36
PUR-20240923-SUP-004-I-1341,PUR-20240923-SUP-004,SKU-007,86,1882.56,161900.16
PUR-20240923-SUP-004-I-1342,PUR-20240923-SUP-004,SKU-027,69,2377.93,164077.17
PUR-20240923-SUP-004-I-1343,PUR-20240923-SUP-004,SKU-029,80,2412.1,192968.0
PUR-20240923-SUP-004-I-1344,PUR-20240923-SUP-004,SKU-031,34,1840.93,62591.62
PUR-20240923-SUP-004-I-1345,PUR-20240923-SUP-004,SKU-051,59,1565.07,92339.13
PUR-20240923-SUP-004-I-1346,PUR-20240923-SUP-004,SKU-053,34,229.0,7786.0
PUR-20240923-SUP-004-I-1347,PUR-20240923-SUP-004,SKU-055,43,741.38,31879.34
PUR-20240930-SUP-004-I-1348,PUR-20240930-SUP-004,SKU-003,100,301.24,30124.0
PUR-20240930-SUP-004-I-1349,PUR-20240930-SUP-004,SKU-005,50,669.23,33461.5
PUR-20240930-SUP-004-I-1350,PUR-20240930-SUP-004,SKU-007,100,1928.9,192890.0
PUR-20240930-SUP-004-I-1351,PUR-20240930-SUP-004,SKU-027,100,2366.87,236687.0
PUR-20240930-SUP-004-I-1352,PUR-20240930-SUP-004,SKU-029,100,2422.85,242285.0
PUR-20240930-SUP-004-I-1353,PUR-20240930-SUP-004,SKU-031,78,1760.62,137328.36
PUR-20240930-SUP-004-I-1354,PUR-20240930-SUP-004,SKU-051,64,1608.02,102913.28
PUR-20240930-SUP-004-I-1355,PUR-20240930-SUP-004,SKU-053,41,223.75,9173.75
PUR-20240930-SUP-004-I-1356,PUR-20240930-SUP-004,SKU-055,79,762.94,60272.26
PUR-20241007-SUP-004-I-1357,PUR-20241007-SUP-004,SKU-003,100,299.87,29987.0
PUR-20241007-SUP-004-I-1358,PUR-20241007-SUP-004,SKU-005,66,679.66,44857.56
PUR-20241007-SUP-004-I-1359,PUR-20241007-SUP-004,SKU-007,65,1921.19,124877.35
PUR-20241007-SUP-004-I-1360,PUR-20241007-SUP-004,SKU-027,97,2344.95,227460.15
PUR-20241007-SUP-004-I-1361,PUR-20241007-SUP-004,SKU-029,83,2362.72,196105.76
PUR-20241007-SUP-004-I-1362,PUR-20241007-SUP-004,SKU-031,65,1821.89,118422.85
PUR-20241007-SUP-004-I-1363,PUR-20241007-SUP-004,SKU-051,54,1576.62,85137.48
PUR-20241007-SUP-004-I-1364,PUR-20241007-SUP-004,SKU-053,33,225.79,7451.07
PUR-20241007-SUP-004-I-1365,PUR-20241007-SUP-004,SKU-055,87,769.68,66962.16
PUR-20241014-SUP-004-I-1366,PUR-20241014-SUP-004,SKU-003,100,299.09,29909.0
PUR-20241014-SUP-004-I-1367,PUR-20241014-SUP-004,SKU-005,76,682.44,51865.44
PUR-20241014-SUP-004-I-1368,PUR-20241014-SUP-004,SKU-007,100,1944.47,194447.0
PUR-20241014-SUP-004-I-1369,PUR-20241014-SUP-004,SKU-027,100,2425.74,242574.0
PUR-20241014-SUP-004-I-1370,PUR-20241014-SUP-004,SKU-029,91,2425.23,220695.93
PUR-20241014-SUP-004-I-1371,PUR-20241014-SUP-004,SKU-031,44,1831.5,80586.0
PUR-20241014-SUP-004-I-1372,PUR-20241014-SUP-004,SKU-051,88,1628.81,143335.28
PUR-20241014-SUP-004-I-1373,PUR-20241014-SUP-004,SKU-053,40,221.39,8855.6
PUR-20241014-SUP-004-I-1374,PUR-20241014-SUP-004,SKU-055,48,739.07,35475.36
PUR-20241021-SUP-004-I-1375,PUR-20241021-SUP-004,SKU-003,71,294.99,20944.29
PUR-20241021-SUP-004-I-1376,PUR-20241021-SUP-004,SKU-005,100,665.19,66519.0
PUR-20241021-SUP-004-I-1377,PUR-20241021-SUP-004,SKU-007,88,1957.41,172252.08
PUR-20241021-SUP-004-I-1378,PUR-20241021-SUP-004,SKU-027,100,2355.3,235530.0
PUR-20241021-SUP-004-I-1379,PUR-20241021-SUP-004,SKU-029,100,2338.62,233862.0
PUR-20241021-SUP-004-I-1380,PUR-20241021-SUP-004,SKU-031,59,1756.99,103662.41
PUR-20241021-SUP-004-I-1381,PUR-20241021-SUP-004,SKU-051,70,1614.98,113048.6
PUR-20241021-SUP-004-I-1382,PUR-20241021-SUP-004,SKU-053,43,223.24,9599.32
PUR-20241021-SUP-004-I-1383,PUR-20241021-SUP-004,SKU-055,43,746.7,32108.1
PUR-20241028-SUP-004-I-1384,PUR-20241028-SUP-004,SKU-003,100,302.63,30263.0
PUR-20241028-SUP-004-I-1385,PUR-20241028-SUP-004,SKU-005,68,660.77,44932.36
PUR-20241028-SUP-004-I-1386,PUR-20241028-SUP-004,SKU-007,82,1972.19,161719.58
PUR-20241028-SUP-004-I-1387,PUR-20241028-SUP-004,SKU-027,100,2402.12,240212.0
PUR-20241028-SUP-004-I-1388,PUR-20241028-SUP-004,SKU-029,91,2343.23,213233.93
PUR-20241028-SUP-004-I-1389,PUR-20241028-SUP-004,SKU-031,72,1778.77,128071.44
PUR-20241028-SUP-004-I-1390,PUR-20241028-SUP-004,SKU-051,78,1601.43,124911.54
PUR-20241028-SUP-004-I-1391,PUR-20241028-SUP-004,SKU-053,46,222.63,10240.98
PUR-20241028-SUP-004-I-1392,PUR-20241028-SUP-004,SKU-055,53,747.13,39597.89
PUR-20241104-SUP-004-I-1393,PUR-20241104-SUP-004,SKU-003,100,297.41,29741.0
PUR-20241104-SUP-004-I-1394,PUR-20241104-SUP-004,SKU-005,78,682.36,53224.08
PUR-20241104-SUP-004-I-1395,PUR-20241104-SUP-004,SKU-007,100,1921.59,192159.0
PUR-20241104-SUP-004-I-1396,PUR-20241104-SUP-004,SKU-027,100,2341.95,234195.0
PUR-20241104-SUP-004-I-1397,PUR-20241104-SUP-004,SKU-029,91,2431.76,221290.16
PUR-20241104-SUP-004-I-1398,PUR-20241104-SUP-004,SKU-031,79,1796.27,141905.33
PUR-20241104-SUP-004-I-1399,PUR-20241104-SUP-004,SKU-051,82,1618.03,132678.46
PUR-20241104-SUP-004-I-1400,PUR-20241104-SUP-004,SKU-053,46,219.73,10107.58
PUR-20241104-SUP-004-I-1401,PUR-20241104-SUP-004,SKU-055,90,762.72,68644.8
PUR-20241111-SUP-004-I-1402,PUR-20241111-SUP-004,SKU-003,100,308.93,30893.0
PUR-20241111-SUP-004-I-1403,PUR-20241111-SUP-004,SKU-005,87,662.04,57597.48
PUR-20241111-SUP-004-I-1404,PUR-20241111-SUP-004,SKU-007,100,1933.87,193387.0
PUR-20241111-SUP-004-I-1405,PUR-20241111-SUP-004,SKU-027,97,2426.0,235322.0
PUR-20241111-SUP-004-I-1406,PUR-20241111-SUP-004,SKU-029,100,2420.32,242032.0
PUR-20241111-SUP-004-I-1407,PUR-20241111-SUP-004,SKU-031,38,1771.89,67331.82
PUR-20241111-SUP-004-I-1408,PUR-20241111-SUP-004,SKU-051,100,1599.55,159955.0
PUR-20241111-SUP-004-I-1409,PUR-20241111-SUP-004,SKU-053,52,228.63,11888.76
PUR-20241111-SUP-004-I-1410,PUR-20241111-SUP-004,SKU-055,85,770.61,65501.85
PUR-20241118-SUP-004-I-1411,PUR-20241118-SUP-004,SKU-003,100,304.51,30451.0
PUR-20241118-SUP-004-I-1412,PUR-20241118-SUP-004,SKU-005,77,660.09,50826.93
PUR-20241118-SUP-004-I-1413,PUR-20241118-SUP-004,SKU-007,83,1899.9,157691.7
PUR-20241118-SUP-004-I-1414,PUR-20241118-SUP-004,SKU-027,100,2349.61,234961.0
PUR-20241118-SUP-004-I-1415,PUR-20241118-SUP-004,SKU-029,100,2424.75,242475.0
PUR-20241118-SUP-004-I-1416,PUR-20241118-SUP-004,SKU-031,100,1783.68,178368.0
PUR-20241118-SUP-004-I-1417,PUR-20241118-SUP-004,SKU-051,83,1608.63,133516.29
PUR-20241118-SUP-004-I-1418,PUR-20241118-SUP-004,SKU-053,34,223.79,7608.86
PUR-20241118-SUP-004-I-1419,PUR-20241118-SUP-004,SKU-055,81,743.37,60212.97
PUR-20241125-SUP-004-I-1420,PUR-20241125-SUP-004,SKU-003,100,295.83,29583.0
PUR-20241125-SUP-004-I-1421,PUR-20241125-SUP-004,SKU-005,100,674.45,67445.0
PUR-20241125-SUP-004-I-1422,PUR-20241125-SUP-004,SKU-007,100,1934.92,193492.0
PUR-20241125-SUP-004-I-1423,PUR-20241125-SUP-004,SKU-027,100,2420.82,242082.0
PUR-20241125-SUP-004-I-1424,PUR-20241125-SUP-004,SKU-029,91,2442.42,222260.22
PUR-20241125-SUP-004-I-1425,PUR-20241125-SUP-004,SKU-031,83,1778.75,147636.25
PUR-20241125-SUP-004-I-1426,PUR-20241125-SUP-004,SKU-051,69,1589.92,109704.48
PUR-20241125-SUP-004-I-1427,PUR-20241125-SUP-004,SKU-053,50,222.86,11143.0
PUR-20241125-SUP-004-I-1428,PUR-20241125-SUP-004,SKU-055,63,771.45,48601.35
PUR-20241202-SUP-004-I-1429,PUR-20241202-SUP-004,SKU-003,100,305.33,30533.0
PUR-20241202-SUP-004-I-1430,PUR-20241202-SUP-004,SKU-005,100,665.03,66503.0
PUR-20241202-SUP-004-I-1431,PUR-20241202-SUP-004,SKU-007,100,1967.22,196722.0
PUR-20241202-SUP-004-I-1432,PUR-20241202-SUP-004,SKU-027,100,2363.99,236399.0
PUR-20241202-SUP-004-I-1433,PUR-20241202-SUP-004,SKU-029,100,2405.84,240584.0
PUR-20241202-SUP-004-I-1434,PUR-20241202-SUP-004,SKU-031,69,1777.39,122639.91
PUR-20241202-SUP-004-I-1435,PUR-20241202-SUP-004,SKU-051,91,1573.44,143183.04
PUR-20241202-SUP-004-I-1436,PUR-20241202-SUP-004,SKU-053,49,224.56,11003.44
PUR-20241202-SUP-004-I-1437,PUR-20241202-SUP-004,SKU-055,61,760.53,46392.33
PUR-20241209-SUP-004-I-1438,PUR-20241209-SUP-004,SKU-003,100,305.87,30587.0
PUR-20241209-SUP-004-I-1439,PUR-20241209-SUP-004,SKU-005,46,674.43,31023.78
PUR-20241209-SUP-004-I-1440,PUR-20241209-SUP-004,SKU-007,100,1891.68,189168.0
PUR-20241209-SUP-004-I-1441,PUR-20241209-SUP-004,SKU-027,100,2383.51,238351.0
PUR-20241209-SUP-004-I-1442,PUR-20241209-SUP-004,SKU-029,100,2447.24,244724.0
PUR-20241209-SUP-004-I-1443,PUR-20241209-SUP-004,SKU-031,92,1769.59,162802.28
PUR-20241209-SUP-004-I-1444,PUR-20241209-SUP-004,SKU-051,89,1577.98,140440.22
PUR-20241209-SUP-004-I-1445,PUR-20241209-SUP-004,SKU-053,38,222.77,8465.26
PUR-20241209-SUP-004-I-1446,PUR-20241209-SUP-004,SKU-055,78,759.49,59240.22
PUR-20241216-SUP-004-I-1447,PUR-20241216-SUP-004,SKU-003,100,305.73,30573.0
PUR-20241216-SUP-004-I-1448,PUR-20241216-SUP-004,SKU-005,99,665.49,65883.51
PUR-20241216-SUP-004-I-1449,PUR-20241216-SUP-004,SKU-007,100,1962.09,196209.0
PUR-20241216-SUP-004-I-1450,PUR-20241216-SUP-004,SKU-027,91,2415.09,219773.19
PUR-20241216-SUP-004-I-1451,PUR-20241216-SUP-004,SKU-029,100,2411.22,241122.0
PUR-20241216-SUP-004-I-1452,PUR-20241216-SUP-004,SKU-031,85,1840.4,156434.0
PUR-20241216-SUP-004-I-1453,PUR-20241216-SUP-004,SKU-051,97,1568.53,152147.41
PUR-20241216-SUP-004-I-1454,PUR-20241216-SUP-004,SKU-053,48,226.32,10863.36
PUR-20241216-SUP-004-I-1455,PUR-20241216-SUP-004,SKU-055,71,761.69,54079.99
PUR-20241223-SUP-004-I-1456,PUR-20241223-SUP-004,SKU-003,100,299.45,29945.0
PUR-20241223-SUP-004-I-1457,PUR-20241223-SUP-004,SKU-005,90,665.91,59931.9
PUR-20241223-SUP-004-I-1458,PUR-20241223-SUP-004,SKU-007,100,1908.6,190860.0
PUR-20241223-SUP-004-I-1459,PUR-20241223-SUP-004,SKU-027,100,2341.46,234146.0
PUR-20241223-SUP-004-I-1460,PUR-20241223-SUP-004,SKU-029,100,2367.56,236756.0
PUR-20241223-SUP-004-I-1461,PUR-20241223-SUP-004,SKU-031,91,1770.09,161078.19
PUR-20241223-SUP-004-I-1462,PUR-20241223-SUP-004,SKU-051,100,1583.18,158318.0
PUR-20241223-SUP-004-I-1463,PUR-20241223-SUP-004,SKU-053,46,219.86,10113.56
PUR-20241223-SUP-004-I-1464,PUR-20241223-SUP-004,SKU-055,100,746.38,74638.0
PUR-20241230-SUP-004-I-1465,PUR-20241230-SUP-004,SKU-003,100,300.83,30083.0
PUR-20241230-SUP-004-I-1466,PUR-20241230-SUP-004,SKU-005,88,678.32,59692.16
PUR-20241230-SUP-004-I-1467,PUR-20241230-SUP-004,SKU-007,100,1908.37,190837.0
PUR-20241230-SUP-004-I-1468,PUR-20241230-SUP-004,SKU-027,100,2416.84,241684.0
PUR-20241230-SUP-004-I-1469,PUR-20241230-SUP-004,SKU-029,100,2335.16,233516.0
PUR-20241230-SUP-004-I-1470,PUR-20241230-SUP-004,SKU-031,93,1773.18,164905.74
PUR-20241230-SUP-004-I-1471,PUR-20241230-SUP-004,SKU-051,70,1614.91,113043.7
PUR-20241230-SUP-004-I-1472,PUR-20241230-SUP-004,SKU-053,52,228.9,11902.8
PUR-20241230-SUP-004-I-1473,PUR-20241230-SUP-004,SKU-055,85,740.67,62956.95
PUR-20250106-SUP-004-I-1474,PUR-20250106-SUP-004,SKU-003,100,306.88,30688.0
PUR-20250106-SUP-004-I-1475,PUR-20250106-SUP-004,SKU-005,91,669.51,60925.41
PUR-20250106-SUP-004-I-1476,PUR-20250106-SUP-004,SKU-007,100,1923.72,192372.0
PUR-20250106-SUP-004-I-1477,PUR-20250106-SUP-004,SKU-027,92,2354.0,216568.0
PUR-20250106-SUP-004-I-1478,PUR-20250106-SUP-004,SKU-029,74,2372.41,175558.34
PUR-20250106-SUP-004-I-1479,PUR-20250106-SUP-004,SKU-031,63,1829.1,115233.3
PUR-20250106-SUP-004-I-1480,PUR-20250106-SUP-004,SKU-051,31,1632.53,50608.43
PUR-20250106-SUP-004-I-1481,PUR-20250106-SUP-004,SKU-053,53,226.98,12029.94
PUR-20250106-SUP-004-I-1482,PUR-20250106-SUP-004,SKU-055,57,740.66,42217.62
PUR-20250113-SUP-004-I-1483,PUR-20250113-SUP-004,SKU-003,100,304.17,30417.0
PUR-20250113-SUP-004-I-1484,PUR-20250113-SUP-004,SKU-005,93,655.55,60966.15
PUR-20250113-SUP-004-I-1485,PUR-20250113-SUP-004,SKU-007,81,1971.19,159666.39
PUR-20250113-SUP-004-I-1486,PUR-20250113-SUP-004,SKU-027,100,2362.08,236208.0
PUR-20250113-SUP-004-I-1487,PUR-20250113-SUP-004,SKU-029,59,2413.39,142390.01
PUR-20250113-SUP-004-I-1488,PUR-20250113-SUP-004,SKU-031,45,1794.45,80750.25
PUR-20250113-SUP-004-I-1489,PUR-20250113-SUP-004,SKU-051,98,1612.08,157983.84
PUR-20250113-SUP-004-I-1490,PUR-20250113-SUP-004,SKU-053,52,223.91,11643.32
PUR-20250113-SUP-004-I-1491,PUR-20250113-SUP-004,SKU-055,88,743.13,65395.44
PUR-20250120-SUP-004-I-1492,PUR-20250120-SUP-004,SKU-003,100,294.92,29492.0
PUR-20250120-SUP-004-I-1493,PUR-20250120-SUP-004,SKU-005,76,655.21,49795.96
PUR-20250120-SUP-004-I-1494,PUR-20250120-SUP-004,SKU-007,100,1921.78,192178.0
PUR-20250120-SUP-004-I-1495,PUR-20250120-SUP-004,SKU-027,100,2391.0,239100.0
PUR-20250120-SUP-004-I-1496,PUR-20250120-SUP-004,SKU-029,100,2372.44,237244.0
PUR-20250120-SUP-004-I-1497,PUR-20250120-SUP-004,SKU-031,67,1831.96,122741.32
PUR-20250120-SUP-004-I-1498,PUR-20250120-SUP-004,SKU-051,73,1618.72,118166.56
PUR-20250120-SUP-004-I-1499,PUR-20250120-SUP-004,SKU-053,62,225.57,13985.34
PUR-20250120-SUP-004-I-1500,PUR-20250120-SUP-004,SKU-055,71,756.28,53695.88
PUR-20250127-SUP-004-I-1501,PUR-20250127-SUP-004,SKU-003,100,301.98,30198.0
PUR-20250127-SUP-004-I-1502,PUR-20250127-SUP-004,SKU-005,83,652.91,54191.53
PUR-20250127-SUP-004-I-1503,PUR-20250127-SUP-004,SKU-007,82,1913.27,156888.14
PUR-20250127-SUP-004-I-1504,PUR-20250127-SUP-004,SKU-027,100,2427.49,242749.0
PUR-20250127-SUP-004-I-1505,PUR-20250127-SUP-004,SKU-029,100,2348.97,234897.0
PUR-20250127-SUP-004-I-1506,PUR-20250127-SUP-004,SKU-031,71,1808.35,128392.85
PUR-20250127-SUP-004-I-1507,PUR-20250127-SUP-004,SKU-051,42,1605.28,67421.76
PUR-20250127-SUP-004-I-1508,PUR-20250127-SUP-004,SKU-053,47,221.41,10406.27
PUR-20250127-SUP-004-I-1509,PUR-20250127-SUP-004,SKU-055,78,749.33,58447.74
PUR-20250203-SUP-004-I-1510,PUR-20250203-SUP-004,SKU-003,100,297.76,29776.0
PUR-20250203-SUP-004-I-1511,PUR-20250203-SUP-004,SKU-005,78,674.62,52620.36
PUR-20250203-SUP-004-I-1512,PUR-20250203-SUP-004,SKU-007,91,1909.47,173761.77
PUR-20250203-SUP-004-I-1513,PUR-20250203-SUP-004,SKU-027,89,2392.11,212897.79
PUR-20250203-SUP-004-I-1514,PUR-20250203-SUP-004,SKU-029,67,2361.34,158209.78
PUR-20250203-SUP-004-I-1515,PUR-20250203-SUP-004,SKU-031,49,1765.76,86522.24
PUR-20250203-SUP-004-I-1516,PUR-20250203-SUP-004,SKU-051,58,1602.68,92955.44
PUR-20250203-SUP-004-I-1517,PUR-20250203-SUP-004,SKU-053,33,222.06,7327.98
PUR-20250203-SUP-004-I-1518,PUR-20250203-SUP-004,SKU-055,48,753.66,36175.68
PUR-20250210-SUP-004-I-1519,PUR-20250210-SUP-004,SKU-003,100,305.31,30531.0
PUR-20250210-SUP-004-I-1520,PUR-20250210-SUP-004,SKU-005,74,655.37,48497.38
PUR-20250210-SUP-004-I-1521,PUR-20250210-SUP-004,SKU-007,76,1962.45,149146.2
PUR-20250210-SUP-004-I-1522,PUR-20250210-SUP-004,SKU-027,100,2384.41,238441.0
PUR-20250210-SUP-004-I-1523,PUR-20250210-SUP-004,SKU-029,100,2339.5,233950.0
PUR-20250210-SUP-004-I-1524,PUR-20250210-SUP-004,SKU-031,60,1794.01,107640.6
PUR-20250210-SUP-004-I-1525,PUR-20250210-SUP-004,SKU-051,57,1571.17,89556.69
PUR-20250210-SUP-004-I-1526,PUR-20250210-SUP-004,SKU-053,41,219.89,9015.49
PUR-20250210-SUP-004-I-1527,PUR-20250210-SUP-004,SKU-055,57,774.78,44162.46
PUR-20250217-SUP-004-I-1528,PUR-20250217-SUP-004,SKU-003,100,301.22,30122.0
PUR-20250217-SUP-004-I-1529,PUR-20250217-SUP-004,SKU-005,51,665.48,33939.48
PUR-20250217-SUP-004-I-1530,PUR-20250217-SUP-004,SKU-007,90,1920.87,172878.3
PUR-20250217-SUP-004-I-1531,PUR-20250217-SUP-004,SKU-027,100,2340.25,234025.0
PUR-20250217-SUP-004-I-1532,PUR-20250217-SUP-004,SKU-029,64,2432.33,155669.12
PUR-20250217-SUP-004-I-1533,PUR-20250217-SUP-004,SKU-031,55,1797.7,98873.5
PUR-20250217-SUP-004-I-1534,PUR-20250217-SUP-004,SKU-051,66,1567.75,103471.5
PUR-20250217-SUP-004-I-1535,PUR-20250217-SUP-004,SKU-053,43,225.94,9715.42
PUR-20250217-SUP-004-I-1536,PUR-20250217-SUP-004,SKU-055,59,765.68,45175.12
PUR-20250224-SUP-004-I-1537,PUR-20250224-SUP-004,SKU-003,88,296.91,26128.08
PUR-20250224-SUP-004-I-1538,PUR-20250224-SUP-004,SKU-005,72,683.27,49195.44
PUR-20250224-SUP-004-I-1539,PUR-20250224-SUP-004,SKU-007,65,1941.86,126220.9
PUR-20250224-SUP-004-I-1540,PUR-20250224-SUP-004,SKU-027,100,2370.24,237024.0
PUR-20250224-SUP-004-I-1541,PUR-20250224-SUP-004,SKU-029,80,2392.14,191371.2
PUR-20250224-SUP-004-I-1542,PUR-20250224-SUP-004,SKU-031,77,1807.48,139175.96
PUR-20250224-SUP-004-I-1543,PUR-20250224-SUP-004,SKU-051,82,1634.24,134007.68
PUR-20250224-SUP-004-I-1544,PUR-20250224-SUP-004,SKU-053,31,228.86,7094.66
PUR-20250224-SUP-004-I-1545,PUR-20250224-SUP-004,SKU-055,41,740.72,30369.52
PUR-20250303-SUP-004-I-1546,PUR-20250303-SUP-004,SKU-003,100,309.15,30915.0
PUR-20250303-SUP-004-I-1547,PUR-20250303-SUP-004,SKU-005,76,655.98,49854.48
PUR-20250303-SUP-004-I-1548,PUR-20250303-SUP-004,SKU-007,84,1888.24,158612.16
PUR-20250303-SUP-004-I-1549,PUR-20250303-SUP-004,SKU-027,100,2319.89,231989.0
PUR-20250303-SUP-004-I-1550,PUR-20250303-SUP-004,SKU-029,100,2443.35,244335.0
PUR-20250303-SUP-004-I-1551,PUR-20250303-SUP-004,SKU-031,82,1816.24,148931.68
PUR-20250303-SUP-004-I-1552,PUR-20250303-SUP-004,SKU-051,64,1575.57,100836.48
PUR-20250303-SUP-004-I-1553,PUR-20250303-SUP-004,SKU-053,66,221.21,14599.86
PUR-20250303-SUP-004-I-1554,PUR-20250303-SUP-004,SKU-055,84,751.81,63152.04
PUR-20250310-SUP-004-I-1555,PUR-20250310-SUP-004,SKU-003,100,302.55,30255.0
PUR-20250310-SUP-004-I-1556,PUR-20250310-SUP-004,SKU-005,100,675.82,67582.0
PUR-20250310-SUP-004-I-1557,PUR-20250310-SUP-004,SKU-007,100,1894.01,189401.0
PUR-20250310-SUP-004-I-1558,PUR-20250310-SUP-004,SKU-027,100,2434.21,243421.0
PUR-20250310-SUP-004-I-1559,PUR-20250310-SUP-004,SKU-029,100,2433.54,243354.0
PUR-20250310-SUP-004-I-1560,PUR-20250310-SUP-004,SKU-031,100,1808.04,180804.0
PUR-20250310-SUP-004-I-1561,PUR-20250310-SUP-004,SKU-051,89,1572.82,139980.98
PUR-20250310-SUP-004-I-1562,PUR-20250310-SUP-004,SKU-053,48,222.65,10687.2
PUR-20250310-SUP-004-I-1563,PUR-20250310-SUP-004,SKU-055,55,773.35,42534.25
PUR-20250317-SUP-004-I-1564,PUR-20250317-SUP-004,SKU-003,100,304.17,30417.0
PUR-20250317-SUP-004-I-1565,PUR-20250317-SUP-004,SKU-005,50,670.27,33513.5
PUR-20250317-SUP-004-I-1566,PUR-20250317-SUP-004,SKU-007,100,1923.44,192344.0
PUR-20250317-SUP-004-I-1567,PUR-20250317-SUP-004,SKU-027,100,2355.28,235528.0
PUR-20250317-SUP-004-I-1568,PUR-20250317-SUP-004,SKU-029,100,2420.16,242016.0
PUR-20250317-SUP-004-I-1569,PUR-20250317-SUP-004,SKU-031,84,1814.83,152445.72
PUR-20250317-SUP-004-I-1570,PUR-20250317-SUP-004,SKU-051,98,1598.14,156617.72
PUR-20250317-SUP-004-I-1571,PUR-20250317-SUP-004,SKU-053,65,229.54,14920.1
PUR-20250317-SUP-004-I-1572,PUR-20250317-SUP-004,SKU-055,65,775.07,50379.55
PUR-20250324-SUP-004-I-1573,PUR-20250324-SUP-004,SKU-003,100,296.5,29650.0
PUR-20250324-SUP-004-I-1574,PUR-20250324-SUP-004,SKU-005,48,662.32,31791.36
PUR-20250324-SUP-004-I-1575,PUR-20250324-SUP-004,SKU-007,58,1969.68,114241.44
PUR-20250324-SUP-004-I-1576,PUR-20250324-SUP-004,SKU-027,100,2394.91,239491.0
PUR-20250324-SUP-004-I-1577,PUR-20250324-SUP-004,SKU-029,95,2417.83,229693.85
PUR-20250324-SUP-004-I-1578,PUR-20250324-SUP-004,SKU-031,87,1819.15,158266.05
PUR-20250324-SUP-004-I-1579,PUR-20250324-SUP-004,SKU-051,73,1625.71,118676.83
PUR-20250324-SUP-004-I-1580,PUR-20250324-SUP-004,SKU-053,48,222.79,10693.92
PUR-20250324-SUP-004-I-1581,PUR-20250324-SUP-004,SKU-055,92,762.62,70161.04
PUR-20250331-SUP-004-I-1582,PUR-20250331-SUP-004,SKU-003,23,295.7,6801.1
PUR-20250331-SUP-004-I-1583,PUR-20250331-SUP-004,SKU-005,17,658.7,11197.9
PUR-20250331-SUP-004-I-1584,PUR-20250331-SUP-004,SKU-007,16,1918.75,30700.0
PUR-20250331-SUP-004-I-1585,PUR-20250331-SUP-004,SKU-027,25,2329.66,58241.5
PUR-20250331-SUP-004-I-1586,PUR-20250331-SUP-004,SKU-029,27,2366.05,63883.35
PUR-20250331-SUP-004-I-1587,PUR-20250331-SUP-004,SKU-031,5,1780.2,8901.0
PUR-20250331-SUP-004-I-1588,PUR-20250331-SUP-004,SKU-051,5,1596.65,7983.25
PUR-20250331-SUP-004-I-1589,PUR-20250331-SUP-004,SKU-053,10,223.46,2234.6
PUR-20250331-SUP-004-I-1590,PUR-20250331-SUP-004,SKU-055,16,766.45,12263.2
PUR-20240401-SUP-005-I-1591,PUR-20240401-SUP-005,SKU-006,55,637.28,35050.4
PUR-20240401-SUP-005-I-1592,PUR-20240401-SUP-005,SKU-008,50,2093.65,104682.5
PUR-20240401-SUP-005-I-1593,PUR-20240401-SUP-005,SKU-010,88,1275.33,112229.04
PUR-20240401-SUP-005-I-1594,PUR-20240401-SUP-005,SKU-030,18,2363.71,42546.78
PUR-20240401-SUP-005-I-1595,PUR-20240401-SUP-005,SKU-032,62,1772.86,109917.32
PUR-20240401-SUP-005-I-1596,PUR-20240401-SUP-005,SKU-034,25,1440.13,36003.25
PUR-20240401-SUP-005-I-1597,PUR-20240401-SUP-005,SKU-054,49,253.76,12434.24
PUR-20240401-SUP-005-I-1598,PUR-20240401-SUP-005,SKU-056,27,720.69,19458.63
PUR-20240401-SUP-005-I-1599,PUR-20240401-SUP-005,SKU-058,33,1564.01,51612.33
PUR-20240408-SUP-005-I-1600,PUR-20240408-SUP-005,SKU-006,41,623.1,25547.1
PUR-20240408-SUP-005-I-1601,PUR-20240408-SUP-005,SKU-008,63,2025.99,127637.37
PUR-20240408-SUP-005-I-1602,PUR-20240408-SUP-005,SKU-010,93,1274.45,118523.85
PUR-20240408-SUP-005-I-1603,PUR-20240408-SUP-005,SKU-030,35,2278.47,79746.45
PUR-20240408-SUP-005-I-1604,PUR-20240408-SUP-005,SKU-032,36,1777.79,64000.44
PUR-20240408-SUP-005-I-1605,PUR-20240408-SUP-005,SKU-034,31,1410.51,43725.81
PUR-20240408-SUP-005-I-1606,PUR-20240408-SUP-005,SKU-054,52,254.3,13223.6
PUR-20240408-SUP-005-I-1607,PUR-20240408-SUP-005,SKU-056,31,716.07,22198.17
PUR-20240408-SUP-005-I-1608,PUR-20240408-SUP-005,SKU-058,51,1578.13,80484.63
PUR-20240415-SUP-005-I-1609,PUR-20240415-SUP-005,SKU-006,37,619.58,22924.46
PUR-20240415-SUP-005-I-1610,PUR-20240415-SUP-005,SKU-008,49,2097.7,102787.3
PUR-20240415-SUP-005-I-1611,PUR-20240415-SUP-005,SKU-010,94,1290.01,121260.94
PUR-20240415-SUP-005-I-1612,PUR-20240415-SUP-005,SKU-030,37,2284.73,84535.01
PUR-20240415-SUP-005-I-1613,PUR-20240415-SUP-005,SKU-032,43,1745.62,75061.66
PUR-20240415-SUP-005-I-1614,PUR-20240415-SUP-005,SKU-034,51,1420.07,72423.57
PUR-20240415-SUP-005-I-1615,PUR-20240415-SUP-005,SKU-054,50,253.26,12663.0
PUR-20240415-SUP-005-I-1616,PUR-20240415-SUP-005,SKU-056,47,719.8,33830.6
PUR-20240415-SUP-005-I-1617,PUR-20240415-SUP-005,SKU-058,47,1607.77,75565.19
PUR-20240422-SUP-005-I-1618,PUR-20240422-SUP-005,SKU-006,27,620.62,16756.74
PUR-20240422-SUP-005-I-1619,PUR-20240422-SUP-005,SKU-008,65,2054.69,133554.85
PUR-20240422-SUP-005-I-1620,PUR-20240422-SUP-005,SKU-010,57,1323.25,75425.25
PUR-20240422-SUP-005-I-1621,PUR-20240422-SUP-005,SKU-030,29,2297.4,66624.6
PUR-20240422-SUP-005-I-1622,PUR-20240422-SUP-005,SKU-032,43,1740.63,74847.09
PUR-20240422-SUP-005-I-1623,PUR-20240422-SUP-005,SKU-034,34,1427.07,48520.38
PUR-20240422-SUP-005-I-1624,PUR-20240422-SUP-005,SKU-054,53,255.17,13524.01
PUR-20240422-SUP-005-I-1625,PUR-20240422-SUP-005,SKU-056,32,729.27,23336.64
PUR-20240422-SUP-005-I-1626,PUR-20240422-SUP-005,SKU-058,47,1611.77,75753.19
PUR-20240429-SUP-005-I-1627,PUR-20240429-SUP-005,SKU-006,59,618.59,36496.81
PUR-20240429-SUP-005-I-1628,PUR-20240429-SUP-005,SKU-008,77,2056.54,158353.58
PUR-20240429-SUP-005-I-1629,PUR-20240429-SUP-005,SKU-010,100,1299.32,129932.0
PUR-20240429-SUP-005-I-1630,PUR-20240429-SUP-005,SKU-030,44,2371.24,104334.56
PUR-20240429-SUP-005-I-1631,PUR-20240429-SUP-005,SKU-032,56,1770.6,99153.6
PUR-20240429-SUP-005-I-1632,PUR-20240429-SUP-005,SKU-034,41,1432.51,58732.91
PUR-20240429-SUP-005-I-1633,PUR-20240429-SUP-005,SKU-054,49,244.19,11965.31
PUR-20240429-SUP-005-I-1634,PUR-20240429-SUP-005,SKU-056,43,729.29,31359.47
PUR-20240429-SUP-005-I-1635,PUR-20240429-SUP-005,SKU-058,43,1546.99,66520.57
PUR-20240506-SUP-005-I-1636,PUR-20240506-SUP-005,SKU-006,53,621.49,32938.97
PUR-20240506-SUP-005-I-1637,PUR-20240506-SUP-005,SKU-008,81,2031.54,164554.74
PUR-20240506-SUP-005-I-1638,PUR-20240506-SUP-005,SKU-010,100,1261.96,126196.0
PUR-20240506-SUP-005-I-1639,PUR-20240506-SUP-005,SKU-030,55,2366.96,130182.8
PUR-20240506-SUP-005-I-1640,PUR-20240506-SUP-005,SKU-032,46,1793.56,82503.76
PUR-20240506-SUP-005-I-1641,PUR-20240506-SUP-005,SKU-034,40,1420.91,56836.4
PUR-20240506-SUP-005-I-1642,PUR-20240506-SUP-005,SKU-054,65,248.23,16134.95
PUR-20240506-SUP-005-I-1643,PUR-20240506-SUP-005,SKU-056,44,721.23,31734.12
PUR-20240506-SUP-005-I-1644,PUR-20240506-SUP-005,SKU-058,34,1544.42,52510.28
PUR-20240513-SUP-005-I-1645,PUR-20240513-SUP-005,SKU-006,42,635.26,26680.92
PUR-20240513-SUP-005-I-1646,PUR-20240513-SUP-005,SKU-008,100,2108.66,210866.0
PUR-20240513-SUP-005-I-1647,PUR-20240513-SUP-005,SKU-010,63,1313.27,82736.01
PUR-20240513-SUP-005-I-1648,PUR-20240513-SUP-005,SKU-030,31,2304.37,71435.47
PUR-20240513-SUP-005-I-1649,PUR-20240513-SUP-005,SKU-032,59,1749.09,103196.31
PUR-20240513-SUP-005-I-1650,PUR-20240513-SUP-005,SKU-034,31,1429.93,44327.83
PUR-20240513-SUP-005-I-1651,PUR-20240513-SUP-005,SKU-054,60,249.9,14994.0
PUR-20240513-SUP-005-I-1652,PUR-20240513-SUP-005,SKU-056,48,718.34,34480.32
PUR-20240513-SUP-005-I-1653,PUR-20240513-SUP-005,SKU-058,63,1551.85,97766.55
PUR-20240520-SUP-005-I-1654,PUR-20240520-SUP-005,SKU-006,66,626.76,41366.16
PUR-20240520-SUP-005-I-1655,PUR-20240520-SUP-005,SKU-008,65,2070.52,134583.8
PUR-20240520-SUP-005-I-1656,PUR-20240520-SUP-005,SKU-010,100,1316.49,131649.0
PUR-20240520-SUP-005-I-1657,PUR-20240520-SUP-005,SKU-030,31,2367.83,73402.73
PUR-20240520-SUP-005-I-1658,PUR-20240520-SUP-005,SKU-032,63,1762.0,111006.0
PUR-20240520-SUP-005-I-1659,PUR-20240520-SUP-005,SKU-034,39,1444.28,56326.92
PUR-20240520-SUP-005-I-1660,PUR-20240520-SUP-005,SKU-054,53,254.21,13473.13
PUR-20240520-SUP-005-I-1661,PUR-20240520-SUP-005,SKU-056,34,712.44,24222.96
PUR-20240520-SUP-005-I-1662,PUR-20240520-SUP-005,SKU-058,65,1550.36,100773.4
PUR-20240527-SUP-005-I-1663,PUR-20240527-SUP-005,SKU-006,45,620.83,27937.35
PUR-20240527-SUP-005-I-1664,PUR-20240527-SUP-005,SKU-008,100,2073.95,207395.0
PUR-20240527-SUP-005-I-1665,PUR-20240527-SUP-005,SKU-010,97,1282.38,124390.86
PUR-20240527-SUP-005-I-1666,PUR-20240527-SUP-005,SKU-030,43,2308.0,99244.0
PUR-20240527-SUP-005-I-1667,PUR-20240527-SUP-005,SKU-032,76,1781.81,135417.56
PUR-20240527-SUP-005-I-1668,PUR-20240527-SUP-005,SKU-034,37,1409.05,52134.85
PUR-20240527-SUP-005-I-1669,PUR-20240527-SUP-005,SKU-054,62,255.07,15814.34
PUR-20240527-SUP-005-I-1670,PUR-20240527-SUP-005,SKU-056,41,711.43,29168.63
PUR-20240527-SUP-005-I-1671,PUR-20240527-SUP-005,SKU-058,28,1610.52,45094.56
PUR-20240603-SUP-005-I-1672,PUR-20240603-SUP-005,SKU-006,55,644.19,35430.45
PUR-20240603-SUP-005-I-1673,PUR-20240603-SUP-005,SKU-008,34,2089.54,71044.36
PUR-20240603-SUP-005-I-1674,PUR-20240603-SUP-005,SKU-010,57,1280.36,72980.52
PUR-20240603-SUP-005-I-1675,PUR-20240603-SUP-005,SKU-030,38,2329.22,88510.36
PUR-20240603-SUP-005-I-1676,PUR-20240603-SUP-005,SKU-032,68,1747.79,118849.72
PUR-20240603-SUP-005-I-1677,PUR-20240603-SUP-005,SKU-034,31,1422.58,44099.98
PUR-20240603-SUP-005-I-1678,PUR-20240603-SUP-005,SKU-054,47,255.07,11988.29
PUR-20240603-SUP-005-I-1679,PUR-20240603-SUP-005,SKU-056,59,725.24,42789.16
PUR-20240603-SUP-005-I-1680,PUR-20240603-SUP-005,SKU-058,38,1540.14,58525.32
PUR-20240610-SUP-005-I-1681,PUR-20240610-SUP-005,SKU-006,58,618.41,35867.78
PUR-20240610-SUP-005-I-1682,PUR-20240610-SUP-005,SKU-008,48,2061.28,98941.44
PUR-20240610-SUP-005-I-1683,PUR-20240610-SUP-005,SKU-010,72,1315.53,94718.16
PUR-20240610-SUP-005-I-1684,PUR-20240610-SUP-005,SKU-030,34,2365.92,80441.28
PUR-20240610-SUP-005-I-1685,PUR-20240610-SUP-005,SKU-032,50,1788.44,89422.0
PUR-20240610-SUP-005-I-1686,PUR-20240610-SUP-005,SKU-034,39,1458.89,56896.71
PUR-20240610-SUP-005-I-1687,PUR-20240610-SUP-005,SKU-054,71,251.08,17826.68
PUR-20240610-SUP-005-I-1688,PUR-20240610-SUP-005,SKU-056,45,713.01,32085.45
PUR-20240610-SUP-005-I-1689,PUR-20240610-SUP-005,SKU-058,32,1605.92,51389.44
PUR-20240617-SUP-005-I-1690,PUR-20240617-SUP-005,SKU-006,60,637.02,38221.2
PUR-20240617-SUP-005-I-1691,PUR-20240617-SUP-005,SKU-008,58,2068.5,119973.0
PUR-20240617-SUP-005-I-1692,PUR-20240617-SUP-005,SKU-010,46,1265.65,58219.9
PUR-20240617-SUP-005-I-1693,PUR-20240617-SUP-005,SKU-030,37,2296.66,84976.42
PUR-20240617-SUP-005-I-1694,PUR-20240617-SUP-005,SKU-032,60,1789.14,107348.4
PUR-20240617-SUP-005-I-1695,PUR-20240617-SUP-005,SKU-034,36,1459.86,52554.96
PUR-20240617-SUP-005-I-1696,PUR-20240617-SUP-005,SKU-054,42,245.35,10304.7
PUR-20240617-SUP-005-I-1697,PUR-20240617-SUP-005,SKU-056,39,718.09,28005.51
PUR-20240617-SUP-005-I-1698,PUR-20240617-SUP-005,SKU-058,37,1556.04,57573.48
PUR-20240624-SUP-005-I-1699,PUR-20240624-SUP-005,SKU-006,57,641.12,36543.84
PUR-20240624-SUP-005-I-1700,PUR-20240624-SUP-005,SKU-008,63,2042.42,128672.46
PUR-20240624-SUP-005-I-1701,PUR-20240624-SUP-005,SKU-010,52,1278.1,66461.2
PUR-20240624-SUP-005-I-1702,PUR-20240624-SUP-005,SKU-030,53,2300.98,121951.94
PUR-20240624-SUP-005-I-1703,PUR-20240624-SUP-005,SKU-032,72,1794.74,129221.28
PUR-20240624-SUP-005-I-1704,PUR-20240624-SUP-005,SKU-034,26,1423.11,37000.86
PUR-20240624-SUP-005-I-1705,PUR-20240624-SUP-005,SKU-054,57,245.58,13998.06
PUR-20240624-SUP-005-I-1706,PUR-20240624-SUP-005,SKU-056,44,733.8,32287.2
PUR-20240624-SUP-005-I-1707,PUR-20240624-SUP-005,SKU-058,29,1554.59,45083.11
PUR-20240701-SUP-005-I-1708,PUR-20240701-SUP-005,SKU-006,63,642.02,40447.26
PUR-20240701-SUP-005-I-1709,PUR-20240701-SUP-005,SKU-008,70,2094.88,146641.6
PUR-20240701-SUP-005-I-1710,PUR-20240701-SUP-005,SKU-010,100,1306.72,130672.0
PUR-20240701-SUP-005-I-1711,PUR-20240701-SUP-005,SKU-030,27,2308.57,62331.39
PUR-20240701-SUP-005-I-1712,PUR-20240701-SUP-005,SKU-032,59,1793.9,105840.1
PUR-20240701-SUP-005-I-1713,PUR-20240701-SUP-005,SKU-034,34,1413.58,48061.72
PUR-20240701-SUP-005-I-1714,PUR-20240701-SUP-005,SKU-054,34,250.59,8520.06
PUR-20240701-SUP-005-I-1715,PUR-20240701-SUP-005,SKU-056,48,745.53,35785.44
PUR-20240701-SUP-005-I-1716,PUR-20240701-SUP-005,SKU-058,54,1567.24,84630.96
PUR-20240708-SUP-005-I-1717,PUR-20240708-SUP-005,SKU-006,58,623.65,36171.7
PUR-20240708-SUP-005-I-1718,PUR-20240708-SUP-005,SKU-008,76,2064.84,156927.84
PUR-20240708-SUP-005-I-1719,PUR-20240708-SUP-005,SKU-010,100,1315.57,131557.0
PUR-20240708-SUP-005-I-1720,PUR-20240708-SUP-005,SKU-030,34,2285.77,77716.18
PUR-20240708-SUP-005-I-1721,PUR-20240708-SUP-005,SKU-032,50,1784.26,89213.0
PUR-20240708-SUP-005-I-1722,PUR-20240708-SUP-005,SKU-034,32,1446.47,46287.04
PUR-20240708-SUP-005-I-1723,PUR-20240708-SUP-005,SKU-054,35,244.5,8557.5
PUR-20240708-SUP-005-I-1724,PUR-20240708-SUP-005,SKU-056,36,736.33,26507.88
PUR-20240708-SUP-005-I-1725,PUR-20240708-SUP-005,SKU-058,51,1577.2,80437.2
PUR-20240715-SUP-005-I-1726,PUR-20240715-SUP-005,SKU-006,62,616.73,38237.26
PUR-20240715-SUP-005-I-1727,PUR-20240715-SUP-005,SKU-008,57,2055.14,117142.98
PUR-20240715-SUP-005-I-1728,PUR-20240715-SUP-005,SKU-010,96,1281.04,122979.84
PUR-20240715-SUP-005-I-1729,PUR-20240715-SUP-005,SKU-030,46,2302.76,105926.96
PUR-20240715-SUP-005-I-1730,PUR-20240715-SUP-005,SKU-032,38,1727.08,65629.04
PUR-20240715-SUP-005-I-1731,PUR-20240715-SUP-005,SKU-034,34,1465.56,49829.04
PUR-20240715-SUP-005-I-1732,PUR-20240715-SUP-005,SKU-054,42,244.82,10282.44
PUR-20240715-SUP-005-I-1733,PUR-20240715-SUP-005,SKU-056,55,709.93,39046.15
PUR-20240715-SUP-005-I-1734,PUR-20240715-SUP-005,SKU-058,67,1597.4,107025.8
PUR-20240722-SUP-005-I-1735,PUR-20240722-SUP-005,SKU-006,67,645.91,43275.97
PUR-20240722-SUP-005-I-1736,PUR-20240722-SUP-005,SKU-008,100,2058.79,205879.0
PUR-20240722-SUP-005-I-1737,PUR-20240722-SUP-005,SKU-010,99,1272.45,125972.55
PUR-20240722-SUP-005-I-1738,PUR-20240722-SUP-005,SKU-030,39,2375.54,92646.06
PUR-20240722-SUP-005-I-1739,PUR-20240722-SUP-005,SKU-032,44,1761.85,77521.4
PUR-20240722-SUP-005-I-1740,PUR-20240722-SUP-005,SKU-034,48,1432.28,68749.44
PUR-20240722-SUP-005-I-1741,PUR-20240722-SUP-005,SKU-054,41,250.62,10275.42
PUR-20240722-SUP-005-I-1742,PUR-20240722-SUP-005,SKU-056,37,739.58,27364.46
PUR-20240722-SUP-005-I-1743,PUR-20240722-SUP-005,SKU-058,41,1551.0,63591.0
PUR-20240729-SUP-005-I-1744,PUR-20240729-SUP-005,SKU-006,48,635.41,30499.68
PUR-20240729-SUP-005-I-1745,PUR-20240729-SUP-005,SKU-008,76,2090.13,158849.88
PUR-20240729-SUP-005-I-1746,PUR-20240729-SUP-005,SKU-010,65,1300.7,84545.5
PUR-20240729-SUP-005-I-1747,PUR-20240729-SUP-005,SKU-030,29,2341.8,67912.2
PUR-20240729-SUP-005-I-1748,PUR-20240729-SUP-005,SKU-032,65,1725.69,112169.85
PUR-20240729-SUP-005-I-1749,PUR-20240729-SUP-005,SKU-034,47,1414.4,66476.8
PUR-20240729-SUP-005-I-1750,PUR-20240729-SUP-005,SKU-054,56,248.71,13927.76
PUR-20240729-SUP-005-I-1751,PUR-20240729-SUP-005,SKU-056,28,744.26,20839.28
PUR-20240729-SUP-005-I-1752,PUR-20240729-SUP-005,SKU-058,48,1588.11,76229.28
PUR-20240805-SUP-005-I-1753,PUR-20240805-SUP-005,SKU-006,49,635.88,31158.12
PUR-20240805-SUP-005-I-1754,PUR-20240805-SUP-005,SKU-008,51,2036.77,103875.27
PUR-20240805-SUP-005-I-1755,PUR-20240805-SUP-005,SKU-010,100,1291.52,129152.0
PUR-20240805-SUP-005-I-1756,PUR-20240805-SUP-005,SKU-030,34,2277.42,77432.28
PUR-20240805-SUP-005-I-1757,PUR-20240805-SUP-005,SKU-032,54,1761.01,95094.54
PUR-20240805-SUP-005-I-1758,PUR-20240805-SUP-005,SKU-034,43,1425.9,61313.7
PUR-20240805-SUP-005-I-1759,PUR-20240805-SUP-005,SKU-054,52,246.1,12797.2
PUR-20240805-SUP-005-I-1760,PUR-20240805-SUP-005,SKU-056,37,713.39,26395.43
PUR-20240805-SUP-005-I-1761,PUR-20240805-SUP-005,SKU-058,29,1581.94,45876.26
PUR-20240812-SUP-005-I-1762,PUR-20240812-SUP-005,SKU-006,43,627.45,26980.35
PUR-20240812-SUP-005-I-1763,PUR-20240812-SUP-005,SKU-008,67,2090.94,140092.98
PUR-20240812-SUP-005-I-1764,PUR-20240812-SUP-005,SKU-010,72,1273.62,91700.64
PUR-20240812-SUP-005-I-1765,PUR-20240812-SUP-005,SKU-030,28,2346.29,65696.12
PUR-20240812-SUP-005-I-1766,PUR-20240812-SUP-005,SKU-032,50,1796.32,89816.0
PUR-20240812-SUP-005-I-1767,PUR-20240812-SUP-005,SKU-034,42,1415.46,59449.32
PUR-20240812-SUP-005-I-1768,PUR-20240812-SUP-005,SKU-054,56,246.45,13801.2
PUR-20240812-SUP-005-I-1769,PUR-20240812-SUP-005,SKU-056,56,718.15,40216.4
PUR-20240812-SUP-005-I-1770,PUR-20240812-SUP-005,SKU-058,45,1590.18,71558.1
PUR-20240819-SUP-005-I-1771,PUR-20240819-SUP-005,SKU-006,56,632.18,35402.08
PUR-20240819-SUP-005-I-1772,PUR-20240819-SUP-005,SKU-008,76,2123.13,161357.88
PUR-20240819-SUP-005-I-1773,PUR-20240819-SUP-005,SKU-010,56,1262.52,70701.12
PUR-20240819-SUP-005-I-1774,PUR-20240819-SUP-005,SKU-030,49,2309.04,113142.96
PUR-20240819-SUP-005-I-1775,PUR-20240819-SUP-005,SKU-032,89,1735.82,154487.98
PUR-20240819-SUP-005-I-1776,PUR-20240819-SUP-005,SKU-034,52,1401.86,72896.72
PUR-20240819-SUP-005-I-1777,PUR-20240819-SUP-005,SKU-054,55,254.8,14014.0
PUR-20240819-SUP-005-I-1778,PUR-20240819-SUP-005,SKU-056,29,739.09,21433.61
PUR-20240819-SUP-005-I-1779,PUR-20240819-SUP-005,SKU-058,48,1560.03,74881.44
PUR-20240826-SUP-005-I-1780,PUR-20240826-SUP-005,SKU-006,37,630.07,23312.59
PUR-20240826-SUP-005-I-1781,PUR-20240826-SUP-005,SKU-008,65,2093.1,136051.5
PUR-20240826-SUP-005-I-1782,PUR-20240826-SUP-005,SKU-010,97,1277.63,123930.11
PUR-20240826-SUP-005-I-1783,PUR-20240826-SUP-005,SKU-030,45,2326.52,104693.4
PUR-20240826-SUP-005-I-1784,PUR-20240826-SUP-005,SKU-032,39,1760.65,68665.35
PUR-20240826-SUP-005-I-1785,PUR-20240826-SUP-005,SKU-034,35,1454.14,50894.9
PUR-20240826-SUP-005-I-1786,PUR-20240826-SUP-005,SKU-054,46,248.69,11439.74
PUR-20240826-SUP-005-I-1787,PUR-20240826-SUP-005,SKU-056,29,737.72,21393.88
PUR-20240826-SUP-005-I-1788,PUR-20240826-SUP-005,SKU-058,37,1550.78,57378.86
PUR-20240902-SUP-005-I-1789,PUR-20240902-SUP-005,SKU-006,70,633.75,44362.5
PUR-20240902-SUP-005-I-1790,PUR-20240902-SUP-005,SKU-008,81,2040.2,165256.2
PUR-20240902-SUP-005-I-1791,PUR-20240902-SUP-005,SKU-010,55,1292.09,71064.95
PUR-20240902-SUP-005-I-1792,PUR-20240902-SUP-005,SKU-030,51,2367.59,120747.09
PUR-20240902-SUP-005-I-1793,PUR-20240902-SUP-005,SKU-032,53,1743.39,92399.67
PUR-20240902-SUP-005-I-1794,PUR-20240902-SUP-005,SKU-034,57,1433.24,81694.68
PUR-20240902-SUP-005-I-1795,PUR-20240902-SUP-005,SKU-054,65,248.25,16136.25
PUR-20240902-SUP-005-I-1796,PUR-20240902-SUP-005,SKU-056,69,744.83,51393.27
PUR-20240902-SUP-005-I-1797,PUR-20240902-SUP-005,SKU-058,54,1558.8,84175.2
PUR-20240909-SUP-005-I-1798,PUR-20240909-SUP-005,SKU-006,72,625.22,45015.84
PUR-20240909-SUP-005-I-1799,PUR-20240909-SUP-005,SKU-008,87,2093.91,182170.17
PUR-20240909-SUP-005-I-1800,PUR-20240909-SUP-005,SKU-010,100,1273.09,127309.0
PUR-20240909-SUP-005-I-1801,PUR-20240909-SUP-005,SKU-030,37,2272.11,84068.07
PUR-20240909-SUP-005-I-1802,PUR-20240909-SUP-005,SKU-032,54,1754.01,94716.54
PUR-20240909-SUP-005-I-1803,PUR-20240909-SUP-005,SKU-034,60,1405.75,84345.0
PUR-20240909-SUP-005-I-1804,PUR-20240909-SUP-005,SKU-054,60,254.02,15241.2
PUR-20240909-SUP-005-I-1805,PUR-20240909-SUP-005,SKU-056,49,740.59,36288.91
PUR-20240909-SUP-005-I-1806,PUR-20240909-SUP-005,SKU-058,52,1579.2,82118.4
PUR-20240916-SUP-005-I-1807,PUR-20240916-SUP-005,SKU-006,73,621.72,45385.56
PUR-20240916-SUP-005-I-1808,PUR-20240916-SUP-005,SKU-008,72,2073.74,149309.28
PUR-20240916-SUP-005-I-1809,PUR-20240916-SUP-005,SKU-010,92,1311.29,120638.68
PUR-20240916-SUP-005-I-1810,PUR-20240916-SUP-005,SKU-030,48,2320.23,111371.04
PUR-20240916-SUP-005-I-1811,PUR-20240916-SUP-005,SKU-032,70,1776.19,124333.3
PUR-20240916-SUP-005-I-1812,PUR-20240916-SUP-005,SKU-034,33,1445.01,47685.33
PUR-20240916-SUP-005-I-1813,PUR-20240916-SUP-005,SKU-054,35,245.83,8604.05
PUR-20240916-SUP-005-I-1814,PUR-20240916-SUP-005,SKU-056,47,713.79,33548.13
PUR-20240916-SUP-005-I-1815,PUR-20240916-SUP-005,SKU-058,40,1581.87,63274.8
PUR-20240923-SUP-005-I-1816,PUR-20240923-SUP-005,SKU-006,41,634.05,25996.05
PUR-20240923-SUP-005-I-1817,PUR-20240923-SUP-005,SKU-008,100,2061.24,206124.0
PUR-20240923-SUP-005-I-1818,PUR-20240923-SUP-005,SKU-010,100,1263.96,126396.0
PUR-20240923-SUP-005-I-1819,PUR-20240923-SUP-005,SKU-030,35,2359.93,82597.55
PUR-20240923-SUP-005-I-1820,PUR-20240923-SUP-005,SKU-032,64,1785.55,114275.2
PUR-20240923-SUP-005-I-1821,PUR-20240923-SUP-005,SKU-034,56,1430.17,80089.52
PUR-20240923-SUP-005-I-1822,PUR-20240923-SUP-005,SKU-054,58,249.61,14477.38
PUR-20240923-SUP-005-I-1823,PUR-20240923-SUP-005,SKU-056,49,724.43,35497.07
PUR-20240923-SUP-005-I-1824,PUR-20240923-SUP-005,SKU-058,48,1540.46,73942.08
PUR-20240930-SUP-005-I-1825,PUR-20240930-SUP-005,SKU-006,31,625.04,19376.24
PUR-20240930-SUP-005-I-1826,PUR-20240930-SUP-005,SKU-008,94,2030.67,190882.98
PUR-20240930-SUP-005-I-1827,PUR-20240930-SUP-005,SKU-010,95,1263.5,120032.5
PUR-20240930-SUP-005-I-1828,PUR-20240930-SUP-005,SKU-030,38,2281.49,86696.62
PUR-20240930-SUP-005-I-1829,PUR-20240930-SUP-005,SKU-032,76,1777.83,135115.08
PUR-20240930-SUP-005-I-1830,PUR-20240930-SUP-005,SKU-034,61,1436.51,87627.11
PUR-20240930-SUP-005-I-1831,PUR-20240930-SUP-005,SKU-054,67,254.59,17057.53
PUR-20240930-SUP-005-I-1832,PUR-20240930-SUP-005,SKU-056,66,725.98,47914.68
PUR-20240930-SUP-005-I-1833,PUR-20240930-SUP-005,SKU-058,37,1601.5,59255.5
PUR-20241007-SUP-005-I-1834,PUR-20241007-SUP-005,SKU-006,83,635.93,52782.19
PUR-20241007-SUP-005-I-1835,PUR-20241007-SUP-005,SKU-008,100,2044.29,204429.0
PUR-20241007-SUP-005-I-1836,PUR-20241007-SUP-005,SKU-010,100,1263.2,126320.0
PUR-20241007-SUP-005-I-1837,PUR-20241007-SUP-005,SKU-030,41,2296.06,94138.46
PUR-20241007-SUP-005-I-1838,PUR-20241007-SUP-005,SKU-032,95,1766.99,167864.05
PUR-20241007-SUP-005-I-1839,PUR-20241007-SUP-005,SKU-034,46,1457.11,67027.06
PUR-20241007-SUP-005-I-1840,PUR-20241007-SUP-005,SKU-054,57,254.93,14531.01
PUR-20241007-SUP-005-I-1841,PUR-20241007-SUP-005,SKU-056,59,714.75,42170.25
PUR-20241007-SUP-005-I-1842,PUR-20241007-SUP-005,SKU-058,85,1533.85,130377.25
PUR-20241014-SUP-005-I-1843,PUR-20241014-SUP-005,SKU-006,61,643.51,39254.11
PUR-20241014-SUP-005-I-1844,PUR-20241014-SUP-005,SKU-008,86,2090.73,179802.78
PUR-20241014-SUP-005-I-1845,PUR-20241014-SUP-005,SKU-010,100,1278.3,127830.0
PUR-20241014-SUP-005-I-1846,PUR-20241014-SUP-005,SKU-030,41,2372.48,97271.68
PUR-20241014-SUP-005-I-1847,PUR-20241014-SUP-005,SKU-032,71,1766.6,125428.6
PUR-20241014-SUP-005-I-1848,PUR-20241014-SUP-005,SKU-034,68,1468.27,99842.36
PUR-20241014-SUP-005-I-1849,PUR-20241014-SUP-005,SKU-054,55,252.03,13861.65
PUR-20241014-SUP-005-I-1850,PUR-20241014-SUP-005,SKU-056,61,714.01,43554.61
PUR-20241014-SUP-005-I-1851,PUR-20241014-SUP-005,SKU-058,55,1591.08,87509.4
PUR-20241021-SUP-005-I-1852,PUR-20241021-SUP-005,SKU-006,70,626.97,43887.9
PUR-20241021-SUP-005-I-1853,PUR-20241021-SUP-005,SKU-008,92,2059.35,189460.2
PUR-20241021-SUP-005-I-1854,PUR-20241021-SUP-005,SKU-010,100,1273.15,127315.0
PUR-20241021-SUP-005-I-1855,PUR-20241021-SUP-005,SKU-030,39,2303.74,89845.86
PUR-20241021-SUP-005-I-1856,PUR-20241021-SUP-005,SKU-032,84,1790.4,150393.6
PUR-20241021-SUP-005-I-1857,PUR-20241021-SUP-005,SKU-034,52,1409.64,73301.28
PUR-20241021-SUP-005-I-1858,PUR-20241021-SUP-005,SKU-054,57,245.09,13970.13
PUR-20241021-SUP-005-I-1859,PUR-20241021-SUP-005,SKU-056,55,740.55,40730.25
PUR-20241021-SUP-005-I-1860,PUR-20241021-SUP-005,SKU-058,69,1551.13,107027.97
PUR-20241028-SUP-005-I-1861,PUR-20241028-SUP-005,SKU-006,56,626.31,35073.36
PUR-20241028-SUP-005-I-1862,PUR-20241028-SUP-005,SKU-008,98,2122.58,208012.84
PUR-20241028-SUP-005-I-1863,PUR-20241028-SUP-005,SKU-010,100,1307.8,130780.0
PUR-20241028-SUP-005-I-1864,PUR-20241028-SUP-005,SKU-030,62,2318.94,143774.28
PUR-20241028-SUP-005-I-1865,PUR-20241028-SUP-005,SKU-032,74,1748.51,129389.74
PUR-20241028-SUP-005-I-1866,PUR-20241028-SUP-005,SKU-034,51,1402.18,71511.18
PUR-20241028-SUP-005-I-1867,PUR-20241028-SUP-005,SKU-054,45,250.46,11270.7
PUR-20241028-SUP-005-I-1868,PUR-20241028-SUP-005,SKU-056,54,723.35,39060.9
PUR-20241028-SUP-005-I-1869,PUR-20241028-SUP-005,SKU-058,94,1538.04,144575.76
PUR-20241104-SUP-005-I-1870,PUR-20241104-SUP-005,SKU-006,81,617.37,50006.97
PUR-20241104-SUP-005-I-1871,PUR-20241104-SUP-005,SKU-008,100,2038.61,203861.0
PUR-20241104-SUP-005-I-1872,PUR-20241104-SUP-005,SKU-010,100,1278.15,127815.0
PUR-20241104-SUP-005-I-1873,PUR-20241104-SUP-005,SKU-030,76,2346.91,178365.16
PUR-20241104-SUP-005-I-1874,PUR-20241104-SUP-005,SKU-032,100,1787.94,178794.0
PUR-20241104-SUP-005-I-1875,PUR-20241104-SUP-005,SKU-034,81,1459.91,118252.71
PUR-20241104-SUP-005-I-1876,PUR-20241104-SUP-005,SKU-054,78,255.78,19950.84
PUR-20241104-SUP-005-I-1877,PUR-20241104-SUP-005,SKU-056,58,732.29,42472.82
PUR-20241104-SUP-005-I-1878,PUR-20241104-SUP-005,SKU-058,99,1594.21,157826.79
PUR-20241111-SUP-005-I-1879,PUR-20241111-SUP-005,SKU-006,100,634.9,63490.0
PUR-20241111-SUP-005-I-1880,PUR-20241111-SUP-005,SKU-008,94,2048.26,192536.44
PUR-20241111-SUP-005-I-1881,PUR-20241111-SUP-005,SKU-010,100,1282.77,128277.0
PUR-20241111-SUP-005-I-1882,PUR-20241111-SUP-005,SKU-030,57,2295.23,130828.11
PUR-20241111-SUP-005-I-1883,PUR-20241111-SUP-005,SKU-032,99,1792.24,177431.76
PUR-20241111-SUP-005-I-1884,PUR-20241111-SUP-005,SKU-034,53,1445.55,76614.15
PUR-20241111-SUP-005-I-1885,PUR-20241111-SUP-005,SKU-054,100,245.12,24512.0
PUR-20241111-SUP-005-I-1886,PUR-20241111-SUP-005,SKU-056,80,731.94,58555.2
PUR-20241111-SUP-005-I-1887,PUR-20241111-SUP-005,SKU-058,77,1588.58,122320.66
PUR-20241118-SUP-005-I-1888,PUR-20241118-SUP-005,SKU-006,95,640.27,60825.65
PUR-20241118-SUP-005-I-1889,PUR-20241118-SUP-005,SKU-008,83,2033.17,168753.11
PUR-20241118-SUP-005-I-1890,PUR-20241118-SUP-005,SKU-010,100,1304.82,130482.0
PUR-20241118-SUP-005-I-1891,PUR-20241118-SUP-005,SKU-030,68,2264.22,153966.96
PUR-20241118-SUP-005-I-1892,PUR-20241118-SUP-005,SKU-032,100,1755.52,175552.0
PUR-20241118-SUP-005-I-1893,PUR-20241118-SUP-005,SKU-034,32,1452.98,46495.36
PUR-20241118-SUP-005-I-1894,PUR-20241118-SUP-005,SKU-054,76,247.43,18804.68
PUR-20241118-SUP-005-I-1895,PUR-20241118-SUP-005,SKU-056,57,741.49,42264.93
PUR-20241118-SUP-005-I-1896,PUR-20241118-SUP-005,SKU-058,83,1605.94,133293.02
PUR-20241125-SUP-005-I-1897,PUR-20241125-SUP-005,SKU-006,96,617.5,59280.0
PUR-20241125-SUP-005-I-1898,PUR-20241125-SUP-005,SKU-008,85,2111.99,179519.15
PUR-20241125-SUP-005-I-1899,PUR-20241125-SUP-005,SKU-010,100,1299.43,129943.0
PUR-20241125-SUP-005-I-1900,PUR-20241125-SUP-005,SKU-030,46,2297.23,105672.58
PUR-20241125-SUP-005-I-1901,PUR-20241125-SUP-005,SKU-032,99,1734.82,171747.18
PUR-20241125-SUP-005-I-1902,PUR-20241125-SUP-005,SKU-034,50,1434.92,71746.0
PUR-20241125-SUP-005-I-1903,PUR-20241125-SUP-005,SKU-054,100,254.12,25412.0
PUR-20241125-SUP-005-I-1904,PUR-20241125-SUP-005,SKU-056,70,728.25,50977.5
PUR-20241125-SUP-005-I-1905,PUR-20241125-SUP-005,SKU-058,95,1534.45,145772.75
PUR-20241202-SUP-005-I-1906,PUR-20241202-SUP-005,SKU-006,100,636.89,63689.0
PUR-20241202-SUP-005-I-1907,PUR-20241202-SUP-005,SKU-008,100,2082.85,208285.0
PUR-20241202-SUP-005-I-1908,PUR-20241202-SUP-005,SKU-010,100,1269.52,126952.0
PUR-20241202-SUP-005-I-1909,PUR-20241202-SUP-005,SKU-030,44,2295.38,100996.72
PUR-20241202-SUP-005-I-1910,PUR-20241202-SUP-005,SKU-032,82,1770.78,145203.96
PUR-20241202-SUP-005-I-1911,PUR-20241202-SUP-005,SKU-034,75,1428.8,107160.0
PUR-20241202-SUP-005-I-1912,PUR-20241202-SUP-005,SKU-054,57,245.05,13967.85
PUR-20241202-SUP-005-I-1913,PUR-20241202-SUP-005,SKU-056,74,740.06,54764.44
PUR-20241202-SUP-005-I-1914,PUR-20241202-SUP-005,SKU-058,95,1578.44,149951.8
PUR-20241209-SUP-005-I-1915,PUR-20241209-SUP-005,SKU-006,74,624.54,46215.96
PUR-20241209-SUP-005-I-1916,PUR-20241209-SUP-005,SKU-008,100,2088.61,208861.0
PUR-20241209-SUP-005-I-1917,PUR-20241209-SUP-005,SKU-010,100,1296.79,129679.0
PUR-20241209-SUP-005-I-1918,PUR-20241209-SUP-005,SKU-030,58,2272.9,131828.2
PUR-20241209-SUP-005-I-1919,PUR-20241209-SUP-005,SKU-032,100,1750.35,175035.0
PUR-20241209-SUP-005-I-1920,PUR-20241209-SUP-005,SKU-034,85,1440.32,122427.2
PUR-20241209-SUP-005-I-1921,PUR-20241209-SUP-005,SKU-054,97,244.16,23683.52
PUR-20241209-SUP-005-I-1922,PUR-20241209-SUP-005,SKU-056,52,737.09,38328.68
PUR-20241209-SUP-005-I-1923,PUR-20241209-SUP-005,SKU-058,100,1573.5,157350.0
PUR-20241216-SUP-005-I-1924,PUR-20241216-SUP-005,SKU-006,91,643.85,58590.35
PUR-20241216-SUP-005-I-1925,PUR-20241216-SUP-005,SKU-008,51,2042.21,104152.71
PUR-20241216-SUP-005-I-1926,PUR-20241216-SUP-005,SKU-010,100,1266.34,126634.0
PUR-20241216-SUP-005-I-1927,PUR-20241216-SUP-005,SKU-030,72,2292.07,165029.04
PUR-20241216-SUP-005-I-1928,PUR-20241216-SUP-005,SKU-032,100,1774.63,177463.0
PUR-20241216-SUP-005-I-1929,PUR-20241216-SUP-005,SKU-034,82,1452.64,119116.48
PUR-20241216-SUP-005-I-1930,PUR-20241216-SUP-005,SKU-054,88,248.09,21831.92
PUR-20241216-SUP-005-I-1931,PUR-20241216-SUP-005,SKU-056,59,730.45,43096.55
PUR-20241216-SUP-005-I-1932,PUR-20241216-SUP-005,SKU-058,100,1561.45,156145.0
PUR-20241223-SUP-005-I-1933,PUR-20241223-SUP-005,SKU-006,100,615.98,61598.0
PUR-20241223-SUP-005-I-1934,PUR-20241223-SUP-005,SKU-008,100,2037.05,203705.0
PUR-20241223-SUP-005-I-1935,PUR-20241223-SUP-005,SKU-010,100,1323.62,132362.0
PUR-20241223-SUP-005-I-1936,PUR-20241223-SUP-005,SKU-030,61,2276.69,138878.09
PUR-20241223-SUP-005-I-1937,PUR-20241223-SUP-005,SKU-032,100,1798.29,179829.0
PUR-20241223-SUP-005-I-1938,PUR-20241223-SUP-005,SKU-034,68,1424.65,96876.2
PUR-20241223-SUP-005-I-1939,PUR-20241223-SUP-005,SKU-054,93,255.49,23760.57
PUR-20241223-SUP-005-I-1940,PUR-20241223-SUP-005,SKU-056,63,725.99,45737.37
PUR-20241223-SUP-005-I-1941,PUR-20241223-SUP-005,SKU-058,81,1537.93,124572.33
PUR-20241230-SUP-005-I-1942,PUR-20241230-SUP-005,SKU-006,24,635.36,15248.64
PUR-20241230-SUP-005-I-1943,PUR-20241230-SUP-005,SKU-008,100,2090.17,209017.0
PUR-20241230-SUP-005-I-1944,PUR-20241230-SUP-005,SKU-010,100,1268.79,126879.0
PUR-20241230-SUP-005-I-1945,PUR-20241230-SUP-005,SKU-030,88,2357.33,207445.04
PUR-20241230-SUP-005-I-1946,PUR-20241230-SUP-005,SKU-032,77,1729.62,133180.74
PUR-20241230-SUP-005-I-1947,PUR-20241230-SUP-005,SKU-034,66,1400.56,92436.96
PUR-20241230-SUP-005-I-1948,PUR-20241230-SUP-005,SKU-054,41,254.47,10433.27
PUR-20241230-SUP-005-I-1949,PUR-20241230-SUP-005,SKU-056,58,745.85,43259.3
PUR-20241230-SUP-005-I-1950,PUR-20241230-SUP-005,SKU-058,66,1606.06,105999.96
PUR-20250106-SUP-005-I-1951,PUR-20250106-SUP-005,SKU-006,84,618.45,51949.8
PUR-20250106-SUP-005-I-1952,PUR-20250106-SUP-005,SKU-008,100,2059.9,205990.0
PUR-20250106-SUP-005-I-1953,PUR-20250106-SUP-005,SKU-010,100,1322.86,132286.0
PUR-20250106-SUP-005-I-1954,PUR-20250106-SUP-005,SKU-030,75,2378.65,178398.75
PUR-20250106-SUP-005-I-1955,PUR-20250106-SUP-005,SKU-032,100,1780.35,178035.0
PUR-20250106-SUP-005-I-1956,PUR-20250106-SUP-005,SKU-034,51,1433.99,73133.49
PUR-20250106-SUP-005-I-1957,PUR-20250106-SUP-005,SKU-054,73,248.97,18174.81
PUR-20250106-SUP-005-I-1958,PUR-20250106-SUP-005,SKU-056,67,727.47,48740.49
PUR-20250106-SUP-005-I-1959,PUR-20250106-SUP-005,SKU-058,83,1575.3,130749.9
PUR-20250113-SUP-005-I-1960,PUR-20250113-SUP-005,SKU-006,65,641.67,41708.55
PUR-20250113-SUP-005-I-1961,PUR-20250113-SUP-005,SKU-008,100,2091.21,209121.0
PUR-20250113-SUP-005-I-1962,PUR-20250113-SUP-005,SKU-010,100,1268.35,126835.0
PUR-20250113-SUP-005-I-1963,PUR-20250113-SUP-005,SKU-030,69,2297.42,158521.98
PUR-20250113-SUP-005-I-1964,PUR-20250113-SUP-005,SKU-032,100,1782.36,178236.0
PUR-20250113-SUP-005-I-1965,PUR-20250113-SUP-005,SKU-034,69,1425.17,98336.73
PUR-20250113-SUP-005-I-1966,PUR-20250113-SUP-005,SKU-054,68,253.22,17218.96
PUR-20250113-SUP-005-I-1967,PUR-20250113-SUP-005,SKU-056,55,712.9,39209.5
PUR-20250113-SUP-005-I-1968,PUR-20250113-SUP-005,SKU-058,66,1581.71,104392.86
PUR-20250120-SUP-005-I-1969,PUR-20250120-SUP-005,SKU-006,81,643.35,52111.35
PUR-20250120-SUP-005-I-1970,PUR-20250120-SUP-005,SKU-008,90,2040.83,183674.7
PUR-20250120-SUP-005-I-1971,PUR-20250120-SUP-005,SKU-010,69,1291.36,89103.84
PUR-20250120-SUP-005-I-1972,PUR-20250120-SUP-005,SKU-030,51,2295.01,117045.51
PUR-20250120-SUP-005-I-1973,PUR-20250120-SUP-005,SKU-032,63,1719.97,108358.11
PUR-20250120-SUP-005-I-1974,PUR-20250120-SUP-005,SKU-034,73,1461.99,106725.27
PUR-20250120-SUP-005-I-1975,PUR-20250120-SUP-005,SKU-054,83,249.88,20740.04
PUR-20250120-SUP-005-I-1976,PUR-20250120-SUP-005,SKU-056,81,739.75,59919.75
PUR-20250120-SUP-005-I-1977,PUR-20250120-SUP-005,SKU-058,86,1536.36,132126.96
PUR-20250127-SUP-005-I-1978,PUR-20250127-SUP-005,SKU-006,74,629.59,46589.66
PUR-20250127-SUP-005-I-1979,PUR-20250127-SUP-005,SKU-008,100,2099.61,209961.0
PUR-20250127-SUP-005-I-1980,PUR-20250127-SUP-005,SKU-010,100,1274.69,127469.0
PUR-20250127-SUP-005-I-1981,PUR-20250127-SUP-005,SKU-030,44,2288.48,100693.12
PUR-20250127-SUP-005-I-1982,PUR-20250127-SUP-005,SKU-032,80,1736.17,138893.6
PUR-20250127-SUP-005-I-1983,PUR-20250127-SUP-005,SKU-034,56,1413.38,79149.28
PUR-20250127-SUP-005-I-1984,PUR-20250127-SUP-005,SKU-054,100,254.66,25466.0
PUR-20250127-SUP-005-I-1985,PUR-20250127-SUP-005,SKU-056,58,744.48,43179.84
PUR-20250127-SUP-005-I-1986,PUR-20250127-SUP-005,SKU-058,68,1608.75,109395.0
PUR-20250203-SUP-005-I-1987,PUR-20250203-SUP-005,SKU-006,61,621.7,37923.7
PUR-20250203-SUP-005-I-1988,PUR-20250203-SUP-005,SKU-008,80,2055.37,164429.6
PUR-20250203-SUP-005-I-1989,PUR-20250203-SUP-005,SKU-010,88,1287.09,113263.92
PUR-20250203-SUP-005-I-1990,PUR-20250203-SUP-005,SKU-030,35,2285.64,79997.4
PUR-20250203-SUP-005-I-1991,PUR-20250203-SUP-005,SKU-032,84,1738.62,146044.08
PUR-20250203-SUP-005-I-1992,PUR-20250203-SUP-005,SKU-034,31,1427.97,44267.07
PUR-20250203-SUP-005-I-1993,PUR-20250203-SUP-005,SKU-054,67,253.4,16977.8
PUR-20250203-SUP-005-I-1994,PUR-20250203-SUP-005,SKU-056,61,722.21,44054.81
PUR-20250203-SUP-005-I-1995,PUR-20250203-SUP-005,SKU-058,68,1576.65,107212.2
PUR-20250210-SUP-005-I-1996,PUR-20250210-SUP-005,SKU-006,88,639.0,56232.0
PUR-20250210-SUP-005-I-1997,PUR-20250210-SUP-005,SKU-008,95,2111.45,200587.75
PUR-20250210-SUP-005-I-1998,PUR-20250210-SUP-005,SKU-010,100,1312.1,131210.0
PUR-20250210-SUP-005-I-1999,PUR-20250210-SUP-005,SKU-030,52,2295.47,119364.44
PUR-20250210-SUP-005-I-2000,PUR-20250210-SUP-005,SKU-032,73,1770.6,129253.8
PUR-20250210-SUP-005-I-2001,PUR-20250210-SUP-005,SKU-034,59,1407.98,83070.82
PUR-20250210-SUP-005-I-2002,PUR-20250210-SUP-005,SKU-054,60,245.69,14741.4
PUR-20250210-SUP-005-I-2003,PUR-20250210-SUP-005,SKU-056,43,712.85,30652.55
PUR-20250210-SUP-005-I-2004,PUR-20250210-SUP-005,SKU-058,76,1610.72,122414.72
PUR-20250217-SUP-005-I-2005,PUR-20250217-SUP-005,SKU-006,62,622.59,38600.58
PUR-20250217-SUP-005-I-2006,PUR-20250217-SUP-005,SKU-008,100,2113.11,211311.0
PUR-20250217-SUP-005-I-2007,PUR-20250217-SUP-005,SKU-010,100,1298.76,129876.0
PUR-20250217-SUP-005-I-2008,PUR-20250217-SUP-005,SKU-030,51,2365.16,120623.16
PUR-20250217-SUP-005-I-2009,PUR-20250217-SUP-005,SKU-032,82,1792.76,147006.32
PUR-20250217-SUP-005-I-2010,PUR-20250217-SUP-005,SKU-034,60,1405.25,84315.0
PUR-20250217-SUP-005-I-2011,PUR-20250217-SUP-005,SKU-054,73,251.23,18339.79
PUR-20250217-SUP-005-I-2012,PUR-20250217-SUP-005,SKU-056,58,744.14,43160.12
PUR-20250217-SUP-005-I-2013,PUR-20250217-SUP-005,SKU-058,52,1560.29,81135.08
PUR-20250224-SUP-005-I-2014,PUR-20250224-SUP-005,SKU-006,98,630.7,61808.6
PUR-20250224-SUP-005-I-2015,PUR-20250224-SUP-005,SKU-008,100,2026.36,202636.0
PUR-20250224-SUP-005-I-2016,PUR-20250224-SUP-005,SKU-010,72,1267.76,91278.72
PUR-20250224-SUP-005-I-2017,PUR-20250224-SUP-005,SKU-030,55,2365.4,130097.0
PUR-20250224-SUP-005-I-2018,PUR-20250224-SUP-005,SKU-032,89,1733.54,154285.06
PUR-20250224-SUP-005-I-2019,PUR-20250224-SUP-005,SKU-034,48,1401.91,67291.68
PUR-20250224-SUP-005-I-2020,PUR-20250224-SUP-005,SKU-054,60,250.82,15049.2
PUR-20250224-SUP-005-I-2021,PUR-20250224-SUP-005,SKU-056,66,734.52,48478.32
PUR-20250224-SUP-005-I-2022,PUR-20250224-SUP-005,SKU-058,63,1557.96,98151.48
PUR-20250303-SUP-005-I-2023,PUR-20250303-SUP-005,SKU-006,76,631.41,47987.16
PUR-20250303-SUP-005-I-2024,PUR-20250303-SUP-005,SKU-008,100,2051.58,205158.0
PUR-20250303-SUP-005-I-2025,PUR-20250303-SUP-005,SKU-010,100,1268.6,126860.0
PUR-20250303-SUP-005-I-2026,PUR-20250303-SUP-005,SKU-030,61,2346.15,143115.15
PUR-20250303-SUP-005-I-2027,PUR-20250303-SUP-005,SKU-032,100,1778.62,177862.0
PUR-20250303-SUP-005-I-2028,PUR-20250303-SUP-005,SKU-034,72,1454.02,104689.44
PUR-20250303-SUP-005-I-2029,PUR-20250303-SUP-005,SKU-054,65,247.09,16060.85
PUR-20250303-SUP-005-I-2030,PUR-20250303-SUP-005,SKU-056,72,740.53,53318.16
PUR-20250303-SUP-005-I-2031,PUR-20250303-SUP-005,SKU-058,92,1571.56,144583.52
PUR-20250310-SUP-005-I-2032,PUR-20250310-SUP-005,SKU-006,95,640.7,60866.5
PUR-20250310-SUP-005-I-2033,PUR-20250310-SUP-005,SKU-008,100,2068.27,206827.0
PUR-20250310-SUP-005-I-2034,PUR-20250310-SUP-005,SKU-010,100,1322.36,132236.0
PUR-20250310-SUP-005-I-2035,PUR-20250310-SUP-005,SKU-030,68,2277.04,154838.72
PUR-20250310-SUP-005-I-2036,PUR-20250310-SUP-005,SKU-032,95,1771.35,168278.25
PUR-20250310-SUP-005-I-2037,PUR-20250310-SUP-005,SKU-034,74,1465.37,108437.38
PUR-20250310-SUP-005-I-2038,PUR-20250310-SUP-005,SKU-054,100,251.43,25143.0
PUR-20250310-SUP-005-I-2039,PUR-20250310-SUP-005,SKU-056,41,731.23,29980.43
PUR-20250310-SUP-005-I-2040,PUR-20250310-SUP-005,SKU-058,100,1536.79,153679.0
PUR-20250317-SUP-005-I-2041,PUR-20250317-SUP-005,SKU-006,48,643.88,30906.24
PUR-20250317-SUP-005-I-2042,PUR-20250317-SUP-005,SKU-008,100,2047.07,204707.0
PUR-20250317-SUP-005-I-2043,PUR-20250317-SUP-005,SKU-010,100,1268.88,126888.0
PUR-20250317-SUP-005-I-2044,PUR-20250317-SUP-005,SKU-030,69,2295.15,158365.35
PUR-20250317-SUP-005-I-2045,PUR-20250317-SUP-005,SKU-032,100,1792.83,179283.0
PUR-20250317-SUP-005-I-2046,PUR-20250317-SUP-005,SKU-034,52,1409.89,73314.28
PUR-20250317-SUP-005-I-2047,PUR-20250317-SUP-005,SKU-054,88,246.07,21654.16
PUR-20250317-SUP-005-I-2048,PUR-20250317-SUP-005,SKU-056,67,711.52,47671.84
PUR-20250317-SUP-005-I-2049,PUR-20250317-SUP-005,SKU-058,100,1536.76,153676.0
PUR-20250324-SUP-005-I-2050,PUR-20250324-SUP-005,SKU-006,100,621.07,62107.0
PUR-20250324-SUP-005-I-2051,PUR-20250324-SUP-005,SKU-008,100,2116.2,211620.0
PUR-20250324-SUP-005-I-2052,PUR-20250324-SUP-005,SKU-010,100,1261.96,126196.0
PUR-20250324-SUP-005-I-2053,PUR-20250324-SUP-005,SKU-030,74,2295.48,169865.52
PUR-20250324-SUP-005-I-2054,PUR-20250324-SUP-005,SKU-032,100,1761.2,176120.0
PUR-20250324-SUP-005-I-2055,PUR-20250324-SUP-005,SKU-034,64,1412.74,90415.36
PUR-20250324-SUP-005-I-2056,PUR-20250324-SUP-005,SKU-054,50,251.43,12571.5
PUR-20250324-SUP-005-I-2057,PUR-20250324-SUP-005,SKU-056,80,710.54,56843.2
PUR-20250324-SUP-005-I-2058,PUR-20250324-SUP-005,SKU-058,92,1569.18,144364.56
PUR-20250331-SUP-005-I-2059,PUR-20250331-SUP-005,SKU-006,22,622.65,13698.3
PUR-20250331-SUP-005-I-2060,PUR-20250331-SUP-005,SKU-008,16,2123.83,33981.28
PUR-20250331-SUP-005-I-2061,PUR-20250331-SUP-005,SKU-010,21,1305.39,27413.19
PUR-20250331-SUP-005-I-2062,PUR-20250331-SUP-005,SKU-030,5,2335.32,11676.6
PUR-20250331-SUP-005-I-2063,PUR-20250331-SUP-005,SKU-032,17,1742.49,29622.33
PUR-20250331-SUP-005-I-2064,PUR-20250331-SUP-005,SKU-034,10,1424.18,14241.8
PUR-20250331-SUP-005-I-2065,PUR-20250331-SUP-005,SKU-054,12,254.0,3048.0
PUR-20250331-SUP-005-I-2066,PUR-20250331-SUP-005,SKU-056,10,710.82,7108.2
PUR-20250331-SUP-005-I-2067,PUR-20250331-SUP-005,SKU-058,13,1570.32,20414.16
PUR-20240401-SUP-006-I-2068,PUR-20240401-SUP-006,SKU-009,91,2050.03,186552.73
PUR-20240401-SUP-006-I-2069,PUR-20240401-SUP-006,SKU-011,55,1255.89,69073.95
PUR-20240401-SUP-006-I-2070,PUR-20240401-SUP-006,SKU-013,60,1081.57,64894.2
PUR-20240401-SUP-006-I-2071,PUR-20240401-SUP-006,SKU-033,81,1492.39,120883.59
PUR-20240401-SUP-006-I-2072,PUR-20240401-SUP-006,SKU-035,69,1756.62,121206.78
PUR-20240401-SUP-006-I-2073,PUR-20240401-SUP-006,SKU-037,34,1676.6,57004.4
PUR-20240401-SUP-006-I-2074,PUR-20240401-SUP-006,SKU-057,47,859.64,40403.08
PUR-20240401-SUP-006-I-2075,PUR-20240401-SUP-006,SKU-059,19,1650.44,31358.36
PUR-20240408-SUP-006-I-2076,PUR-20240408-SUP-006,SKU-009,60,2006.64,120398.4
PUR-20240408-SUP-006-I-2077,PUR-20240408-SUP-006,SKU-011,50,1244.15,62207.5
PUR-20240408-SUP-006-I-2078,PUR-20240408-SUP-006,SKU-013,71,1082.34,76846.14
PUR-20240408-SUP-006-I-2079,PUR-20240408-SUP-006,SKU-033,68,1503.75,102255.0
PUR-20240408-SUP-006-I-2080,PUR-20240408-SUP-006,SKU-035,40,1719.97,68798.8
PUR-20240408-SUP-006-I-2081,PUR-20240408-SUP-006,SKU-037,41,1722.19,70609.79
PUR-20240408-SUP-006-I-2082,PUR-20240408-SUP-006,SKU-057,37,876.34,32424.58
PUR-20240408-SUP-006-I-2083,PUR-20240408-SUP-006,SKU-059,19,1607.6,30544.4
PUR-20240415-SUP-006-I-2084,PUR-20240415-SUP-006,SKU-009,89,2062.96,183603.44
PUR-20240415-SUP-006-I-2085,PUR-20240415-SUP-006,SKU-011,55,1223.62,67299.1
PUR-20240415-SUP-006-I-2086,PUR-20240415-SUP-006,SKU-013,77,1099.48,84659.96
PUR-20240415-SUP-006-I-2087,PUR-20240415-SUP-006,SKU-033,84,1463.34,122920.56
PUR-20240415-SUP-006-I-2088,PUR-20240415-SUP-006,SKU-035,90,1713.93,154253.7
PUR-20240415-SUP-006-I-2089,PUR-20240415-SUP-006,SKU-037,29,1695.73,49176.17
PUR-20240415-SUP-006-I-2090,PUR-20240415-SUP-006,SKU-057,44,859.81,37831.64
PUR-20240415-SUP-006-I-2091,PUR-20240415-SUP-006,SKU-059,23,1649.77,37944.71
PUR-20240422-SUP-006-I-2092,PUR-20240422-SUP-006,SKU-009,78,2032.79,158557.62
PUR-20240422-SUP-006-I-2093,PUR-20240422-SUP-006,SKU-011,55,1238.42,68113.1
PUR-20240422-SUP-006-I-2094,PUR-20240422-SUP-006,SKU-013,52,1080.59,56190.68
PUR-20240422-SUP-006-I-2095,PUR-20240422-SUP-006,SKU-033,67,1465.87,98213.29
PUR-20240422-SUP-006-I-2096,PUR-20240422-SUP-006,SKU-035,50,1698.26,84913.0
PUR-20240422-SUP-006-I-2097,PUR-20240422-SUP-006,SKU-037,41,1717.71,70426.11
PUR-20240422-SUP-006-I-2098,PUR-20240422-SUP-006,SKU-057,55,850.79,46793.45
PUR-20240422-SUP-006-I-2099,PUR-20240422-SUP-006,SKU-059,21,1648.05,34609.05
PUR-20240429-SUP-006-I-2100,PUR-20240429-SUP-006,SKU-009,100,2088.75,208875.0
PUR-20240429-SUP-006-I-2101,PUR-20240429-SUP-006,SKU-011,42,1204.9,50605.8
PUR-20240429-SUP-006-I-2102,PUR-20240429-SUP-006,SKU-013,61,1108.71,67631.31
PUR-20240429-SUP-006-I-2103,PUR-20240429-SUP-006,SKU-033,93,1464.4,136189.2
PUR-20240429-SUP-006-I-2104,PUR-20240429-SUP-006,SKU-035,59,1699.66,100279.94
PUR-20240429-SUP-006-I-2105,PUR-20240429-SUP-006,SKU-037,37,1719.2,63610.4
PUR-20240429-SUP-006-I-2106,PUR-20240429-SUP-006,SKU-057,51,866.57,44195.07
PUR-20240429-SUP-006-I-2107,PUR-20240429-SUP-006,SKU-059,19,1656.65,31476.35
PUR-20240506-SUP-006-I-2108,PUR-20240506-SUP-006,SKU-009,96,2025.15,194414.4
PUR-20240506-SUP-006-I-2109,PUR-20240506-SUP-006,SKU-011,63,1216.57,76643.91
PUR-20240506-SUP-006-I-2110,PUR-20240506-SUP-006,SKU-013,70,1119.12,78338.4
PUR-20240506-SUP-006-I-2111,PUR-20240506-SUP-006,SKU-033,65,1502.69,97674.85
PUR-20240506-SUP-006-I-2112,PUR-20240506-SUP-006,SKU-035,48,1685.26,80892.48
PUR-20240506-SUP-006-I-2113,PUR-20240506-SUP-006,SKU-037,40,1718.98,68759.2
PUR-20240506-SUP-006-I-2114,PUR-20240506-SUP-006,SKU-057,51,869.9,44364.9
PUR-20240506-SUP-006-I-2115,PUR-20240506-SUP-006,SKU-059,24,1652.38,39657.12
PUR-20240513-SUP-006-I-2116,PUR-20240513-SUP-006,SKU-009,70,2041.02,142871.4
PUR-20240513-SUP-006-I-2117,PUR-20240513-SUP-006,SKU-011,67,1257.4,84245.8
PUR-20240513-SUP-006-I-2118,PUR-20240513-SUP-006,SKU-013,60,1120.27,67216.2
PUR-20240513-SUP-006-I-2119,PUR-20240513-SUP-006,SKU-033,51,1528.5,77953.5
PUR-20240513-SUP-006-I-2120,PUR-20240513-SUP-006,SKU-035,61,1722.55,105075.55
PUR-20240513-SUP-006-I-2121,PUR-20240513-SUP-006,SKU-037,57,1677.78,95633.46
PUR-20240513-SUP-006-I-2122,PUR-20240513-SUP-006,SKU-057,42,859.38,36093.96
PUR-20240513-SUP-006-I-2123,PUR-20240513-SUP-006,SKU-059,24,1674.81,40195.44
PUR-20240520-SUP-006-I-2124,PUR-20240520-SUP-006,SKU-009,55,2060.63,113334.65
PUR-20240520-SUP-006-I-2125,PUR-20240520-SUP-006,SKU-011,57,1256.93,71645.01
PUR-20240520-SUP-006-I-2126,PUR-20240520-SUP-006,SKU-013,80,1125.18,90014.4
PUR-20240520-SUP-006-I-2127,PUR-20240520-SUP-006,SKU-033,73,1532.43,111867.39
PUR-20240520-SUP-006-I-2128,PUR-20240520-SUP-006,SKU-035,49,1680.54,82346.46
PUR-20240520-SUP-006-I-2129,PUR-20240520-SUP-006,SKU-037,49,1666.03,81635.47
PUR-20240520-SUP-006-I-2130,PUR-20240520-SUP-006,SKU-057,49,866.89,42477.61
PUR-20240520-SUP-006-I-2131,PUR-20240520-SUP-006,SKU-059,22,1612.25,35469.5
PUR-20240527-SUP-006-I-2132,PUR-20240527-SUP-006,SKU-009,71,2033.03,144345.13
PUR-20240527-SUP-006-I-2133,PUR-20240527-SUP-006,SKU-011,51,1256.13,64062.63
PUR-20240527-SUP-006-I-2134,PUR-20240527-SUP-006,SKU-013,97,1114.02,108059.94
PUR-20240527-SUP-006-I-2135,PUR-20240527-SUP-006,SKU-033,62,1479.92,91755.04
PUR-20240527-SUP-006-I-2136,PUR-20240527-SUP-006,SKU-035,68,1714.8,116606.4
PUR-20240527-SUP-006-I-2137,PUR-20240527-SUP-006,SKU-037,53,1739.44,92190.32
PUR-20240527-SUP-006-I-2138,PUR-20240527-SUP-006,SKU-057,60,866.57,51994.2
PUR-20240527-SUP-006-I-2139,PUR-20240527-SUP-006,SKU-059,20,1640.64,32812.8
PUR-20240603-SUP-006-I-2140,PUR-20240603-SUP-006,SKU-009,72,1991.82,143411.04
PUR-20240603-SUP-006-I-2141,PUR-20240603-SUP-006,SKU-011,35,1231.6,43106.0
PUR-20240603-SUP-006-I-2142,PUR-20240603-SUP-006,SKU-013,100,1117.55,111755.0
PUR-20240603-SUP-006-I-2143,PUR-20240603-SUP-006,SKU-033,63,1469.49,92577.87
PUR-20240603-SUP-006-I-2144,PUR-20240603-SUP-006,SKU-035,74,1730.44,128052.56
PUR-20240603-SUP-006-I-2145,PUR-20240603-SUP-006,SKU-037,35,1722.85,60299.75
PUR-20240603-SUP-006-I-2146,PUR-20240603-SUP-006,SKU-057,32,874.33,27978.56
PUR-20240603-SUP-006-I-2147,PUR-20240603-SUP-006,SKU-059,20,1641.66,32833.2
PUR-20240610-SUP-006-I-2148,PUR-20240610-SUP-006,SKU-009,62,2085.0,129270.0
PUR-20240610-SUP-006-I-2149,PUR-20240610-SUP-006,SKU-011,68,1243.7,84571.6
PUR-20240610-SUP-006-I-2150,PUR-20240610-SUP-006,SKU-013,80,1105.04,88403.2
PUR-20240610-SUP-006-I-2151,PUR-20240610-SUP-006,SKU-033,97,1488.59,144393.23
PUR-20240610-SUP-006-I-2152,PUR-20240610-SUP-006,SKU-035,35,1692.54,59238.9
PUR-20240610-SUP-006-I-2153,PUR-20240610-SUP-006,SKU-037,46,1750.42,80519.32
PUR-20240610-SUP-006-I-2154,PUR-20240610-SUP-006,SKU-057,51,874.07,44577.57
PUR-20240610-SUP-006-I-2155,PUR-20240610-SUP-006,SKU-059,28,1619.61,45349.08
PUR-20240617-SUP-006-I-2156,PUR-20240617-SUP-006,SKU-009,59,1993.43,117612.37
PUR-20240617-SUP-006-I-2157,PUR-20240617-SUP-006,SKU-011,40,1208.68,48347.2
PUR-20240617-SUP-006-I-2158,PUR-20240617-SUP-006,SKU-013,48,1090.51,52344.48
PUR-20240617-SUP-006-I-2159,PUR-20240617-SUP-006,SKU-033,77,1519.66,117013.82
PUR-20240617-SUP-006-I-2160,PUR-20240617-SUP-006,SKU-035,53,1701.71,90190.63
PUR-20240617-SUP-006-I-2161,PUR-20240617-SUP-006,SKU-037,68,1681.64,114351.52
PUR-20240617-SUP-006-I-2162,PUR-20240617-SUP-006,SKU-057,49,879.06,43073.94
PUR-20240617-SUP-006-I-2163,PUR-20240617-SUP-006,SKU-059,24,1660.25,39846.0
PUR-20240624-SUP-006-I-2164,PUR-20240624-SUP-006,SKU-009,86,2021.97,173889.42
PUR-20240624-SUP-006-I-2165,PUR-20240624-SUP-006,SKU-011,73,1219.78,89043.94
PUR-20240624-SUP-006-I-2166,PUR-20240624-SUP-006,SKU-013,77,1088.89,83844.53
PUR-20240624-SUP-006-I-2167,PUR-20240624-SUP-006,SKU-033,95,1473.81,140011.95
PUR-20240624-SUP-006-I-2168,PUR-20240624-SUP-006,SKU-035,60,1718.54,103112.4
PUR-20240624-SUP-006-I-2169,PUR-20240624-SUP-006,SKU-037,44,1691.08,74407.52
PUR-20240624-SUP-006-I-2170,PUR-20240624-SUP-006,SKU-057,58,851.27,49373.66
PUR-20240624-SUP-006-I-2171,PUR-20240624-SUP-006,SKU-059,22,1642.18,36127.96
PUR-20240701-SUP-006-I-2172,PUR-20240701-SUP-006,SKU-009,95,2061.9,195880.5
PUR-20240701-SUP-006-I-2173,PUR-20240701-SUP-006,SKU-011,45,1223.21,55044.45
PUR-20240701-SUP-006-I-2174,PUR-20240701-SUP-006,SKU-013,68,1107.07,75280.76
PUR-20240701-SUP-006-I-2175,PUR-20240701-SUP-006,SKU-033,77,1485.93,114416.61
PUR-20240701-SUP-006-I-2176,PUR-20240701-SUP-006,SKU-035,44,1758.92,77392.48
PUR-20240701-SUP-006-I-2177,PUR-20240701-SUP-006,SKU-037,52,1684.32,87584.64
PUR-20240701-SUP-006-I-2178,PUR-20240701-SUP-006,SKU-057,52,859.06,44671.12
PUR-20240701-SUP-006-I-2179,PUR-20240701-SUP-006,SKU-059,13,1647.74,21420.62
PUR-20240708-SUP-006-I-2180,PUR-20240708-SUP-006,SKU-009,77,2010.88,154837.76
PUR-20240708-SUP-006-I-2181,PUR-20240708-SUP-006,SKU-011,46,1226.92,56438.32
PUR-20240708-SUP-006-I-2182,PUR-20240708-SUP-006,SKU-013,46,1129.78,51969.88
PUR-20240708-SUP-006-I-2183,PUR-20240708-SUP-006,SKU-033,96,1504.12,144395.52
PUR-20240708-SUP-006-I-2184,PUR-20240708-SUP-006,SKU-035,61,1732.55,105685.55
PUR-20240708-SUP-006-I-2185,PUR-20240708-SUP-006,SKU-037,36,1725.65,62123.4
PUR-20240708-SUP-006-I-2186,PUR-20240708-SUP-006,SKU-057,56,869.92,48715.52
PUR-20240708-SUP-006-I-2187,PUR-20240708-SUP-006,SKU-059,17,1680.07,28561.19
PUR-20240715-SUP-006-I-2188,PUR-20240715-SUP-006,SKU-009,90,2005.15,180463.5
PUR-20240715-SUP-006-I-2189,PUR-20240715-SUP-006,SKU-011,54,1238.81,66895.74
PUR-20240715-SUP-006-I-2190,PUR-20240715-SUP-006,SKU-013,66,1091.61,72046.26
PUR-20240715-SUP-006-I-2191,PUR-20240715-SUP-006,SKU-033,65,1511.82,98268.3
PUR-20240715-SUP-006-I-2192,PUR-20240715-SUP-006,SKU-035,42,1725.94,72489.48
PUR-20240715-SUP-006-I-2193,PUR-20240715-SUP-006,SKU-037,57,1705.06,97188.42
PUR-20240715-SUP-006-I-2194,PUR-20240715-SUP-006,SKU-057,41,867.26,35557.66
PUR-20240715-SUP-006-I-2195,PUR-20240715-SUP-006,SKU-059,26,1639.56,42628.56
PUR-20240722-SUP-006-I-2196,PUR-20240722-SUP-006,SKU-009,52,2058.02,107017.04
PUR-20240722-SUP-006-I-2197,PUR-20240722-SUP-006,SKU-011,65,1214.52,78943.8
PUR-20240722-SUP-006-I-2198,PUR-20240722-SUP-006,SKU-013,55,1079.24,59358.2
PUR-20240722-SUP-006-I-2199,PUR-20240722-SUP-006,SKU-033,57,1471.9,83898.3
PUR-20240722-SUP-006-I-2200,PUR-20240722-SUP-006,SKU-035,48,1717.74,82451.52
PUR-20240722-SUP-006-I-2201,PUR-20240722-SUP-006,SKU-037,29,1679.35,48701.15
PUR-20240722-SUP-006-I-2202,PUR-20240722-SUP-006,SKU-057,62,852.6,52861.2
PUR-20240722-SUP-006-I-2203,PUR-20240722-SUP-006,SKU-059,21,1673.01,35133.21
PUR-20240729-SUP-006-I-2204,PUR-20240729-SUP-006,SKU-009,63,2086.47,131447.61
PUR-20240729-SUP-006-I-2205,PUR-20240729-SUP-006,SKU-011,49,1259.98,61739.02
PUR-20240729-SUP-006-I-2206,PUR-20240729-SUP-006,SKU-013,47,1093.79,51408.13
PUR-20240729-SUP-006-I-2207,PUR-20240729-SUP-006,SKU-033,76,1476.23,112193.48
PUR-20240729-SUP-006-I-2208,PUR-20240729-SUP-006,SKU-035,73,1758.89,128398.97
PUR-20240729-SUP-006-I-2209,PUR-20240729-SUP-006,SKU-037,55,1733.32,95332.6
PUR-20240729-SUP-006-I-2210,PUR-20240729-SUP-006,SKU-057,40,851.6,34064.0
PUR-20240729-SUP-006-I-2211,PUR-20240729-SUP-006,SKU-059,16,1644.99,26319.84
PUR-20240805-SUP-006-I-2212,PUR-20240805-SUP-006,SKU-009,60,2000.59,120035.4
PUR-20240805-SUP-006-I-2213,PUR-20240805-SUP-006,SKU-011,61,1250.69,76292.09
PUR-20240805-SUP-006-I-2214,PUR-20240805-SUP-006,SKU-013,79,1122.36,88666.44
PUR-20240805-SUP-006-I-2215,PUR-20240805-SUP-006,SKU-033,66,1495.76,98720.16
PUR-20240805-SUP-006-I-2216,PUR-20240805-SUP-006,SKU-035,73,1744.89,127376.97
PUR-20240805-SUP-006-I-2217,PUR-20240805-SUP-006,SKU-037,30,1686.79,50603.7
PUR-20240805-SUP-006-I-2218,PUR-20240805-SUP-006,SKU-057,57,878.72,50087.04
PUR-20240805-SUP-006-I-2219,PUR-20240805-SUP-006,SKU-059,25,1610.05,40251.25
PUR-20240812-SUP-006-I-2220,PUR-20240812-SUP-006,SKU-009,94,2069.95,194575.3
PUR-20240812-SUP-006-I-2221,PUR-20240812-SUP-006,SKU-011,61,1200.57,73234.77
PUR-20240812-SUP-006-I-2222,PUR-20240812-SUP-006,SKU-013,97,1084.99,105244.03
PUR-20240812-SUP-006-I-2223,PUR-20240812-SUP-006,SKU-033,100,1477.83,147783.0
PUR-20240812-SUP-006-I-2224,PUR-20240812-SUP-006,SKU-035,57,1735.96,98949.72
PUR-20240812-SUP-006-I-2225,PUR-20240812-SUP-006,SKU-037,48,1666.14,79974.72
PUR-20240812-SUP-006-I-2226,PUR-20240812-SUP-006,SKU-057,49,881.33,43185.17
PUR-20240812-SUP-006-I-2227,PUR-20240812-SUP-006,SKU-059,21,1637.51,34387.71
PUR-20240819-SUP-006-I-2228,PUR-20240819-SUP-006,SKU-009,92,2067.77,190234.84
PUR-20240819-SUP-006-I-2229,PUR-20240819-SUP-006,SKU-011,37,1246.39,46116.43
PUR-20240819-SUP-006-I-2230,PUR-20240819-SUP-006,SKU-013,62,1125.98,69810.76
PUR-20240819-SUP-006-I-2231,PUR-20240819-SUP-006,SKU-033,84,1535.26,128961.84
PUR-20240819-SUP-006-I-2232,PUR-20240819-SUP-006,SKU-035,59,1736.01,102424.59
PUR-20240819-SUP-006-I-2233,PUR-20240819-SUP-006,SKU-037,44,1745.84,76816.96
PUR-20240819-SUP-006-I-2234,PUR-20240819-SUP-006,SKU-057,35,863.63,30227.05
PUR-20240819-SUP-006-I-2235,PUR-20240819-SUP-006,SKU-059,26,1623.36,42207.36
PUR-20240826-SUP-006-I-2236,PUR-20240826-SUP-006,SKU-009,100,2021.7,202170.0
PUR-20240826-SUP-006-I-2237,PUR-20240826-SUP-006,SKU-011,63,1231.23,77567.49
PUR-20240826-SUP-006-I-2238,PUR-20240826-SUP-006,SKU-013,80,1119.9,89592.0
PUR-20240826-SUP-006-I-2239,PUR-20240826-SUP-006,SKU-033,100,1492.83,149283.0
PUR-20240826-SUP-006-I-2240,PUR-20240826-SUP-006,SKU-035,66,1757.63,116003.58
PUR-20240826-SUP-006-I-2241,PUR-20240826-SUP-006,SKU-037,54,1718.83,92816.82
PUR-20240826-SUP-006-I-2242,PUR-20240826-SUP-006,SKU-057,51,871.48,44445.48
PUR-20240826-SUP-006-I-2243,PUR-20240826-SUP-006,SKU-059,22,1617.81,35591.82
PUR-20240902-SUP-006-I-2244,PUR-20240902-SUP-006,SKU-009,94,2012.52,189176.88
PUR-20240902-SUP-006-I-2245,PUR-20240902-SUP-006,SKU-011,72,1242.08,89429.76
PUR-20240902-SUP-006-I-2246,PUR-20240902-SUP-006,SKU-013,55,1086.77,59772.35
PUR-20240902-SUP-006-I-2247,PUR-20240902-SUP-006,SKU-033,78,1501.94,117151.32
PUR-20240902-SUP-006-I-2248,PUR-20240902-SUP-006,SKU-035,53,1751.48,92828.44
PUR-20240902-SUP-006-I-2249,PUR-20240902-SUP-006,SKU-037,58,1685.79,97775.82
PUR-20240902-SUP-006-I-2250,PUR-20240902-SUP-006,SKU-057,58,868.68,50383.44
PUR-20240902-SUP-006-I-2251,PUR-20240902-SUP-006,SKU-059,18,1677.41,30193.38
PUR-20240909-SUP-006-I-2252,PUR-20240909-SUP-006,SKU-009,87,2068.15,179929.05
PUR-20240909-SUP-006-I-2253,PUR-20240909-SUP-006,SKU-011,82,1258.92,103231.44
PUR-20240909-SUP-006-I-2254,PUR-20240909-SUP-006,SKU-013,78,1130.16,88152.48
PUR-20240909-SUP-006-I-2255,PUR-20240909-SUP-006,SKU-033,76,1488.6,113133.6
PUR-20240909-SUP-006-I-2256,PUR-20240909-SUP-006,SKU-035,44,1717.72,75579.68
PUR-20240909-SUP-006-I-2257,PUR-20240909-SUP-006,SKU-037,49,1706.39,83613.11
PUR-20240909-SUP-006-I-2258,PUR-20240909-SUP-006,SKU-057,51,873.96,44571.96
PUR-20240909-SUP-006-I-2259,PUR-20240909-SUP-006,SKU-059,21,1609.5,33799.5
PUR-20240916-SUP-006-I-2260,PUR-20240916-SUP-006,SKU-009,99,2056.06,203549.94
PUR-20240916-SUP-006-I-2261,PUR-20240916-SUP-006,SKU-011,83,1218.22,101112.26
PUR-20240916-SUP-006-I-2262,PUR-20240916-SUP-006,SKU-013,78,1114.39,86922.42
PUR-20240916-SUP-006-I-2263,PUR-20240916-SUP-006,SKU-033,93,1533.45,142610.85
PUR-20240916-SUP-006-I-2264,PUR-20240916-SUP-006,SKU-035,93,1685.49,156750.57
PUR-20240916-SUP-006-I-2265,PUR-20240916-SUP-006,SKU-037,52,1687.9,87770.8
PUR-20240916-SUP-006-I-2266,PUR-20240916-SUP-006,SKU-057,37,844.04,31229.48
PUR-20240916-SUP-006-I-2267,PUR-20240916-SUP-006,SKU-059,28,1640.73,45940.44
PUR-20240923-SUP-006-I-2268,PUR-20240923-SUP-006,SKU-009,83,2036.42,169022.86
PUR-20240923-SUP-006-I-2269,PUR-20240923-SUP-006,SKU-011,68,1206.47,82039.96
PUR-20240923-SUP-006-I-2270,PUR-20240923-SUP-006,SKU-013,97,1110.23,107692.31
PUR-20240923-SUP-006-I-2271,PUR-20240923-SUP-006,SKU-033,89,1519.55,135239.95
PUR-20240923-SUP-006-I-2272,PUR-20240923-SUP-006,SKU-035,88,1745.29,153585.52
PUR-20240923-SUP-006-I-2273,PUR-20240923-SUP-006,SKU-037,60,1672.17,100330.2
PUR-20240923-SUP-006-I-2274,PUR-20240923-SUP-006,SKU-057,76,871.95,66268.2
PUR-20240923-SUP-006-I-2275,PUR-20240923-SUP-006,SKU-059,26,1658.29,43115.54
PUR-20240930-SUP-006-I-2276,PUR-20240930-SUP-006,SKU-009,100,2036.76,203676.0
PUR-20240930-SUP-006-I-2277,PUR-20240930-SUP-006,SKU-011,70,1221.53,85507.1
PUR-20240930-SUP-006-I-2278,PUR-20240930-SUP-006,SKU-013,65,1107.4,71981.0
PUR-20240930-SUP-006-I-2279,PUR-20240930-SUP-006,SKU-033,100,1465.0,146500.0
PUR-20240930-SUP-006-I-2280,PUR-20240930-SUP-006,SKU-035,80,1760.54,140843.2
PUR-20240930-SUP-006-I-2281,PUR-20240930-SUP-006,SKU-037,77,1715.35,132081.95
PUR-20240930-SUP-006-I-2282,PUR-20240930-SUP-006,SKU-057,56,867.74,48593.44
PUR-20240930-SUP-006-I-2283,PUR-20240930-SUP-006,SKU-059,27,1602.66,43271.82
PUR-20241007-SUP-006-I-2284,PUR-20241007-SUP-006,SKU-009,70,2061.51,144305.7
PUR-20241007-SUP-006-I-2285,PUR-20241007-SUP-006,SKU-011,87,1209.01,105183.87
PUR-20241007-SUP-006-I-2286,PUR-20241007-SUP-006,SKU-013,61,1125.25,68640.25
PUR-20241007-SUP-006-I-2287,PUR-20241007-SUP-006,SKU-033,100,1475.09,147509.0
PUR-20241007-SUP-006-I-2288,PUR-20241007-SUP-006,SKU-035,61,1760.89,107414.29
PUR-20241007-SUP-006-I-2289,PUR-20241007-SUP-006,SKU-037,69,1734.86,119705.34
PUR-20241007-SUP-006-I-2290,PUR-20241007-SUP-006,SKU-057,57,846.32,48240.24
PUR-20241007-SUP-006-I-2291,PUR-20241007-SUP-006,SKU-059,23,1655.06,38066.38
PUR-20241014-SUP-006-I-2292,PUR-20241014-SUP-006,SKU-009,100,2084.29,208429.0
PUR-20241014-SUP-006-I-2293,PUR-20241014-SUP-006,SKU-011,62,1256.55,77906.1
PUR-20241014-SUP-006-I-2294,PUR-20241014-SUP-006,SKU-013,78,1085.1,84637.8
PUR-20241014-SUP-006-I-2295,PUR-20241014-SUP-006,SKU-033,100,1530.37,153037.0
PUR-20241014-SUP-006-I-2296,PUR-20241014-SUP-006,SKU-035,89,1699.86,151287.54
PUR-20241014-SUP-006-I-2297,PUR-20241014-SUP-006,SKU-037,56,1742.68,97590.08
PUR-20241014-SUP-006-I-2298,PUR-20241014-SUP-006,SKU-057,53,856.99,45420.47
PUR-20241014-SUP-006-I-2299,PUR-20241014-SUP-006,SKU-059,27,1650.05,44551.35
PUR-20241021-SUP-006-I-2300,PUR-20241021-SUP-006,SKU-009,96,2004.34,192416.64
PUR-20241021-SUP-006-I-2301,PUR-20241021-SUP-006,SKU-011,89,1238.16,110196.24
PUR-20241021-SUP-006-I-2302,PUR-20241021-SUP-006,SKU-013,92,1100.5,101246.0
PUR-20241021-SUP-006-I-2303,PUR-20241021-SUP-006,SKU-033,100,1465.44,146544.0
PUR-20241021-SUP-006-I-2304,PUR-20241021-SUP-006,SKU-035,100,1710.23,171023.0
PUR-20241021-SUP-006-I-2305,PUR-20241021-SUP-006,SKU-037,44,1692.57,74473.08
PUR-20241021-SUP-006-I-2306,PUR-20241021-SUP-006,SKU-057,59,851.77,50254.43
PUR-20241021-SUP-006-I-2307,PUR-20241021-SUP-006,SKU-059,31,1626.69,50427.39
PUR-20241028-SUP-006-I-2308,PUR-20241028-SUP-006,SKU-009,100,1989.81,198981.0
PUR-20241028-SUP-006-I-2309,PUR-20241028-SUP-006,SKU-011,100,1238.97,123897.0
PUR-20241028-SUP-006-I-2310,PUR-20241028-SUP-006,SKU-013,100,1091.85,109185.0
PUR-20241028-SUP-006-I-2311,PUR-20241028-SUP-006,SKU-033,100,1502.68,150268.0
PUR-20241028-SUP-006-I-2312,PUR-20241028-SUP-006,SKU-035,100,1704.98,170498.0
PUR-20241028-SUP-006-I-2313,PUR-20241028-SUP-006,SKU-037,73,1737.38,126828.74
PUR-20241028-SUP-006-I-2314,PUR-20241028-SUP-006,SKU-057,96,853.66,81951.36
PUR-20241028-SUP-006-I-2315,PUR-20241028-SUP-006,SKU-059,23,1617.48,37202.04
PUR-20241104-SUP-006-I-2316,PUR-20241104-SUP-006,SKU-009,94,2019.72,189853.68
PUR-20241104-SUP-006-I-2317,PUR-20241104-SUP-006,SKU-011,90,1260.21,113418.9
PUR-20241104-SUP-006-I-2318,PUR-20241104-SUP-006,SKU-013,100,1093.33,109333.0
PUR-20241104-SUP-006-I-2319,PUR-20241104-SUP-006,SKU-033,100,1496.24,149624.0
PUR-20241104-SUP-006-I-2320,PUR-20241104-SUP-006,SKU-035,100,1761.32,176132.0
PUR-20241104-SUP-006-I-2321,PUR-20241104-SUP-006,SKU-037,62,1749.48,108467.76
PUR-20241104-SUP-006-I-2322,PUR-20241104-SUP-006,SKU-057,58,846.43,49092.94
PUR-20241104-SUP-006-I-2323,PUR-20241104-SUP-006,SKU-059,34,1619.11,55049.74
PUR-20241111-SUP-006-I-2324,PUR-20241111-SUP-006,SKU-009,100,2069.95,206995.0
PUR-20241111-SUP-006-I-2325,PUR-20241111-SUP-006,SKU-011,100,1256.97,125697.0
PUR-20241111-SUP-006-I-2326,PUR-20241111-SUP-006,SKU-013,90,1120.25,100822.5
PUR-20241111-SUP-006-I-2327,PUR-20241111-SUP-006,SKU-033,75,1463.8,109785.0
PUR-20241111-SUP-006-I-2328,PUR-20241111-SUP-006,SKU-035,100,1690.16,169016.0
PUR-20241111-SUP-006-I-2329,PUR-20241111-SUP-006,SKU-037,73,1731.38,126390.74
PUR-20241111-SUP-006-I-2330,PUR-20241111-SUP-006,SKU-057,44,864.69,38046.36
PUR-20241111-SUP-006-I-2331,PUR-20241111-SUP-006,SKU-059,32,1612.1,51587.2
PUR-20241118-SUP-006-I-2332,PUR-20241118-SUP-006,SKU-009,100,2035.94,203594.0
PUR-20241118-SUP-006-I-2333,PUR-20241118-SUP-006,SKU-011,100,1241.9,124190.0
PUR-20241118-SUP-006-I-2334,PUR-20241118-SUP-006,SKU-013,100,1113.03,111303.0
PUR-20241118-SUP-006-I-2335,PUR-20241118-SUP-006,SKU-033,100,1473.92,147392.0
PUR-20241118-SUP-006-I-2336,PUR-20241118-SUP-006,SKU-035,100,1698.6,169860.0
PUR-20241118-SUP-006-I-2337,PUR-20241118-SUP-006,SKU-037,93,1686.07,156804.51
PUR-20241118-SUP-006-I-2338,PUR-20241118-SUP-006,SKU-057,100,868.91,86891.0
PUR-20241118-SUP-006-I-2339,PUR-20241118-SUP-006,SKU-059,35,1648.21,57687.35
PUR-20241125-SUP-006-I-2340,PUR-20241125-SUP-006,SKU-009,100,2016.19,201619.0
PUR-20241125-SUP-006-I-2341,PUR-20241125-SUP-006,SKU-011,100,1253.07,125307.0
PUR-20241125-SUP-006-I-2342,PUR-20241125-SUP-006,SKU-013,100,1117.34,111734.0
PUR-20241125-SUP-006-I-2343,PUR-20241125-SUP-006,SKU-033,100,1508.7,150870.0
PUR-20241125-SUP-006-I-2344,PUR-20241125-SUP-006,SKU-035,100,1719.79,171979.0
PUR-20241125-SUP-006-I-2345,PUR-20241125-SUP-006,SKU-037,42,1682.36,70659.12
PUR-20241125-SUP-006-I-2346,PUR-20241125-SUP-006,SKU-057,88,854.09,75159.92
PUR-20241125-SUP-006-I-2347,PUR-20241125-SUP-006,SKU-059,36,1622.1,58395.6
PUR-20241202-SUP-006-I-2348,PUR-20241202-SUP-006,SKU-009,100,2009.68,200968.0
PUR-20241202-SUP-006-I-2349,PUR-20241202-SUP-006,SKU-011,62,1202.68,74566.16
PUR-20241202-SUP-006-I-2350,PUR-20241202-SUP-006,SKU-013,100,1088.19,108819.0
PUR-20241202-SUP-006-I-2351,PUR-20241202-SUP-006,SKU-033,100,1485.34,148534.0
PUR-20241202-SUP-006-I-2352,PUR-20241202-SUP-006,SKU-035,100,1740.97,174097.0
PUR-20241202-SUP-006-I-2353,PUR-20241202-SUP-006,SKU-037,63,1737.23,109445.49
PUR-20241202-SUP-006-I-2354,PUR-20241202-SUP-006,SKU-057,95,866.59,82326.05
PUR-20241202-SUP-006-I-2355,PUR-20241202-SUP-006,SKU-059,39,1625.47,63393.33
PUR-20241209-SUP-006-I-2356,PUR-20241209-SUP-006,SKU-009,100,2072.36,207236.0
PUR-20241209-SUP-006-I-2357,PUR-20241209-SUP-006,SKU-011,86,1231.65,105921.9
PUR-20241209-SUP-006-I-2358,PUR-20241209-SUP-006,SKU-013,100,1103.23,110323.0
PUR-20241209-SUP-006-I-2359,PUR-20241209-SUP-006,SKU-033,100,1527.94,152794.0
PUR-20241209-SUP-006-I-2360,PUR-20241209-SUP-006,SKU-035,100,1729.18,172918.0
PUR-20241209-SUP-006-I-2361,PUR-20241209-SUP-006,SKU-037,72,1703.09,122622.48
PUR-20241209-SUP-006-I-2362,PUR-20241209-SUP-006,SKU-057,100,860.42,86042.0
PUR-20241209-SUP-006-I-2363,PUR-20241209-SUP-006,SKU-059,32,1617.12,51747.84
PUR-20241216-SUP-006-I-2364,PUR-20241216-SUP-006,SKU-009,100,2028.36,202836.0
PUR-20241216-SUP-006-I-2365,PUR-20241216-SUP-006,SKU-011,100,1250.85,125085.0
PUR-20241216-SUP-006-I-2366,PUR-20241216-SUP-006,SKU-013,93,1080.12,100451.16
PUR-20241216-SUP-006-I-2367,PUR-20241216-SUP-006,SKU-033,100,1469.37,146937.0
PUR-20241216-SUP-006-I-2368,PUR-20241216-SUP-006,SKU-035,100,1748.99,174899.0
PUR-20241216-SUP-006-I-2369,PUR-20241216-SUP-006,SKU-037,98,1692.02,165817.96
PUR-20241216-SUP-006-I-2370,PUR-20241216-SUP-006,SKU-057,66,856.51,56529.66
PUR-20241216-SUP-006-I-2371,PUR-20241216-SUP-006,SKU-059,52,1672.47,86968.44
PUR-20241223-SUP-006-I-2372,PUR-20241223-SUP-006,SKU-009,88,2088.29,183769.52
PUR-20241223-SUP-006-I-2373,PUR-20241223-SUP-006,SKU-011,100,1235.9,123590.0
PUR-20241223-SUP-006-I-2374,PUR-20241223-SUP-006,SKU-013,100,1117.04,111704.0
PUR-20241223-SUP-006-I-2375,PUR-20241223-SUP-006,SKU-033,100,1519.63,151963.0
PUR-20241223-SUP-006-I-2376,PUR-20241223-SUP-006,SKU-035,100,1748.42,174842.0
PUR-20241223-SUP-006-I-2377,PUR-20241223-SUP-006,SKU-037,73,1737.36,126827.28
PUR-20241223-SUP-006-I-2378,PUR-20241223-SUP-006,SKU-057,100,852.47,85247.0
PUR-20241223-SUP-006-I-2379,PUR-20241223-SUP-006,SKU-059,35,1672.41,58534.35
PUR-20241230-SUP-006-I-2380,PUR-20241230-SUP-006,SKU-009,100,2051.45,205145.0
PUR-20241230-SUP-006-I-2381,PUR-20241230-SUP-006,SKU-011,91,1214.19,110491.29
PUR-20241230-SUP-006-I-2382,PUR-20241230-SUP-006,SKU-013,100,1075.76,107576.0
PUR-20241230-SUP-006-I-2383,PUR-20241230-SUP-006,SKU-033,100,1464.48,146448.0
PUR-20241230-SUP-006-I-2384,PUR-20241230-SUP-006,SKU-035,100,1713.24,171324.0
PUR-20241230-SUP-006-I-2385,PUR-20241230-SUP-006,SKU-037,69,1681.24,116005.56
PUR-20241230-SUP-006-I-2386,PUR-20241230-SUP-006,SKU-057,81,848.19,68703.39
PUR-20241230-SUP-006-I-2387,PUR-20241230-SUP-006,SKU-059,34,1668.26,56720.84
PUR-20250106-SUP-006-I-2388,PUR-20250106-SUP-006,SKU-009,100,2038.4,203840.0
PUR-20250106-SUP-006-I-2389,PUR-20250106-SUP-006,SKU-011,67,1257.79,84271.93
PUR-20250106-SUP-006-I-2390,PUR-20250106-SUP-006,SKU-013,92,1120.17,103055.64
PUR-20250106-SUP-006-I-2391,PUR-20250106-SUP-006,SKU-033,77,1464.98,112803.46
PUR-20250106-SUP-006-I-2392,PUR-20250106-SUP-006,SKU-035,84,1760.42,147875.28
PUR-20250106-SUP-006-I-2393,PUR-20250106-SUP-006,SKU-037,62,1679.46,104126.52
PUR-20250106-SUP-006-I-2394,PUR-20250106-SUP-006,SKU-057,71,862.04,61204.84
PUR-20250106-SUP-006-I-2395,PUR-20250106-SUP-006,SKU-059,18,1661.0,29898.0
PUR-20250113-SUP-006-I-2396,PUR-20250113-SUP-006,SKU-009,100,2037.17,203717.0
PUR-20250113-SUP-006-I-2397,PUR-20250113-SUP-006,SKU-011,73,1250.32,91273.36
PUR-20250113-SUP-006-I-2398,PUR-20250113-SUP-006,SKU-013,100,1125.92,112592.0
PUR-20250113-SUP-006-I-2399,PUR-20250113-SUP-006,SKU-033,100,1495.23,149523.0
PUR-20250113-SUP-006-I-2400,PUR-20250113-SUP-006,SKU-035,54,1688.36,91171.44
PUR-20250113-SUP-006-I-2401,PUR-20250113-SUP-006,SKU-037,63,1738.09,109499.67
PUR-20250113-SUP-006-I-2402,PUR-20250113-SUP-006,SKU-057,59,858.81,50669.79
PUR-20250113-SUP-006-I-2403,PUR-20250113-SUP-006,SKU-059,37,1614.1,59721.7
PUR-20250120-SUP-006-I-2404,PUR-20250120-SUP-006,SKU-009,100,2065.0,206500.0
PUR-20250120-SUP-006-I-2405,PUR-20250120-SUP-006,SKU-011,68,1259.27,85630.36
PUR-20250120-SUP-006-I-2406,PUR-20250120-SUP-006,SKU-013,100,1115.73,111573.0
PUR-20250120-SUP-006-I-2407,PUR-20250120-SUP-006,SKU-033,100,1504.47,150447.0
PUR-20250120-SUP-006-I-2408,PUR-20250120-SUP-006,SKU-035,77,1720.53,132480.81
PUR-20250120-SUP-006-I-2409,PUR-20250120-SUP-006,SKU-037,93,1665.87,154925.91
PUR-20250120-SUP-006-I-2410,PUR-20250120-SUP-006,SKU-057,72,857.31,61726.32
PUR-20250120-SUP-006-I-2411,PUR-20250120-SUP-006,SKU-059,27,1603.42,43292.34
PUR-20250127-SUP-006-I-2412,PUR-20250127-SUP-006,SKU-009,100,1996.81,199681.0
PUR-20250127-SUP-006-I-2413,PUR-20250127-SUP-006,SKU-011,79,1242.97,98194.63
PUR-20250127-SUP-006-I-2414,PUR-20250127-SUP-006,SKU-013,100,1091.74,109174.0
PUR-20250127-SUP-006-I-2415,PUR-20250127-SUP-006,SKU-033,100,1485.52,148552.0
PUR-20250127-SUP-006-I-2416,PUR-20250127-SUP-006,SKU-035,83,1718.14,142605.62
PUR-20250127-SUP-006-I-2417,PUR-20250127-SUP-006,SKU-037,47,1708.63,80305.61
PUR-20250127-SUP-006-I-2418,PUR-20250127-SUP-006,SKU-057,83,844.08,70058.64
PUR-20250127-SUP-006-I-2419,PUR-20250127-SUP-006,SKU-059,19,1606.94,30531.86
PUR-20250203-SUP-006-I-2420,PUR-20250203-SUP-006,SKU-009,100,2086.82,208682.0
PUR-20250203-SUP-006-I-2421,PUR-20250203-SUP-006,SKU-011,52,1200.24,62412.48
PUR-20250203-SUP-006-I-2422,PUR-20250203-SUP-006,SKU-013,67,1076.33,72114.11
PUR-20250203-SUP-006-I-2423,PUR-20250203-SUP-006,SKU-033,92,1509.99,138919.08
PUR-20250203-SUP-006-I-2424,PUR-20250203-SUP-006,SKU-035,100,1677.31,167731.0
PUR-20250203-SUP-006-I-2425,PUR-20250203-SUP-006,SKU-037,53,1718.4,91075.2
PUR-20250203-SUP-006-I-2426,PUR-20250203-SUP-006,SKU-057,43,851.4,36610.2
PUR-20250203-SUP-006-I-2427,PUR-20250203-SUP-006,SKU-059,29,1622.1,47040.9
PUR-20250210-SUP-006-I-2428,PUR-20250210-SUP-006,SKU-009,100,2072.32,207232.0
PUR-20250210-SUP-006-I-2429,PUR-20250210-SUP-006,SKU-011,80,1202.24,96179.2
PUR-20250210-SUP-006-I-2430,PUR-20250210-SUP-006,SKU-013,100,1121.9,112190.0
PUR-20250210-SUP-006-I-2431,PUR-20250210-SUP-006,SKU-033,100,1514.53,151453.0
PUR-20250210-SUP-006-I-2432,PUR-20250210-SUP-006,SKU-035,83,1716.89,142501.87
PUR-20250210-SUP-006-I-2433,PUR-20250210-SUP-006,SKU-037,66,1725.5,113883.0
PUR-20250210-SUP-006-I-2434,PUR-20250210-SUP-006,SKU-057,71,869.7,61748.7
PUR-20250210-SUP-006-I-2435,PUR-20250210-SUP-006,SKU-059,25,1608.62,40215.5
PUR-20250217-SUP-006-I-2436,PUR-20250217-SUP-006,SKU-009,100,2051.37,205137.0
PUR-20250217-SUP-006-I-2437,PUR-20250217-SUP-006,SKU-011,73,1255.28,91635.44
PUR-20250217-SUP-006-I-2438,PUR-20250217-SUP-006,SKU-013,14,1079.66,15115.24
PUR-20250217-SUP-006-I-2439,PUR-20250217-SUP-006,SKU-033,100,1465.55,146555.0
PUR-20250217-SUP-006-I-2440,PUR-20250217-SUP-006,SKU-035,85,1683.01,143055.85
PUR-20250217-SUP-006-I-2441,PUR-20250217-SUP-006,SKU-037,58,1749.19,101453.02
PUR-20250217-SUP-006-I-2442,PUR-20250217-SUP-006,SKU-057,82,854.62,70078.84
PUR-20250217-SUP-006-I-2443,PUR-20250217-SUP-006,SKU-059,31,1614.86,50060.66
PUR-20250224-SUP-006-I-2444,PUR-20250224-SUP-006,SKU-009,100,2014.63,201463.0
PUR-20250224-SUP-006-I-2445,PUR-20250224-SUP-006,SKU-011,90,1224.19,110177.1
PUR-20250224-SUP-006-I-2446,PUR-20250224-SUP-006,SKU-013,87,1110.85,96643.95
PUR-20250224-SUP-006-I-2447,PUR-20250224-SUP-006,SKU-033,100,1473.04,147304.0
PUR-20250224-SUP-006-I-2448,PUR-20250224-SUP-006,SKU-035,88,1744.59,153523.92
PUR-20250224-SUP-006-I-2449,PUR-20250224-SUP-006,SKU-037,58,1696.28,98384.24
PUR-20250224-SUP-006-I-2450,PUR-20250224-SUP-006,SKU-057,59,852.24,50282.16
PUR-20250224-SUP-006-I-2451,PUR-20250224-SUP-006,SKU-059,36,1651.28,59446.08
PUR-20250303-SUP-006-I-2452,PUR-20250303-SUP-006,SKU-009,100,2055.61,205561.0
PUR-20250303-SUP-006-I-2453,PUR-20250303-SUP-006,SKU-011,100,1242.98,124298.0
PUR-20250303-SUP-006-I-2454,PUR-20250303-SUP-006,SKU-013,100,1124.21,112421.0
PUR-20250303-SUP-006-I-2455,PUR-20250303-SUP-006,SKU-033,74,1506.8,111503.2
PUR-20250303-SUP-006-I-2456,PUR-20250303-SUP-006,SKU-035,100,1748.62,174862.0
PUR-20250303-SUP-006-I-2457,PUR-20250303-SUP-006,SKU-037,69,1669.79,115215.51
PUR-20250303-SUP-006-I-2458,PUR-20250303-SUP-006,SKU-057,71,874.55,62093.05
PUR-20250303-SUP-006-I-2459,PUR-20250303-SUP-006,SKU-059,21,1634.79,34330.59
PUR-20250310-SUP-006-I-2460,PUR-20250310-SUP-006,SKU-009,100,2030.57,203057.0
PUR-20250310-SUP-006-I-2461,PUR-20250310-SUP-006,SKU-011,99,1248.57,123608.43
PUR-20250310-SUP-006-I-2462,PUR-20250310-SUP-006,SKU-013,100,1091.66,109166.0
PUR-20250310-SUP-006-I-2463,PUR-20250310-SUP-006,SKU-033,100,1522.96,152296.0
PUR-20250310-SUP-006-I-2464,PUR-20250310-SUP-006,SKU-035,100,1744.58,174458.0
PUR-20250310-SUP-006-I-2465,PUR-20250310-SUP-006,SKU-037,45,1687.14,75921.3
PUR-20250310-SUP-006-I-2466,PUR-20250310-SUP-006,SKU-057,100,877.38,87738.0
PUR-20250310-SUP-006-I-2467,PUR-20250310-SUP-006,SKU-059,32,1630.1,52163.2
PUR-20250317-SUP-006-I-2468,PUR-20250317-SUP-006,SKU-009,100,2000.89,200089.0
PUR-20250317-SUP-006-I-2469,PUR-20250317-SUP-006,SKU-011,100,1236.93,123693.0
PUR-20250317-SUP-006-I-2470,PUR-20250317-SUP-006,SKU-013,100,1119.42,111942.0
PUR-20250317-SUP-006-I-2471,PUR-20250317-SUP-006,SKU-033,100,1496.67,149667.0
PUR-20250317-SUP-006-I-2472,PUR-20250317-SUP-006,SKU-035,80,1746.21,139696.8
PUR-20250317-SUP-006-I-2473,PUR-20250317-SUP-006,SKU-037,85,1691.24,143755.4
PUR-20250317-SUP-006-I-2474,PUR-20250317-SUP-006,SKU-057,89,879.7,78293.3
PUR-20250317-SUP-006-I-2475,PUR-20250317-SUP-006,SKU-059,39,1608.95,62749.05
PUR-20250324-SUP-006-I-2476,PUR-20250324-SUP-006,SKU-009,100,2071.4,207140.0
PUR-20250324-SUP-006-I-2477,PUR-20250324-SUP-006,SKU-011,81,1240.07,100445.67
PUR-20250324-SUP-006-I-2478,PUR-20250324-SUP-006,SKU-013,100,1082.3,108230.0
PUR-20250324-SUP-006-I-2479,PUR-20250324-SUP-006,SKU-033,100,1491.13,149113.0
PUR-20250324-SUP-006-I-2480,PUR-20250324-SUP-006,SKU-035,100,1696.2,169620.0
PUR-20250324-SUP-006-I-2481,PUR-20250324-SUP-006,SKU-037,72,1743.71,125547.12
PUR-20250324-SUP-006-I-2482,PUR-20250324-SUP-006,SKU-057,100,872.68,87268.0
PUR-20250324-SUP-006-I-2483,PUR-20250324-SUP-006,SKU-059,27,1623.23,43827.21
PUR-20250331-SUP-006-I-2484,PUR-20250331-SUP-006,SKU-009,23,2055.66,47280.18
PUR-20250331-SUP-006-I-2485,PUR-20250331-SUP-006,SKU-011,11,1218.63,13404.93
PUR-20250331-SUP-006-I-2486,PUR-20250331-SUP-006,SKU-013,5,1098.96,5494.8
PUR-20250331-SUP-006-I-2487,PUR-20250331-SUP-006,SKU-033,29,1474.69,42766.01
PUR-20250331-SUP-006-I-2488,PUR-20250331-SUP-006,SKU-035,18,1747.69,31458.42
PUR-20250331-SUP-006-I-2489,PUR-20250331-SUP-006,SKU-037,11,1690.25,18592.75
PUR-20250331-SUP-006-I-2490,PUR-20250331-SUP-006,SKU-057,11,877.44,9651.84
PUR-20250331-SUP-006-I-2491,PUR-20250331-SUP-006,SKU-059,5,1682.7,8413.5
PUR-20240401-SUP-007-I-2492,PUR-20240401-SUP-007,SKU-012,89,1138.54,101330.06
PUR-20240401-SUP-007-I-2493,PUR-20240401-SUP-007,SKU-014,58,1289.82,74809.56
PUR-20240401-SUP-007-I-2494,PUR-20240401-SUP-007,SKU-016,67,1341.1,89853.7
PUR-20240401-SUP-007-I-2495,PUR-20240401-SUP-007,SKU-036,50,1393.3,69665.0
PUR-20240401-SUP-007-I-2496,PUR-20240401-SUP-007,SKU-038,32,1872.16,59909.12
PUR-20240401-SUP-007-I-2497,PUR-20240401-SUP-007,SKU-040,50,2176.54,108827.0
PUR-20240401-SUP-007-I-2498,PUR-20240401-SUP-007,SKU-060,44,1409.95,62037.8
PUR-20240408-SUP-007-I-2499,PUR-20240408-SUP-007,SKU-012,77,1154.23,88875.71
PUR-20240408-SUP-007-I-2500,PUR-20240408-SUP-007,SKU-014,60,1299.67,77980.2
PUR-20240408-SUP-007-I-2501,PUR-20240408-SUP-007,SKU-016,58,1342.7,77876.6
PUR-20240408-SUP-007-I-2502,PUR-20240408-SUP-007,SKU-036,54,1372.63,74122.02
PUR-20240408-SUP-007-I-2503,PUR-20240408-SUP-007,SKU-038,26,1832.02,47632.52
PUR-20240408-SUP-007-I-2504,PUR-20240408-SUP-007,SKU-040,68,2210.37,150305.16
PUR-20240408-SUP-007-I-2505,PUR-20240408-SUP-007,SKU-060,44,1432.66,63037.04
PUR-20240415-SUP-007-I-2506,PUR-20240415-SUP-007,SKU-012,70,1154.67,80826.9
PUR-20240415-SUP-007-I-2507,PUR-20240415-SUP-007,SKU-014,66,1334.34,88066.44
PUR-20240415-SUP-007-I-2508,PUR-20240415-SUP-007,SKU-016,60,1324.78,79486.8
PUR-20240415-SUP-007-I-2509,PUR-20240415-SUP-007,SKU-036,47,1394.08,65521.76
PUR-20240415-SUP-007-I-2510,PUR-20240415-SUP-007,SKU-038,35,1838.4,64344.0
PUR-20240415-SUP-007-I-2511,PUR-20240415-SUP-007,SKU-040,79,2214.67,174958.93
PUR-20240415-SUP-007-I-2512,PUR-20240415-SUP-007,SKU-060,54,1414.82,76400.28
PUR-20240422-SUP-007-I-2513,PUR-20240422-SUP-007,SKU-012,59,1141.19,67330.21
PUR-20240422-SUP-007-I-2514,PUR-20240422-SUP-007,SKU-014,53,1317.3,69816.9
PUR-20240422-SUP-007-I-2515,PUR-20240422-SUP-007,SKU-016,48,1329.76,63828.48
PUR-20240422-SUP-007-I-2516,PUR-20240422-SUP-007,SKU-036,86,1364.9,117381.4
PUR-20240422-SUP-007-I-2517,PUR-20240422-SUP-007,SKU-038,32,1813.19,58022.08
PUR-20240422-SUP-007-I-2518,PUR-20240422-SUP-007,SKU-040,45,2125.46,95645.7
PUR-20240422-SUP-007-I-2519,PUR-20240422-SUP-007,SKU-060,41,1434.84,58828.44
PUR-20240429-SUP-007-I-2520,PUR-20240429-SUP-007,SKU-012,100,1126.53,112653.0
PUR-20240429-SUP-007-I-2521,PUR-20240429-SUP-007,SKU-014,40,1334.4,53376.0
PUR-20240429-SUP-007-I-2522,PUR-20240429-SUP-007,SKU-016,69,1351.13,93227.97
PUR-20240429-SUP-007-I-2523,PUR-20240429-SUP-007,SKU-036,61,1349.04,82291.44
PUR-20240429-SUP-007-I-2524,PUR-20240429-SUP-007,SKU-038,35,1835.87,64255.45
PUR-20240429-SUP-007-I-2525,PUR-20240429-SUP-007,SKU-040,61,2204.1,134450.1
PUR-20240429-SUP-007-I-2526,PUR-20240429-SUP-007,SKU-060,48,1437.64,69006.72
PUR-20240506-SUP-007-I-2527,PUR-20240506-SUP-007,SKU-012,77,1123.26,86491.02
PUR-20240506-SUP-007-I-2528,PUR-20240506-SUP-007,SKU-014,32,1331.76,42616.32
PUR-20240506-SUP-007-I-2529,PUR-20240506-SUP-007,SKU-016,57,1358.55,77437.35
PUR-20240506-SUP-007-I-2530,PUR-20240506-SUP-007,SKU-036,60,1359.75,81585.0
PUR-20240506-SUP-007-I-2531,PUR-20240506-SUP-007,SKU-038,32,1870.99,59871.68
PUR-20240506-SUP-007-I-2532,PUR-20240506-SUP-007,SKU-040,67,2122.2,142187.4
PUR-20240506-SUP-007-I-2533,PUR-20240506-SUP-007,SKU-060,42,1399.83,58792.86
PUR-20240513-SUP-007-I-2534,PUR-20240513-SUP-007,SKU-012,69,1137.33,78475.77
PUR-20240513-SUP-007-I-2535,PUR-20240513-SUP-007,SKU-014,60,1317.19,79031.4
PUR-20240513-SUP-007-I-2536,PUR-20240513-SUP-007,SKU-016,49,1345.55,65931.95
PUR-20240513-SUP-007-I-2537,PUR-20240513-SUP-007,SKU-036,45,1362.99,61334.55
PUR-20240513-SUP-007-I-2538,PUR-20240513-SUP-007,SKU-038,30,1800.9,54027.0
PUR-20240513-SUP-007-I-2539,PUR-20240513-SUP-007,SKU-040,73,2180.66,159188.18
PUR-20240513-SUP-007-I-2540,PUR-20240513-SUP-007,SKU-060,53,1396.45,74011.85
PUR-20240520-SUP-007-I-2541,PUR-20240520-SUP-007,SKU-012,56,1153.71,64607.76
PUR-20240520-SUP-007-I-2542,PUR-20240520-SUP-007,SKU-014,55,1329.1,73100.5
PUR-20240520-SUP-007-I-2543,PUR-20240520-SUP-007,SKU-016,46,1338.89,61588.94
PUR-20240520-SUP-007-I-2544,PUR-20240520-SUP-007,SKU-036,54,1387.9,74946.6
PUR-20240520-SUP-007-I-2545,PUR-20240520-SUP-007,SKU-038,18,1865.31,33575.58
PUR-20240520-SUP-007-I-2546,PUR-20240520-SUP-007,SKU-040,45,2213.71,99616.95
PUR-20240520-SUP-007-I-2547,PUR-20240520-SUP-007,SKU-060,44,1405.78,61854.32
PUR-20240527-SUP-007-I-2548,PUR-20240527-SUP-007,SKU-012,78,1119.43,87315.54
PUR-20240527-SUP-007-I-2549,PUR-20240527-SUP-007,SKU-014,67,1324.82,88762.94
PUR-20240527-SUP-007-I-2550,PUR-20240527-SUP-007,SKU-016,63,1347.8,84911.4
PUR-20240527-SUP-007-I-2551,PUR-20240527-SUP-007,SKU-036,38,1392.16,52902.08
PUR-20240527-SUP-007-I-2552,PUR-20240527-SUP-007,SKU-038,25,1830.61,45765.25
PUR-20240527-SUP-007-I-2553,PUR-20240527-SUP-007,SKU-040,48,2173.51,104328.48
PUR-20240527-SUP-007-I-2554,PUR-20240527-SUP-007,SKU-060,57,1432.22,81636.54
PUR-20240603-SUP-007-I-2555,PUR-20240603-SUP-007,SKU-012,74,1145.79,84788.46
PUR-20240603-SUP-007-I-2556,PUR-20240603-SUP-007,SKU-014,53,1296.51,68715.03
PUR-20240603-SUP-007-I-2557,PUR-20240603-SUP-007,SKU-016,81,1315.37,106544.97
PUR-20240603-SUP-007-I-2558,PUR-20240603-SUP-007,SKU-036,55,1340.21,73711.55
PUR-20240603-SUP-007-I-2559,PUR-20240603-SUP-007,SKU-038,25,1805.63,45140.75
PUR-20240603-SUP-007-I-2560,PUR-20240603-SUP-007,SKU-040,53,2173.91,115217.23
PUR-20240603-SUP-007-I-2561,PUR-20240603-SUP-007,SKU-060,54,1434.76,77477.04
PUR-20240610-SUP-007-I-2562,PUR-20240610-SUP-007,SKU-012,86,1111.3,95571.8
PUR-20240610-SUP-007-I-2563,PUR-20240610-SUP-007,SKU-014,45,1285.78,57860.1
PUR-20240610-SUP-007-I-2564,PUR-20240610-SUP-007,SKU-016,36,1317.46,47428.56
PUR-20240610-SUP-007-I-2565,PUR-20240610-SUP-007,SKU-036,64,1340.76,85808.64
PUR-20240610-SUP-007-I-2566,PUR-20240610-SUP-007,SKU-038,26,1857.75,48301.5
PUR-20240610-SUP-007-I-2567,PUR-20240610-SUP-007,SKU-040,63,2135.67,134547.21
PUR-20240610-SUP-007-I-2568,PUR-20240610-SUP-007,SKU-060,43,1393.86,59935.98
PUR-20240617-SUP-007-I-2569,PUR-20240617-SUP-007,SKU-012,63,1156.45,72856.35
PUR-20240617-SUP-007-I-2570,PUR-20240617-SUP-007,SKU-014,56,1331.23,74548.88
PUR-20240617-SUP-007-I-2571,PUR-20240617-SUP-007,SKU-016,65,1357.67,88248.55
PUR-20240617-SUP-007-I-2572,PUR-20240617-SUP-007,SKU-036,64,1387.8,88819.2
PUR-20240617-SUP-007-I-2573,PUR-20240617-SUP-007,SKU-038,25,1877.88,46947.0
PUR-20240617-SUP-007-I-2574,PUR-20240617-SUP-007,SKU-040,37,2114.7,78243.9
PUR-20240617-SUP-007-I-2575,PUR-20240617-SUP-007,SKU-060,45,1431.64,64423.8
PUR-20240624-SUP-007-I-2576,PUR-20240624-SUP-007,SKU-012,82,1117.46,91631.72
PUR-20240624-SUP-007-I-2577,PUR-20240624-SUP-007,SKU-014,57,1322.2,75365.4
PUR-20240624-SUP-007-I-2578,PUR-20240624-SUP-007,SKU-016,67,1345.1,90121.7
PUR-20240624-SUP-007-I-2579,PUR-20240624-SUP-007,SKU-036,77,1332.23,102581.71
PUR-20240624-SUP-007-I-2580,PUR-20240624-SUP-007,SKU-038,38,1877.59,71348.42
PUR-20240624-SUP-007-I-2581,PUR-20240624-SUP-007,SKU-040,68,2115.28,143839.04
PUR-20240624-SUP-007-I-2582,PUR-20240624-SUP-007,SKU-060,58,1388.26,80519.08
PUR-20240701-SUP-007-I-2583,PUR-20240701-SUP-007,SKU-012,93,1136.62,105705.66
PUR-20240701-SUP-007-I-2584,PUR-20240701-SUP-007,SKU-014,52,1301.62,67684.24
PUR-20240701-SUP-007-I-2585,PUR-20240701-SUP-007,SKU-016,47,1369.59,64370.73
PUR-20240701-SUP-007-I-2586,PUR-20240701-SUP-007,SKU-036,32,1393.75,44600.0
PUR-20240701-SUP-007-I-2587,PUR-20240701-SUP-007,SKU-038,30,1836.63,55098.9
PUR-20240701-SUP-007-I-2588,PUR-20240701-SUP-007,SKU-040,59,2195.23,129518.57
PUR-20240701-SUP-007-I-2589,PUR-20240701-SUP-007,SKU-060,34,1442.34,49039.56
PUR-20240708-SUP-007-I-2590,PUR-20240708-SUP-007,SKU-012,74,1139.71,84338.54
PUR-20240708-SUP-007-I-2591,PUR-20240708-SUP-007,SKU-014,43,1279.52,55019.36
PUR-20240708-SUP-007-I-2592,PUR-20240708-SUP-007,SKU-016,49,1363.97,66834.53
PUR-20240708-SUP-007-I-2593,PUR-20240708-SUP-007,SKU-036,65,1377.25,89521.25
PUR-20240708-SUP-007-I-2594,PUR-20240708-SUP-007,SKU-038,36,1842.42,66327.12
PUR-20240708-SUP-007-I-2595,PUR-20240708-SUP-007,SKU-040,83,2124.2,176308.6
PUR-20240708-SUP-007-I-2596,PUR-20240708-SUP-007,SKU-060,47,1406.06,66084.82
PUR-20240715-SUP-007-I-2597,PUR-20240715-SUP-007,SKU-012,54,1118.59,60403.86
PUR-20240715-SUP-007-I-2598,PUR-20240715-SUP-007,SKU-014,44,1291.08,56807.52
PUR-20240715-SUP-007-I-2599,PUR-20240715-SUP-007,SKU-016,49,1335.81,65454.69
PUR-20240715-SUP-007-I-2600,PUR-20240715-SUP-007,SKU-036,72,1351.02,97273.44
PUR-20240715-SUP-007-I-2601,PUR-20240715-SUP-007,SKU-038,21,1853.2,38917.2
PUR-20240715-SUP-007-I-2602,PUR-20240715-SUP-007,SKU-040,35,2188.81,76608.35
PUR-20240715-SUP-007-I-2603,PUR-20240715-SUP-007,SKU-060,55,1399.35,76964.25
PUR-20240722-SUP-007-I-2604,PUR-20240722-SUP-007,SKU-012,63,1120.8,70610.4
PUR-20240722-SUP-007-I-2605,PUR-20240722-SUP-007,SKU-014,42,1304.37,54783.54
PUR-20240722-SUP-007-I-2606,PUR-20240722-SUP-007,SKU-016,36,1312.68,47256.48
PUR-20240722-SUP-007-I-2607,PUR-20240722-SUP-007,SKU-036,54,1386.8,74887.2
PUR-20240722-SUP-007-I-2608,PUR-20240722-SUP-007,SKU-038,25,1874.7,46867.5
PUR-20240722-SUP-007-I-2609,PUR-20240722-SUP-007,SKU-040,53,2132.34,113014.02
PUR-20240722-SUP-007-I-2610,PUR-20240722-SUP-007,SKU-060,44,1414.44,62235.36
PUR-20240729-SUP-007-I-2611,PUR-20240729-SUP-007,SKU-012,74,1145.28,84750.72
PUR-20240729-SUP-007-I-2612,PUR-20240729-SUP-007,SKU-014,40,1324.77,52990.8
PUR-20240729-SUP-007-I-2613,PUR-20240729-SUP-007,SKU-016,68,1340.31,91141.08
PUR-20240729-SUP-007-I-2614,PUR-20240729-SUP-007,SKU-036,66,1361.29,89845.14
PUR-20240729-SUP-007-I-2615,PUR-20240729-SUP-007,SKU-038,30,1805.73,54171.9
PUR-20240729-SUP-007-I-2616,PUR-20240729-SUP-007,SKU-040,63,2142.31,134965.53
PUR-20240729-SUP-007-I-2617,PUR-20240729-SUP-007,SKU-060,52,1417.14,73691.28
PUR-20240805-SUP-007-I-2618,PUR-20240805-SUP-007,SKU-012,71,1114.84,79153.64
PUR-20240805-SUP-007-I-2619,PUR-20240805-SUP-007,SKU-014,54,1339.78,72348.12
PUR-20240805-SUP-007-I-2620,PUR-20240805-SUP-007,SKU-016,69,1310.45,90421.05
PUR-20240805-SUP-007-I-2621,PUR-20240805-SUP-007,SKU-036,55,1388.42,76363.1
PUR-20240805-SUP-007-I-2622,PUR-20240805-SUP-007,SKU-038,35,1822.75,63796.25
PUR-20240805-SUP-007-I-2623,PUR-20240805-SUP-007,SKU-040,60,2175.88,130552.8
PUR-20240805-SUP-007-I-2624,PUR-20240805-SUP-007,SKU-060,48,1409.41,67651.68
PUR-20240812-SUP-007-I-2625,PUR-20240812-SUP-007,SKU-012,67,1153.21,77265.07
PUR-20240812-SUP-007-I-2626,PUR-20240812-SUP-007,SKU-014,53,1307.46,69295.38
PUR-20240812-SUP-007-I-2627,PUR-20240812-SUP-007,SKU-016,44,1361.64,59912.16
PUR-20240812-SUP-007-I-2628,PUR-20240812-SUP-007,SKU-036,58,1396.98,81024.84
PUR-20240812-SUP-007-I-2629,PUR-20240812-SUP-007,SKU-038,33,1833.99,60521.67
PUR-20240812-SUP-007-I-2630,PUR-20240812-SUP-007,SKU-040,60,2145.4,128724.0
PUR-20240812-SUP-007-I-2631,PUR-20240812-SUP-007,SKU-060,52,1396.44,72614.88
PUR-20240819-SUP-007-I-2632,PUR-20240819-SUP-007,SKU-012,78,1110.7,86634.6
PUR-20240819-SUP-007-I-2633,PUR-20240819-SUP-007,SKU-014,65,1323.63,86035.95
PUR-20240819-SUP-007-I-2634,PUR-20240819-SUP-007,SKU-016,51,1343.07,68496.57
PUR-20240819-SUP-007-I-2635,PUR-20240819-SUP-007,SKU-036,42,1366.28,57383.76
PUR-20240819-SUP-007-I-2636,PUR-20240819-SUP-007,SKU-038,34,1887.99,64191.66
PUR-20240819-SUP-007-I-2637,PUR-20240819-SUP-007,SKU-040,50,2210.87,110543.5
PUR-20240819-SUP-007-I-2638,PUR-20240819-SUP-007,SKU-060,44,1407.64,61936.16
PUR-20240826-SUP-007-I-2639,PUR-20240826-SUP-007,SKU-012,76,1137.11,86420.36
PUR-20240826-SUP-007-I-2640,PUR-20240826-SUP-007,SKU-014,63,1309.64,82507.32
PUR-20240826-SUP-007-I-2641,PUR-20240826-SUP-007,SKU-016,68,1315.87,89479.16
PUR-20240826-SUP-007-I-2642,PUR-20240826-SUP-007,SKU-036,66,1347.61,88942.26
PUR-20240826-SUP-007-I-2643,PUR-20240826-SUP-007,SKU-038,30,1842.32,55269.6
PUR-20240826-SUP-007-I-2644,PUR-20240826-SUP-007,SKU-040,74,2203.57,163064.18
PUR-20240826-SUP-007-I-2645,PUR-20240826-SUP-007,SKU-060,56,1446.12,80982.72
PUR-20240902-SUP-007-I-2646,PUR-20240902-SUP-007,SKU-012,65,1121.74,72913.1
PUR-20240902-SUP-007-I-2647,PUR-20240902-SUP-007,SKU-014,50,1277.25,63862.5
PUR-20240902-SUP-007-I-2648,PUR-20240902-SUP-007,SKU-016,87,1320.47,114880.89
PUR-20240902-SUP-007-I-2649,PUR-20240902-SUP-007,SKU-036,74,1378.83,102033.42
PUR-20240902-SUP-007-I-2650,PUR-20240902-SUP-007,SKU-038,27,1884.07,50869.89
PUR-20240902-SUP-007-I-2651,PUR-20240902-SUP-007,SKU-040,83,2136.36,177317.88
PUR-20240902-SUP-007-I-2652,PUR-20240902-SUP-007,SKU-060,64,1396.02,89345.28
PUR-20240909-SUP-007-I-2653,PUR-20240909-SUP-007,SKU-012,60,1122.94,67376.4
PUR-20240909-SUP-007-I-2654,PUR-20240909-SUP-007,SKU-014,66,1298.72,85715.52
PUR-20240909-SUP-007-I-2655,PUR-20240909-SUP-007,SKU-016,54,1354.87,73162.98
PUR-20240909-SUP-007-I-2656,PUR-20240909-SUP-007,SKU-036,89,1336.31,118931.59
PUR-20240909-SUP-007-I-2657,PUR-20240909-SUP-007,SKU-038,38,1846.79,70178.02
PUR-20240909-SUP-007-I-2658,PUR-20240909-SUP-007,SKU-040,57,2187.31,124676.67
PUR-20240909-SUP-007-I-2659,PUR-20240909-SUP-007,SKU-060,46,1387.07,63805.22
PUR-20240916-SUP-007-I-2660,PUR-20240916-SUP-007,SKU-012,100,1114.91,111491.0
PUR-20240916-SUP-007-I-2661,PUR-20240916-SUP-007,SKU-014,65,1278.91,83129.15
PUR-20240916-SUP-007-I-2662,PUR-20240916-SUP-007,SKU-016,64,1369.94,87676.16
PUR-20240916-SUP-007-I-2663,PUR-20240916-SUP-007,SKU-036,64,1392.36,89111.04
PUR-20240916-SUP-007-I-2664,PUR-20240916-SUP-007,SKU-038,41,1870.94,76708.54
PUR-20240916-SUP-007-I-2665,PUR-20240916-SUP-007,SKU-040,59,2185.69,128955.71
PUR-20240916-SUP-007-I-2666,PUR-20240916-SUP-007,SKU-060,68,1416.2,96301.6
PUR-20240923-SUP-007-I-2667,PUR-20240923-SUP-007,SKU-012,79,1143.83,90362.57
PUR-20240923-SUP-007-I-2668,PUR-20240923-SUP-007,SKU-014,64,1313.11,84039.04
PUR-20240923-SUP-007-I-2669,PUR-20240923-SUP-007,SKU-016,76,1327.31,100875.56
PUR-20240923-SUP-007-I-2670,PUR-20240923-SUP-007,SKU-036,98,1346.32,131939.36
PUR-20240923-SUP-007-I-2671,PUR-20240923-SUP-007,SKU-038,29,1821.48,52822.92
PUR-20240923-SUP-007-I-2672,PUR-20240923-SUP-007,SKU-040,66,2145.73,141618.18
PUR-20240923-SUP-007-I-2673,PUR-20240923-SUP-007,SKU-060,46,1387.34,63817.64
PUR-20240930-SUP-007-I-2674,PUR-20240930-SUP-007,SKU-012,63,1149.28,72404.64
PUR-20240930-SUP-007-I-2675,PUR-20240930-SUP-007,SKU-014,75,1338.71,100403.25
PUR-20240930-SUP-007-I-2676,PUR-20240930-SUP-007,SKU-016,81,1306.01,105786.81
PUR-20240930-SUP-007-I-2677,PUR-20240930-SUP-007,SKU-036,59,1375.13,81132.67
PUR-20240930-SUP-007-I-2678,PUR-20240930-SUP-007,SKU-038,39,1820.06,70982.34
PUR-20240930-SUP-007-I-2679,PUR-20240930-SUP-007,SKU-040,66,2177.61,143722.26
PUR-20240930-SUP-007-I-2680,PUR-20240930-SUP-007,SKU-060,65,1433.05,93148.25
PUR-20241007-SUP-007-I-2681,PUR-20241007-SUP-007,SKU-012,100,1143.39,114339.0
PUR-20241007-SUP-007-I-2682,PUR-20241007-SUP-007,SKU-014,78,1303.62,101682.36
PUR-20241007-SUP-007-I-2683,PUR-20241007-SUP-007,SKU-016,65,1368.56,88956.4
PUR-20241007-SUP-007-I-2684,PUR-20241007-SUP-007,SKU-036,60,1345.03,80701.8
PUR-20241007-SUP-007-I-2685,PUR-20241007-SUP-007,SKU-038,34,1843.78,62688.52
PUR-20241007-SUP-007-I-2686,PUR-20241007-SUP-007,SKU-040,54,2176.33,117521.82
PUR-20241007-SUP-007-I-2687,PUR-20241007-SUP-007,SKU-060,62,1408.13,87304.06
PUR-20241014-SUP-007-I-2688,PUR-20241014-SUP-007,SKU-012,100,1101.67,110167.0
PUR-20241014-SUP-007-I-2689,PUR-20241014-SUP-007,SKU-014,54,1331.42,71896.68
PUR-20241014-SUP-007-I-2690,PUR-20241014-SUP-007,SKU-016,56,1364.86,76432.16
PUR-20241014-SUP-007-I-2691,PUR-20241014-SUP-007,SKU-036,64,1376.49,88095.36
PUR-20241014-SUP-007-I-2692,PUR-20241014-SUP-007,SKU-038,28,1834.6,51368.8
PUR-20241014-SUP-007-I-2693,PUR-20241014-SUP-007,SKU-040,78,2138.11,166772.58
PUR-20241014-SUP-007-I-2694,PUR-20241014-SUP-007,SKU-060,53,1379.78,73128.34
PUR-20241021-SUP-007-I-2695,PUR-20241021-SUP-007,SKU-012,55,1129.94,62146.7
PUR-20241021-SUP-007-I-2696,PUR-20241021-SUP-007,SKU-014,81,1279.1,103607.1
PUR-20241021-SUP-007-I-2697,PUR-20241021-SUP-007,SKU-016,48,1311.31,62942.88
PUR-20241021-SUP-007-I-2698,PUR-20241021-SUP-007,SKU-036,100,1364.19,136419.0
PUR-20241021-SUP-007-I-2699,PUR-20241021-SUP-007,SKU-038,42,1839.98,77279.16
PUR-20241021-SUP-007-I-2700,PUR-20241021-SUP-007,SKU-040,88,2177.27,191599.76
PUR-20241021-SUP-007-I-2701,PUR-20241021-SUP-007,SKU-060,82,1433.51,117547.82
PUR-20241028-SUP-007-I-2702,PUR-20241028-SUP-007,SKU-012,100,1130.4,113040.0
PUR-20241028-SUP-007-I-2703,PUR-20241028-SUP-007,SKU-014,94,1317.59,123853.46
PUR-20241028-SUP-007-I-2704,PUR-20241028-SUP-007,SKU-016,100,1345.99,134599.0
PUR-20241028-SUP-007-I-2705,PUR-20241028-SUP-007,SKU-036,100,1394.71,139471.0
PUR-20241028-SUP-007-I-2706,PUR-20241028-SUP-007,SKU-038,44,1855.83,81656.52
PUR-20241028-SUP-007-I-2707,PUR-20241028-SUP-007,SKU-040,100,2175.34,217534.0
PUR-20241028-SUP-007-I-2708,PUR-20241028-SUP-007,SKU-060,60,1416.25,84975.0
PUR-20241104-SUP-007-I-2709,PUR-20241104-SUP-007,SKU-012,100,1146.6,114660.0
PUR-20241104-SUP-007-I-2710,PUR-20241104-SUP-007,SKU-014,85,1337.18,113660.3
PUR-20241104-SUP-007-I-2711,PUR-20241104-SUP-007,SKU-016,86,1327.89,114198.54
PUR-20241104-SUP-007-I-2712,PUR-20241104-SUP-007,SKU-036,69,1350.22,93165.18
PUR-20241104-SUP-007-I-2713,PUR-20241104-SUP-007,SKU-038,36,1872.81,67421.16
PUR-20241104-SUP-007-I-2714,PUR-20241104-SUP-007,SKU-040,74,2213.39,163790.86
PUR-20241104-SUP-007-I-2715,PUR-20241104-SUP-007,SKU-060,87,1394.7,121338.9
PUR-20241111-SUP-007-I-2716,PUR-20241111-SUP-007,SKU-012,100,1109.26,110926.0
PUR-20241111-SUP-007-I-2717,PUR-20241111-SUP-007,SKU-014,86,1324.1,113872.6
PUR-20241111-SUP-007-I-2718,PUR-20241111-SUP-007,SKU-016,72,1317.79,94880.88
PUR-20241111-SUP-007-I-2719,PUR-20241111-SUP-007,SKU-036,100,1374.18,137418.0
PUR-20241111-SUP-007-I-2720,PUR-20241111-SUP-007,SKU-038,43,1869.42,80385.06
PUR-20241111-SUP-007-I-2721,PUR-20241111-SUP-007,SKU-040,99,2140.99,211958.01
PUR-20241111-SUP-007-I-2722,PUR-20241111-SUP-007,SKU-060,74,1436.47,106298.78
PUR-20241118-SUP-007-I-2723,PUR-20241118-SUP-007,SKU-012,100,1104.37,110437.0
PUR-20241118-SUP-007-I-2724,PUR-20241118-SUP-007,SKU-014,94,1319.28,124012.32
PUR-20241118-SUP-007-I-2725,PUR-20241118-SUP-007,SKU-016,100,1352.9,135290.0
PUR-20241118-SUP-007-I-2726,PUR-20241118-SUP-007,SKU-036,67,1374.81,92112.27
PUR-20241118-SUP-007-I-2727,PUR-20241118-SUP-007,SKU-038,23,1799.93,41398.39
PUR-20241118-SUP-007-I-2728,PUR-20241118-SUP-007,SKU-040,100,2166.12,216612.0
PUR-20241118-SUP-007-I-2729,PUR-20241118-SUP-007,SKU-060,84,1422.77,119512.68
PUR-20241125-SUP-007-I-2730,PUR-20241125-SUP-007,SKU-012,91,1134.52,103241.32
PUR-20241125-SUP-007-I-2731,PUR-20241125-SUP-007,SKU-014,100,1312.18,131218.0
PUR-20241125-SUP-007-I-2732,PUR-20241125-SUP-007,SKU-016,92,1350.65,124259.8
PUR-20241125-SUP-007-I-2733,PUR-20241125-SUP-007,SKU-036,79,1394.47,110163.13
PUR-20241125-SUP-007-I-2734,PUR-20241125-SUP-007,SKU-038,26,1870.86,48642.36
PUR-20241125-SUP-007-I-2735,PUR-20241125-SUP-007,SKU-040,100,2116.08,211608.0
PUR-20241125-SUP-007-I-2736,PUR-20241125-SUP-007,SKU-060,100,1398.35,139835.0
PUR-20241202-SUP-007-I-2737,PUR-20241202-SUP-007,SKU-012,100,1106.64,110664.0
PUR-20241202-SUP-007-I-2738,PUR-20241202-SUP-007,SKU-014,69,1291.63,89122.47
PUR-20241202-SUP-007-I-2739,PUR-20241202-SUP-007,SKU-016,100,1321.31,132131.0
PUR-20241202-SUP-007-I-2740,PUR-20241202-SUP-007,SKU-036,77,1375.8,105936.6
PUR-20241202-SUP-007-I-2741,PUR-20241202-SUP-007,SKU-038,35,1889.27,66124.45
PUR-20241202-SUP-007-I-2742,PUR-20241202-SUP-007,SKU-040,100,2138.8,213880.0
PUR-20241202-SUP-007-I-2743,PUR-20241202-SUP-007,SKU-060,76,1413.52,107427.52
PUR-20241209-SUP-007-I-2744,PUR-20241209-SUP-007,SKU-012,100,1140.53,114053.0
PUR-20241209-SUP-007-I-2745,PUR-20241209-SUP-007,SKU-014,100,1294.31,129431.0
PUR-20241209-SUP-007-I-2746,PUR-20241209-SUP-007,SKU-016,87,1307.42,113745.54
PUR-20241209-SUP-007-I-2747,PUR-20241209-SUP-007,SKU-036,93,1345.19,125102.67
PUR-20241209-SUP-007-I-2748,PUR-20241209-SUP-007,SKU-038,24,1800.66,43215.84
PUR-20241209-SUP-007-I-2749,PUR-20241209-SUP-007,SKU-040,100,2188.55,218855.0
PUR-20241209-SUP-007-I-2750,PUR-20241209-SUP-007,SKU-060,99,1395.61,138165.39
PUR-20241216-SUP-007-I-2751,PUR-20241216-SUP-007,SKU-012,100,1139.46,113946.0
PUR-20241216-SUP-007-I-2752,PUR-20241216-SUP-007,SKU-014,100,1278.68,127868.0
PUR-20241216-SUP-007-I-2753,PUR-20241216-SUP-007,SKU-016,100,1363.86,136386.0
PUR-20241216-SUP-007-I-2754,PUR-20241216-SUP-007,SKU-036,96,1331.27,127801.92
PUR-20241216-SUP-007-I-2755,PUR-20241216-SUP-007,SKU-038,54,1843.77,99563.58
PUR-20241216-SUP-007-I-2756,PUR-20241216-SUP-007,SKU-040,93,2189.09,203585.37
PUR-20241216-SUP-007-I-2757,PUR-20241216-SUP-007,SKU-060,87,1401.01,121887.87
PUR-20241223-SUP-007-I-2758,PUR-20241223-SUP-007,SKU-012,100,1152.04,115204.0
PUR-20241223-SUP-007-I-2759,PUR-20241223-SUP-007,SKU-014,92,1305.34,120091.28
PUR-20241223-SUP-007-I-2760,PUR-20241223-SUP-007,SKU-016,100,1358.43,135843.0
PUR-20241223-SUP-007-I-2761,PUR-20241223-SUP-007,SKU-036,100,1395.07,139507.0
PUR-20241223-SUP-007-I-2762,PUR-20241223-SUP-007,SKU-038,29,1872.68,54307.72
PUR-20241223-SUP-007-I-2763,PUR-20241223-SUP-007,SKU-040,100,2114.19,211419.0
PUR-20241223-SUP-007-I-2764,PUR-20241223-SUP-007,SKU-060,100,1389.47,138947.0
PUR-20241230-SUP-007-I-2765,PUR-20241230-SUP-007,SKU-012,100,1146.72,114672.0
PUR-20241230-SUP-007-I-2766,PUR-20241230-SUP-007,SKU-014,95,1341.55,127447.25
PUR-20241230-SUP-007-I-2767,PUR-20241230-SUP-007,SKU-016,100,1317.73,131773.0
PUR-20241230-SUP-007-I-2768,PUR-20241230-SUP-007,SKU-036,100,1360.45,136045.0
PUR-20241230-SUP-007-I-2769,PUR-20241230-SUP-007,SKU-038,34,1879.81,63913.54
PUR-20241230-SUP-007-I-2770,PUR-20241230-SUP-007,SKU-040,100,2169.72,216972.0
PUR-20241230-SUP-007-I-2771,PUR-20241230-SUP-007,SKU-060,48,1433.51,68808.48
PUR-20250106-SUP-007-I-2772,PUR-20250106-SUP-007,SKU-012,100,1116.06,111606.0
PUR-20250106-SUP-007-I-2773,PUR-20250106-SUP-007,SKU-014,69,1310.59,90430.71
PUR-20250106-SUP-007-I-2774,PUR-20250106-SUP-007,SKU-016,74,1320.62,97725.88
PUR-20250106-SUP-007-I-2775,PUR-20250106-SUP-007,SKU-036,77,1393.11,107269.47
PUR-20250106-SUP-007-I-2776,PUR-20250106-SUP-007,SKU-038,32,1809.05,57889.6
PUR-20250106-SUP-007-I-2777,PUR-20250106-SUP-007,SKU-040,71,2203.46,156445.66
PUR-20250106-SUP-007-I-2778,PUR-20250106-SUP-007,SKU-060,71,1407.2,99911.2
PUR-20250113-SUP-007-I-2779,PUR-20250113-SUP-007,SKU-012,91,1120.26,101943.66
PUR-20250113-SUP-007-I-2780,PUR-20250113-SUP-007,SKU-014,100,1336.42,133642.0
PUR-20250113-SUP-007-I-2781,PUR-20250113-SUP-007,SKU-016,98,1306.13,128000.74
PUR-20250113-SUP-007-I-2782,PUR-20250113-SUP-007,SKU-036,79,1383.55,109300.45
PUR-20250113-SUP-007-I-2783,PUR-20250113-SUP-007,SKU-038,55,1871.67,102941.85
PUR-20250113-SUP-007-I-2784,PUR-20250113-SUP-007,SKU-040,84,2131.88,179077.92
PUR-20250113-SUP-007-I-2785,PUR-20250113-SUP-007,SKU-060,72,1392.54,100262.88
PUR-20250120-SUP-007-I-2786,PUR-20250120-SUP-007,SKU-012,60,1118.61,67116.6
PUR-20250120-SUP-007-I-2787,PUR-20250120-SUP-007,SKU-014,59,1300.32,76718.88
PUR-20250120-SUP-007-I-2788,PUR-20250120-SUP-007,SKU-016,100,1324.87,132487.0
PUR-20250120-SUP-007-I-2789,PUR-20250120-SUP-007,SKU-036,99,1343.47,133003.53
PUR-20250120-SUP-007-I-2790,PUR-20250120-SUP-007,SKU-038,32,1816.84,58138.88
PUR-20250120-SUP-007-I-2791,PUR-20250120-SUP-007,SKU-040,75,2158.18,161863.5
PUR-20250120-SUP-007-I-2792,PUR-20250120-SUP-007,SKU-060,83,1421.33,117970.39
PUR-20250127-SUP-007-I-2793,PUR-20250127-SUP-007,SKU-012,98,1144.32,112143.36
PUR-20250127-SUP-007-I-2794,PUR-20250127-SUP-007,SKU-014,79,1322.05,104441.95
PUR-20250127-SUP-007-I-2795,PUR-20250127-SUP-007,SKU-016,51,1347.84,68739.84
PUR-20250127-SUP-007-I-2796,PUR-20250127-SUP-007,SKU-036,100,1348.67,134867.0
PUR-20250127-SUP-007-I-2797,PUR-20250127-SUP-007,SKU-038,41,1811.54,74273.14
PUR-20250127-SUP-007-I-2798,PUR-20250127-SUP-007,SKU-040,79,2128.33,168138.07
PUR-20250127-SUP-007-I-2799,PUR-20250127-SUP-007,SKU-060,71,1437.56,102066.76
PUR-20250203-SUP-007-I-2800,PUR-20250203-SUP-007,SKU-012,72,1130.92,81426.24
PUR-20250203-SUP-007-I-2801,PUR-20250203-SUP-007,SKU-014,44,1313.12,57777.28
PUR-20250203-SUP-007-I-2802,PUR-20250203-SUP-007,SKU-016,74,1369.81,101365.94
PUR-20250203-SUP-007-I-2803,PUR-20250203-SUP-007,SKU-036,86,1331.5,114509.0
PUR-20250203-SUP-007-I-2804,PUR-20250203-SUP-007,SKU-038,41,1876.01,76916.41
PUR-20250203-SUP-007-I-2805,PUR-20250203-SUP-007,SKU-040,75,2213.37,166002.75
PUR-20250203-SUP-007-I-2806,PUR-20250203-SUP-007,SKU-060,48,1391.99,66815.52
PUR-20250210-SUP-007-I-2807,PUR-20250210-SUP-007,SKU-012,100,1125.33,112533.0
PUR-20250210-SUP-007-I-2808,PUR-20250210-SUP-007,SKU-014,88,1319.83,116145.04
PUR-20250210-SUP-007-I-2809,PUR-20250210-SUP-007,SKU-016,75,1369.03,102677.25
PUR-20250210-SUP-007-I-2810,PUR-20250210-SUP-007,SKU-036,54,1380.84,74565.36
PUR-20250210-SUP-007-I-2811,PUR-20250210-SUP-007,SKU-038,29,1837.75,53294.75
PUR-20250210-SUP-007-I-2812,PUR-20250210-SUP-007,SKU-040,64,2169.12,138823.68
PUR-20250210-SUP-007-I-2813,PUR-20250210-SUP-007,SKU-060,79,1404.65,110967.35
PUR-20250217-SUP-007-I-2814,PUR-20250217-SUP-007,SKU-012,78,1130.32,88164.96
PUR-20250217-SUP-007-I-2815,PUR-20250217-SUP-007,SKU-014,65,1308.21,85033.65
PUR-20250217-SUP-007-I-2816,PUR-20250217-SUP-007,SKU-016,55,1307.08,71889.4
PUR-20250217-SUP-007-I-2817,PUR-20250217-SUP-007,SKU-036,100,1366.37,136637.0
PUR-20250217-SUP-007-I-2818,PUR-20250217-SUP-007,SKU-038,33,1799.44,59381.52
PUR-20250217-SUP-007-I-2819,PUR-20250217-SUP-007,SKU-040,57,2173.31,123878.67
PUR-20250217-SUP-007-I-2820,PUR-20250217-SUP-007,SKU-060,44,1402.69,61718.36
PUR-20250224-SUP-007-I-2821,PUR-20250224-SUP-007,SKU-012,58,1155.14,66998.12
PUR-20250224-SUP-007-I-2822,PUR-20250224-SUP-007,SKU-014,87,1335.36,116176.32
PUR-20250224-SUP-007-I-2823,PUR-20250224-SUP-007,SKU-016,85,1341.51,114028.35
PUR-20250224-SUP-007-I-2824,PUR-20250224-SUP-007,SKU-036,77,1385.71,106699.67
PUR-20250224-SUP-007-I-2825,PUR-20250224-SUP-007,SKU-038,36,1851.96,66670.56
PUR-20250224-SUP-007-I-2826,PUR-20250224-SUP-007,SKU-040,81,2169.78,175752.18
PUR-20250224-SUP-007-I-2827,PUR-20250224-SUP-007,SKU-060,41,1436.43,58893.63
PUR-20250303-SUP-007-I-2828,PUR-20250303-SUP-007,SKU-012,100,1110.01,111001.0
PUR-20250303-SUP-007-I-2829,PUR-20250303-SUP-007,SKU-014,74,1311.54,97053.96
PUR-20250303-SUP-007-I-2830,PUR-20250303-SUP-007,SKU-016,100,1323.97,132397.0
PUR-20250303-SUP-007-I-2831,PUR-20250303-SUP-007,SKU-036,100,1384.91,138491.0
PUR-20250303-SUP-007-I-2832,PUR-20250303-SUP-007,SKU-038,51,1882.07,95985.57
PUR-20250303-SUP-007-I-2833,PUR-20250303-SUP-007,SKU-040,72,2177.87,156806.64
PUR-20250303-SUP-007-I-2834,PUR-20250303-SUP-007,SKU-060,74,1405.84,104032.16
PUR-20250310-SUP-007-I-2835,PUR-20250310-SUP-007,SKU-012,100,1133.55,113355.0
PUR-20250310-SUP-007-I-2836,PUR-20250310-SUP-007,SKU-014,100,1318.0,131800.0
PUR-20250310-SUP-007-I-2837,PUR-20250310-SUP-007,SKU-016,84,1319.06,110801.04
PUR-20250310-SUP-007-I-2838,PUR-20250310-SUP-007,SKU-036,100,1384.71,138471.0
PUR-20250310-SUP-007-I-2839,PUR-20250310-SUP-007,SKU-038,48,1838.61,88253.28
PUR-20250310-SUP-007-I-2840,PUR-20250310-SUP-007,SKU-040,98,2108.68,206650.64
PUR-20250310-SUP-007-I-2841,PUR-20250310-SUP-007,SKU-060,83,1427.62,118492.46
PUR-20250317-SUP-007-I-2842,PUR-20250317-SUP-007,SKU-012,100,1149.8,114980.0
PUR-20250317-SUP-007-I-2843,PUR-20250317-SUP-007,SKU-014,87,1283.98,111706.26
PUR-20250317-SUP-007-I-2844,PUR-20250317-SUP-007,SKU-016,100,1320.65,132065.0
PUR-20250317-SUP-007-I-2845,PUR-20250317-SUP-007,SKU-036,96,1336.38,128292.48
PUR-20250317-SUP-007-I-2846,PUR-20250317-SUP-007,SKU-038,50,1863.23,93161.5
PUR-20250317-SUP-007-I-2847,PUR-20250317-SUP-007,SKU-040,100,2152.47,215247.0
PUR-20250317-SUP-007-I-2848,PUR-20250317-SUP-007,SKU-060,50,1421.12,71056.0
PUR-20250324-SUP-007-I-2849,PUR-20250324-SUP-007,SKU-012,100,1120.89,112089.0
PUR-20250324-SUP-007-I-2850,PUR-20250324-SUP-007,SKU-014,74,1308.44,96824.56
PUR-20250324-SUP-007-I-2851,PUR-20250324-SUP-007,SKU-016,100,1308.72,130872.0
PUR-20250324-SUP-007-I-2852,PUR-20250324-SUP-007,SKU-036,85,1360.09,115607.65
PUR-20250324-SUP-007-I-2853,PUR-20250324-SUP-007,SKU-038,43,1804.58,77596.94
PUR-20250324-SUP-007-I-2854,PUR-20250324-SUP-007,SKU-040,93,2143.83,199376.19
PUR-20250324-SUP-007-I-2855,PUR-20250324-SUP-007,SKU-060,85,1437.18,122160.3
PUR-20250331-SUP-007-I-2856,PUR-20250331-SUP-007,SKU-012,5,1134.27,5671.35
PUR-20250331-SUP-007-I-2857,PUR-20250331-SUP-007,SKU-014,5,1296.24,6481.2
PUR-20250331-SUP-007-I-2858,PUR-20250331-SUP-007,SKU-016,10,1339.9,13399.0
PUR-20250331-SUP-007-I-2859,PUR-20250331-SUP-007,SKU-036,11,1366.6,15032.6
PUR-20250331-SUP-007-I-2860,PUR-20250331-SUP-007,SKU-038,5,1863.95,9319.75
PUR-20250331-SUP-007-I-2861,PUR-20250331-SUP-007,SKU-040,21,2119.42,44507.82
PUR-20250331-SUP-007-I-2862,PUR-20250331-SUP-007,SKU-060,16,1444.49,23111.84
PUR-20240401-SUP-008-I-2863,PUR-20240401-SUP-008,SKU-015,72,1191.31,85774.32
PUR-20240401-SUP-008-I-2864,PUR-20240401-SUP-008,SKU-017,48,1197.29,57469.92
PUR-20240401-SUP-008-I-2865,PUR-20240401-SUP-008,SKU-019,36,1970.63,70942.68
PUR-20240401-SUP-008-I-2866,PUR-20240401-SUP-008,SKU-039,32,1903.15,60900.8
PUR-20240401-SUP-008-I-2867,PUR-20240401-SUP-008,SKU-041,25,1727.73,43193.25
PUR-20240401-SUP-008-I-2868,PUR-20240401-SUP-008,SKU-043,63,1599.58,100773.54
PUR-20240408-SUP-008-I-2869,PUR-20240408-SUP-008,SKU-015,54,1163.9,62850.6
PUR-20240408-SUP-008-I-2870,PUR-20240408-SUP-008,SKU-017,63,1183.12,74536.56
PUR-20240408-SUP-008-I-2871,PUR-20240408-SUP-008,SKU-019,40,1982.5,79300.0
PUR-20240408-SUP-008-I-2872,PUR-20240408-SUP-008,SKU-039,25,1939.08,48477.0
PUR-20240408-SUP-008-I-2873,PUR-20240408-SUP-008,SKU-041,26,1729.87,44976.62
PUR-20240408-SUP-008-I-2874,PUR-20240408-SUP-008,SKU-043,86,1524.27,131087.22
PUR-20240415-SUP-008-I-2875,PUR-20240415-SUP-008,SKU-015,48,1162.7,55809.6
PUR-20240415-SUP-008-I-2876,PUR-20240415-SUP-008,SKU-017,59,1230.17,72580.03
PUR-20240415-SUP-008-I-2877,PUR-20240415-SUP-008,SKU-019,43,1961.08,84326.44
PUR-20240415-SUP-008-I-2878,PUR-20240415-SUP-008,SKU-039,28,1864.59,52208.52
PUR-20240415-SUP-008-I-2879,PUR-20240415-SUP-008,SKU-041,28,1745.25,48867.0
PUR-20240415-SUP-008-I-2880,PUR-20240415-SUP-008,SKU-043,88,1570.24,138181.12
PUR-20240422-SUP-008-I-2881,PUR-20240422-SUP-008,SKU-015,74,1139.71,84338.54
PUR-20240422-SUP-008-I-2882,PUR-20240422-SUP-008,SKU-017,51,1201.05,61253.55
PUR-20240422-SUP-008-I-2883,PUR-20240422-SUP-008,SKU-019,34,1920.36,65292.24
PUR-20240422-SUP-008-I-2884,PUR-20240422-SUP-008,SKU-039,23,1891.12,43495.76
PUR-20240422-SUP-008-I-2885,PUR-20240422-SUP-008,SKU-041,16,1753.14,28050.24
PUR-20240422-SUP-008-I-2886,PUR-20240422-SUP-008,SKU-043,73,1551.75,113277.75
PUR-20240429-SUP-008-I-2887,PUR-20240429-SUP-008,SKU-015,62,1156.66,71712.92
PUR-20240429-SUP-008-I-2888,PUR-20240429-SUP-008,SKU-017,79,1237.17,97736.43
PUR-20240429-SUP-008-I-2889,PUR-20240429-SUP-008,SKU-019,40,1990.65,79626.0
PUR-20240429-SUP-008-I-2890,PUR-20240429-SUP-008,SKU-039,35,1920.16,67205.6
PUR-20240429-SUP-008-I-2891,PUR-20240429-SUP-008,SKU-041,28,1740.82,48742.96
PUR-20240429-SUP-008-I-2892,PUR-20240429-SUP-008,SKU-043,96,1582.11,151882.56
PUR-20240506-SUP-008-I-2893,PUR-20240506-SUP-008,SKU-015,44,1149.28,50568.32
PUR-20240506-SUP-008-I-2894,PUR-20240506-SUP-008,SKU-017,87,1225.02,106576.74
PUR-20240506-SUP-008-I-2895,PUR-20240506-SUP-008,SKU-019,54,1942.95,104919.3
PUR-20240506-SUP-008-I-2896,PUR-20240506-SUP-008,SKU-039,49,1899.14,93057.86
PUR-20240506-SUP-008-I-2897,PUR-20240506-SUP-008,SKU-041,16,1729.93,27678.88
PUR-20240506-SUP-008-I-2898,PUR-20240506-SUP-008,SKU-043,100,1579.5,157950.0
PUR-20240513-SUP-008-I-2899,PUR-20240513-SUP-008,SKU-015,65,1185.92,77084.8
PUR-20240513-SUP-008-I-2900,PUR-20240513-SUP-008,SKU-017,65,1219.89,79292.85
PUR-20240513-SUP-008-I-2901,PUR-20240513-SUP-008,SKU-019,31,1959.25,60736.75
PUR-20240513-SUP-008-I-2902,PUR-20240513-SUP-008,SKU-039,46,1923.34,88473.64
PUR-20240513-SUP-008-I-2903,PUR-20240513-SUP-008,SKU-041,30,1738.01,52140.3
PUR-20240513-SUP-008-I-2904,PUR-20240513-SUP-008,SKU-043,64,1556.64,99624.96
PUR-20240520-SUP-008-I-2905,PUR-20240520-SUP-008,SKU-015,85,1162.27,98792.95
PUR-20240520-SUP-008-I-2906,PUR-20240520-SUP-008,SKU-017,63,1209.93,76225.59
PUR-20240520-SUP-008-I-2907,PUR-20240520-SUP-008,SKU-019,39,1977.21,77111.19
PUR-20240520-SUP-008-I-2908,PUR-20240520-SUP-008,SKU-039,45,1925.04,86626.8
PUR-20240520-SUP-008-I-2909,PUR-20240520-SUP-008,SKU-041,25,1711.04,42776.0
PUR-20240520-SUP-008-I-2910,PUR-20240520-SUP-008,SKU-043,89,1584.15,140989.35
PUR-20240527-SUP-008-I-2911,PUR-20240527-SUP-008,SKU-015,54,1179.14,63673.56
PUR-20240527-SUP-008-I-2912,PUR-20240527-SUP-008,SKU-017,49,1220.06,59782.94
PUR-20240527-SUP-008-I-2913,PUR-20240527-SUP-008,SKU-019,48,1918.12,92069.76
PUR-20240527-SUP-008-I-2914,PUR-20240527-SUP-008,SKU-039,41,1882.51,77182.91
PUR-20240527-SUP-008-I-2915,PUR-20240527-SUP-008,SKU-041,24,1726.24,41429.76
PUR-20240527-SUP-008-I-2916,PUR-20240527-SUP-008,SKU-043,99,1548.67,153318.33
PUR-20240603-SUP-008-I-2917,PUR-20240603-SUP-008,SKU-015,61,1171.26,71446.86
PUR-20240603-SUP-008-I-2918,PUR-20240603-SUP-008,SKU-017,52,1222.35,63562.2
PUR-20240603-SUP-008-I-2919,PUR-20240603-SUP-008,SKU-019,43,1980.5,85161.5
PUR-20240603-SUP-008-I-2920,PUR-20240603-SUP-008,SKU-039,26,1903.02,49478.52
PUR-20240603-SUP-008-I-2921,PUR-20240603-SUP-008,SKU-041,27,1711.56,46212.12
PUR-20240603-SUP-008-I-2922,PUR-20240603-SUP-008,SKU-043,70,1554.98,108848.6
PUR-20240610-SUP-008-I-2923,PUR-20240610-SUP-008,SKU-015,71,1175.56,83464.76
PUR-20240610-SUP-008-I-2924,PUR-20240610-SUP-008,SKU-017,45,1221.64,54973.8
PUR-20240610-SUP-008-I-2925,PUR-20240610-SUP-008,SKU-019,47,1911.95,89861.65
PUR-20240610-SUP-008-I-2926,PUR-20240610-SUP-008,SKU-039,27,1946.69,52560.63
PUR-20240610-SUP-008-I-2927,PUR-20240610-SUP-008,SKU-041,26,1715.38,44599.88
PUR-20240610-SUP-008-I-2928,PUR-20240610-SUP-008,SKU-043,81,1586.86,128535.66
PUR-20240617-SUP-008-I-2929,PUR-20240617-SUP-008,SKU-015,81,1146.03,92828.43
PUR-20240617-SUP-008-I-2930,PUR-20240617-SUP-008,SKU-017,58,1214.08,70416.64
PUR-20240617-SUP-008-I-2931,PUR-20240617-SUP-008,SKU-019,48,1927.6,92524.8
PUR-20240617-SUP-008-I-2932,PUR-20240617-SUP-008,SKU-039,28,1945.36,54470.08
PUR-20240617-SUP-008-I-2933,PUR-20240617-SUP-008,SKU-041,17,1748.2,29719.4
PUR-20240617-SUP-008-I-2934,PUR-20240617-SUP-008,SKU-043,75,1561.15,117086.25
PUR-20240624-SUP-008-I-2935,PUR-20240624-SUP-008,SKU-015,46,1137.57,52328.22
PUR-20240624-SUP-008-I-2936,PUR-20240624-SUP-008,SKU-017,65,1217.76,79154.4
PUR-20240624-SUP-008-I-2937,PUR-20240624-SUP-008,SKU-019,36,1979.93,71277.48
PUR-20240624-SUP-008-I-2938,PUR-20240624-SUP-008,SKU-039,47,1877.54,88244.38
PUR-20240624-SUP-008-I-2939,PUR-20240624-SUP-008,SKU-041,23,1706.27,39244.21
PUR-20240624-SUP-008-I-2940,PUR-20240624-SUP-008,SKU-043,89,1551.45,138079.05
PUR-20240701-SUP-008-I-2941,PUR-20240701-SUP-008,SKU-015,43,1162.02,49966.86
PUR-20240701-SUP-008-I-2942,PUR-20240701-SUP-008,SKU-017,60,1179.15,70749.0
PUR-20240701-SUP-008-I-2943,PUR-20240701-SUP-008,SKU-019,49,1995.8,97794.2
PUR-20240701-SUP-008-I-2944,PUR-20240701-SUP-008,SKU-039,38,1915.44,72786.72
PUR-20240701-SUP-008-I-2945,PUR-20240701-SUP-008,SKU-041,22,1742.82,38342.04
PUR-20240701-SUP-008-I-2946,PUR-20240701-SUP-008,SKU-043,41,1567.32,64260.12
PUR-20240708-SUP-008-I-2947,PUR-20240708-SUP-008,SKU-015,50,1167.5,58375.0
PUR-20240708-SUP-008-I-2948,PUR-20240708-SUP-008,SKU-017,44,1185.32,52154.08
PUR-20240708-SUP-008-I-2949,PUR-20240708-SUP-008,SKU-019,36,1956.72,70441.92
PUR-20240708-SUP-008-I-2950,PUR-20240708-SUP-008,SKU-039,30,1916.1,57483.0
PUR-20240708-SUP-008-I-2951,PUR-20240708-SUP-008,SKU-041,20,1696.17,33923.4
PUR-20240708-SUP-008-I-2952,PUR-20240708-SUP-008,SKU-043,76,1544.94,117415.44
PUR-20240715-SUP-008-I-2953,PUR-20240715-SUP-008,SKU-015,62,1147.4,71138.8
PUR-20240715-SUP-008-I-2954,PUR-20240715-SUP-008,SKU-017,65,1219.44,79263.6
PUR-20240715-SUP-008-I-2955,PUR-20240715-SUP-008,SKU-019,28,1959.67,54870.76
PUR-20240715-SUP-008-I-2956,PUR-20240715-SUP-008,SKU-039,32,1863.09,59618.88
PUR-20240715-SUP-008-I-2957,PUR-20240715-SUP-008,SKU-041,24,1706.18,40948.32
PUR-20240715-SUP-008-I-2958,PUR-20240715-SUP-008,SKU-043,95,1590.79,151125.05
PUR-20240722-SUP-008-I-2959,PUR-20240722-SUP-008,SKU-015,57,1170.23,66703.11
PUR-20240722-SUP-008-I-2960,PUR-20240722-SUP-008,SKU-017,64,1226.83,78517.12
PUR-20240722-SUP-008-I-2961,PUR-20240722-SUP-008,SKU-019,47,1942.53,91298.91
PUR-20240722-SUP-008-I-2962,PUR-20240722-SUP-008,SKU-039,24,1918.9,46053.6
PUR-20240722-SUP-008-I-2963,PUR-20240722-SUP-008,SKU-041,20,1699.95,33999.0
PUR-20240722-SUP-008-I-2964,PUR-20240722-SUP-008,SKU-043,55,1559.68,85782.4
PUR-20240729-SUP-008-I-2965,PUR-20240729-SUP-008,SKU-015,64,1137.27,72785.28
PUR-20240729-SUP-008-I-2966,PUR-20240729-SUP-008,SKU-017,66,1237.3,81661.8
PUR-20240729-SUP-008-I-2967,PUR-20240729-SUP-008,SKU-019,39,1932.79,75378.81
PUR-20240729-SUP-008-I-2968,PUR-20240729-SUP-008,SKU-039,33,1928.82,63651.06
PUR-20240729-SUP-008-I-2969,PUR-20240729-SUP-008,SKU-041,31,1688.23,52335.13
PUR-20240729-SUP-008-I-2970,PUR-20240729-SUP-008,SKU-043,49,1565.4,76704.6
PUR-20240805-SUP-008-I-2971,PUR-20240805-SUP-008,SKU-015,67,1170.92,78451.64
PUR-20240805-SUP-008-I-2972,PUR-20240805-SUP-008,SKU-017,90,1233.52,111016.8
PUR-20240805-SUP-008-I-2973,PUR-20240805-SUP-008,SKU-019,50,1926.69,96334.5
PUR-20240805-SUP-008-I-2974,PUR-20240805-SUP-008,SKU-039,41,1908.03,78229.23
PUR-20240805-SUP-008-I-2975,PUR-20240805-SUP-008,SKU-041,28,1719.29,48140.12
PUR-20240805-SUP-008-I-2976,PUR-20240805-SUP-008,SKU-043,83,1582.72,131365.76
PUR-20240812-SUP-008-I-2977,PUR-20240812-SUP-008,SKU-015,45,1152.4,51858.0
PUR-20240812-SUP-008-I-2978,PUR-20240812-SUP-008,SKU-017,67,1218.34,81628.78
PUR-20240812-SUP-008-I-2979,PUR-20240812-SUP-008,SKU-019,50,1957.01,97850.5
PUR-20240812-SUP-008-I-2980,PUR-20240812-SUP-008,SKU-039,31,1929.73,59821.63
PUR-20240812-SUP-008-I-2981,PUR-20240812-SUP-008,SKU-041,33,1672.87,55204.71
PUR-20240812-SUP-008-I-2982,PUR-20240812-SUP-008,SKU-043,83,1586.31,131663.73
PUR-20240819-SUP-008-I-2983,PUR-20240819-SUP-008,SKU-015,77,1166.2,89797.4
PUR-20240819-SUP-008-I-2984,PUR-20240819-SUP-008,SKU-017,64,1217.64,77928.96
PUR-20240819-SUP-008-I-2985,PUR-20240819-SUP-008,SKU-019,25,1988.37,49709.25
PUR-20240819-SUP-008-I-2986,PUR-20240819-SUP-008,SKU-039,27,1860.0,50220.0
PUR-20240819-SUP-008-I-2987,PUR-20240819-SUP-008,SKU-041,29,1704.98,49444.42
PUR-20240819-SUP-008-I-2988,PUR-20240819-SUP-008,SKU-043,82,1587.67,130188.94
PUR-20240826-SUP-008-I-2989,PUR-20240826-SUP-008,SKU-015,76,1187.98,90286.48
PUR-20240826-SUP-008-I-2990,PUR-20240826-SUP-008,SKU-017,45,1227.72,55247.4
PUR-20240826-SUP-008-I-2991,PUR-20240826-SUP-008,SKU-019,52,1980.93,103008.36
PUR-20240826-SUP-008-I-2992,PUR-20240826-SUP-008,SKU-039,29,1853.71,53757.59
PUR-20240826-SUP-008-I-2993,PUR-20240826-SUP-008,SKU-041,31,1691.38,52432.78
PUR-20240826-SUP-008-I-2994,PUR-20240826-SUP-008,SKU-043,100,1593.65,159365.0
PUR-20240902-SUP-008-I-2995,PUR-20240902-SUP-008,SKU-015,100,1191.66,119166.0
PUR-20240902-SUP-008-I-2996,PUR-20240902-SUP-008,SKU-017,100,1193.67,119367.0
PUR-20240902-SUP-008-I-2997,PUR-20240902-SUP-008,SKU-019,58,1983.95,115069.1
PUR-20240902-SUP-008-I-2998,PUR-20240902-SUP-008,SKU-039,30,1861.32,55839.6
PUR-20240902-SUP-008-I-2999,PUR-20240902-SUP-008,SKU-041,27,1684.88,45491.76
PUR-20240902-SUP-008-I-3000,PUR-20240902-SUP-008,SKU-043,56,1584.7,88743.2
PUR-20240909-SUP-008-I-3001,PUR-20240909-SUP-008,SKU-015,88,1184.29,104217.52
PUR-20240909-SUP-008-I-3002,PUR-20240909-SUP-008,SKU-017,57,1234.82,70384.74
PUR-20240909-SUP-008-I-3003,PUR-20240909-SUP-008,SKU-019,40,1910.44,76417.6
PUR-20240909-SUP-008-I-3004,PUR-20240909-SUP-008,SKU-039,37,1912.87,70776.19
PUR-20240909-SUP-008-I-3005,PUR-20240909-SUP-008,SKU-041,37,1709.73,63260.01
PUR-20240909-SUP-008-I-3006,PUR-20240909-SUP-008,SKU-043,100,1560.53,156053.0
PUR-20240916-SUP-008-I-3007,PUR-20240916-SUP-008,SKU-015,66,1169.29,77173.14
PUR-20240916-SUP-008-I-3008,PUR-20240916-SUP-008,SKU-017,86,1232.59,106002.74
PUR-20240916-SUP-008-I-3009,PUR-20240916-SUP-008,SKU-019,30,1989.87,59696.1
PUR-20240916-SUP-008-I-3010,PUR-20240916-SUP-008,SKU-039,51,1906.29,97220.79
PUR-20240916-SUP-008-I-3011,PUR-20240916-SUP-008,SKU-041,29,1720.75,49901.75
PUR-20240916-SUP-008-I-3012,PUR-20240916-SUP-008,SKU-043,90,1581.81,142362.9
PUR-20240923-SUP-008-I-3013,PUR-20240923-SUP-008,SKU-015,100,1175.8,117580.0
PUR-20240923-SUP-008-I-3014,PUR-20240923-SUP-008,SKU-017,63,1226.07,77242.41
PUR-20240923-SUP-008-I-3015,PUR-20240923-SUP-008,SKU-019,39,1908.29,74423.31
PUR-20240923-SUP-008-I-3016,PUR-20240923-SUP-008,SKU-039,47,1907.46,89650.62
PUR-20240923-SUP-008-I-3017,PUR-20240923-SUP-008,SKU-041,24,1733.96,41615.04
PUR-20240923-SUP-008-I-3018,PUR-20240923-SUP-008,SKU-043,100,1542.32,154232.0
PUR-20240930-SUP-008-I-3019,PUR-20240930-SUP-008,SKU-015,100,1172.92,117292.0
PUR-20240930-SUP-008-I-3020,PUR-20240930-SUP-008,SKU-017,53,1180.67,62575.51
PUR-20240930-SUP-008-I-3021,PUR-20240930-SUP-008,SKU-019,41,1967.57,80670.37
PUR-20240930-SUP-008-I-3022,PUR-20240930-SUP-008,SKU-039,41,1895.94,77733.54
PUR-20240930-SUP-008-I-3023,PUR-20240930-SUP-008,SKU-041,40,1727.29,69091.6
PUR-20240930-SUP-008-I-3024,PUR-20240930-SUP-008,SKU-043,84,1546.55,129910.2
PUR-20241007-SUP-008-I-3025,PUR-20241007-SUP-008,SKU-015,100,1155.74,115574.0
PUR-20241007-SUP-008-I-3026,PUR-20241007-SUP-008,SKU-017,97,1188.83,115316.51
PUR-20241007-SUP-008-I-3027,PUR-20241007-SUP-008,SKU-019,58,1933.0,112114.0
PUR-20241007-SUP-008-I-3028,PUR-20241007-SUP-008,SKU-039,40,1867.43,74697.2
PUR-20241007-SUP-008-I-3029,PUR-20241007-SUP-008,SKU-041,25,1741.86,43546.5
PUR-20241007-SUP-008-I-3030,PUR-20241007-SUP-008,SKU-043,100,1558.41,155841.0
PUR-20241014-SUP-008-I-3031,PUR-20241014-SUP-008,SKU-015,100,1140.49,114049.0
PUR-20241014-SUP-008-I-3032,PUR-20241014-SUP-008,SKU-017,65,1227.61,79794.65
PUR-20241014-SUP-008-I-3033,PUR-20241014-SUP-008,SKU-019,47,1990.04,93531.88
PUR-20241014-SUP-008-I-3034,PUR-20241014-SUP-008,SKU-039,46,1907.56,87747.76
PUR-20241014-SUP-008-I-3035,PUR-20241014-SUP-008,SKU-041,37,1693.33,62653.21
PUR-20241014-SUP-008-I-3036,PUR-20241014-SUP-008,SKU-043,83,1583.48,131428.84
PUR-20241021-SUP-008-I-3037,PUR-20241021-SUP-008,SKU-015,69,1182.75,81609.75
PUR-20241021-SUP-008-I-3038,PUR-20241021-SUP-008,SKU-017,75,1215.36,91152.0
PUR-20241021-SUP-008-I-3039,PUR-20241021-SUP-008,SKU-019,35,1950.34,68261.9
PUR-20241021-SUP-008-I-3040,PUR-20241021-SUP-008,SKU-039,37,1918.2,70973.4
PUR-20241021-SUP-008-I-3041,PUR-20241021-SUP-008,SKU-041,37,1696.14,62757.18
PUR-20241021-SUP-008-I-3042,PUR-20241021-SUP-008,SKU-043,66,1584.91,104604.06
PUR-20241028-SUP-008-I-3043,PUR-20241028-SUP-008,SKU-015,100,1178.7,117870.0
PUR-20241028-SUP-008-I-3044,PUR-20241028-SUP-008,SKU-017,49,1185.68,58098.32
PUR-20241028-SUP-008-I-3045,PUR-20241028-SUP-008,SKU-019,51,1934.13,98640.63
PUR-20241028-SUP-008-I-3046,PUR-20241028-SUP-008,SKU-039,70,1941.72,135920.4
PUR-20241028-SUP-008-I-3047,PUR-20241028-SUP-008,SKU-041,30,1673.98,50219.4
PUR-20241028-SUP-008-I-3048,PUR-20241028-SUP-008,SKU-043,100,1563.72,156372.0
PUR-20241104-SUP-008-I-3049,PUR-20241104-SUP-008,SKU-015,100,1167.22,116722.0
PUR-20241104-SUP-008-I-3050,PUR-20241104-SUP-008,SKU-017,100,1209.51,120951.0
PUR-20241104-SUP-008-I-3051,PUR-20241104-SUP-008,SKU-019,48,1936.48,92951.04
PUR-20241104-SUP-008-I-3052,PUR-20241104-SUP-008,SKU-039,46,1863.19,85706.74
PUR-20241104-SUP-008-I-3053,PUR-20241104-SUP-008,SKU-041,29,1728.68,50131.72
PUR-20241104-SUP-008-I-3054,PUR-20241104-SUP-008,SKU-043,100,1588.64,158864.0
PUR-20241111-SUP-008-I-3055,PUR-20241111-SUP-008,SKU-015,100,1153.08,115308.0
PUR-20241111-SUP-008-I-3056,PUR-20241111-SUP-008,SKU-017,100,1231.01,123101.0
PUR-20241111-SUP-008-I-3057,PUR-20241111-SUP-008,SKU-019,76,1909.61,145130.36
PUR-20241111-SUP-008-I-3058,PUR-20241111-SUP-008,SKU-039,73,1883.2,137473.6
PUR-20241111-SUP-008-I-3059,PUR-20241111-SUP-008,SKU-041,51,1715.02,87466.02
PUR-20241111-SUP-008-I-3060,PUR-20241111-SUP-008,SKU-043,100,1527.8,152780.0
PUR-20241118-SUP-008-I-3061,PUR-20241118-SUP-008,SKU-015,100,1156.77,115677.0
PUR-20241118-SUP-008-I-3062,PUR-20241118-SUP-008,SKU-017,100,1218.23,121823.0
PUR-20241118-SUP-008-I-3063,PUR-20241118-SUP-008,SKU-019,56,1995.81,111765.36
PUR-20241118-SUP-008-I-3064,PUR-20241118-SUP-008,SKU-039,55,1883.91,103615.05
PUR-20241118-SUP-008-I-3065,PUR-20241118-SUP-008,SKU-041,37,1711.37,63320.69
PUR-20241118-SUP-008-I-3066,PUR-20241118-SUP-008,SKU-043,100,1551.9,155190.0
PUR-20241125-SUP-008-I-3067,PUR-20241125-SUP-008,SKU-015,66,1189.14,78483.24
PUR-20241125-SUP-008-I-3068,PUR-20241125-SUP-008,SKU-017,100,1223.04,122304.0
PUR-20241125-SUP-008-I-3069,PUR-20241125-SUP-008,SKU-019,51,1965.56,100243.56
PUR-20241125-SUP-008-I-3070,PUR-20241125-SUP-008,SKU-039,62,1931.16,119731.92
PUR-20241125-SUP-008-I-3071,PUR-20241125-SUP-008,SKU-041,55,1740.13,95707.15
PUR-20241125-SUP-008-I-3072,PUR-20241125-SUP-008,SKU-043,100,1598.4,159840.0
PUR-20241202-SUP-008-I-3073,PUR-20241202-SUP-008,SKU-015,100,1183.75,118375.0
PUR-20241202-SUP-008-I-3074,PUR-20241202-SUP-008,SKU-017,100,1195.29,119529.0
PUR-20241202-SUP-008-I-3075,PUR-20241202-SUP-008,SKU-019,78,1906.02,148669.56
PUR-20241202-SUP-008-I-3076,PUR-20241202-SUP-008,SKU-039,78,1860.58,145125.24
PUR-20241202-SUP-008-I-3077,PUR-20241202-SUP-008,SKU-041,28,1670.87,46784.36
PUR-20241202-SUP-008-I-3078,PUR-20241202-SUP-008,SKU-043,100,1560.27,156027.0
PUR-20241209-SUP-008-I-3079,PUR-20241209-SUP-008,SKU-015,100,1164.43,116443.0
PUR-20241209-SUP-008-I-3080,PUR-20241209-SUP-008,SKU-017,58,1194.62,69287.96
PUR-20241209-SUP-008-I-3081,PUR-20241209-SUP-008,SKU-019,45,1976.64,88948.8
PUR-20241209-SUP-008-I-3082,PUR-20241209-SUP-008,SKU-039,52,1920.67,99874.84
PUR-20241209-SUP-008-I-3083,PUR-20241209-SUP-008,SKU-041,27,1677.05,45280.35
PUR-20241209-SUP-008-I-3084,PUR-20241209-SUP-008,SKU-043,100,1566.32,156632.0
PUR-20241216-SUP-008-I-3085,PUR-20241216-SUP-008,SKU-015,92,1137.3,104631.6
PUR-20241216-SUP-008-I-3086,PUR-20241216-SUP-008,SKU-017,100,1207.37,120737.0
PUR-20241216-SUP-008-I-3087,PUR-20241216-SUP-008,SKU-019,58,1995.16,115719.28
PUR-20241216-SUP-008-I-3088,PUR-20241216-SUP-008,SKU-039,58,1920.39,111382.62
PUR-20241216-SUP-008-I-3089,PUR-20241216-SUP-008,SKU-041,22,1729.99,38059.78
PUR-20241216-SUP-008-I-3090,PUR-20241216-SUP-008,SKU-043,100,1566.05,156605.0
PUR-20241223-SUP-008-I-3091,PUR-20241223-SUP-008,SKU-015,100,1167.61,116761.0
PUR-20241223-SUP-008-I-3092,PUR-20241223-SUP-008,SKU-017,100,1185.3,118530.0
PUR-20241223-SUP-008-I-3093,PUR-20241223-SUP-008,SKU-019,83,1918.35,159223.05
PUR-20241223-SUP-008-I-3094,PUR-20241223-SUP-008,SKU-039,52,1858.3,96631.6
PUR-20241223-SUP-008-I-3095,PUR-20241223-SUP-008,SKU-041,44,1742.98,76691.12
PUR-20241223-SUP-008-I-3096,PUR-20241223-SUP-008,SKU-043,100,1572.04,157204.0
PUR-20241230-SUP-008-I-3097,PUR-20241230-SUP-008,SKU-015,100,1168.17,116817.0
PUR-20241230-SUP-008-I-3098,PUR-20241230-SUP-008,SKU-017,79,1183.82,93521.78
PUR-20241230-SUP-008-I-3099,PUR-20241230-SUP-008,SKU-019,72,1934.06,139252.32
PUR-20241230-SUP-008-I-3100,PUR-20241230-SUP-008,SKU-039,41,1927.84,79041.44
PUR-20241230-SUP-008-I-3101,PUR-20241230-SUP-008,SKU-041,39,1677.61,65426.79
PUR-20241230-SUP-008-I-3102,PUR-20241230-SUP-008,SKU-043,100,1560.21,156021.0
PUR-20250106-SUP-008-I-3103,PUR-20250106-SUP-008,SKU-015,100,1134.66,113466.0
PUR-20250106-SUP-008-I-3104,PUR-20250106-SUP-008,SKU-017,95,1233.69,117200.55
PUR-20250106-SUP-008-I-3105,PUR-20250106-SUP-008,SKU-019,59,1994.32,117664.88
PUR-20250106-SUP-008-I-3106,PUR-20250106-SUP-008,SKU-039,48,1889.01,90672.48
PUR-20250106-SUP-008-I-3107,PUR-20250106-SUP-008,SKU-041,47,1671.95,78581.65
PUR-20250106-SUP-008-I-3108,PUR-20250106-SUP-008,SKU-043,87,1536.78,133699.86
PUR-20250113-SUP-008-I-3109,PUR-20250113-SUP-008,SKU-015,100,1143.41,114341.0
PUR-20250113-SUP-008-I-3110,PUR-20250113-SUP-008,SKU-017,100,1192.88,119288.0
PUR-20250113-SUP-008-I-3111,PUR-20250113-SUP-008,SKU-019,67,1932.3,129464.1
PUR-20250113-SUP-008-I-3112,PUR-20250113-SUP-008,SKU-039,36,1927.3,69382.8
PUR-20250113-SUP-008-I-3113,PUR-20250113-SUP-008,SKU-041,32,1693.97,54207.04
PUR-20250113-SUP-008-I-3114,PUR-20250113-SUP-008,SKU-043,94,1576.17,148159.98
PUR-20250120-SUP-008-I-3115,PUR-20250120-SUP-008,SKU-015,80,1177.63,94210.4
PUR-20250120-SUP-008-I-3116,PUR-20250120-SUP-008,SKU-017,100,1222.91,122291.0
PUR-20250120-SUP-008-I-3117,PUR-20250120-SUP-008,SKU-019,60,1931.18,115870.8
PUR-20250120-SUP-008-I-3118,PUR-20250120-SUP-008,SKU-039,56,1944.1,108869.6
PUR-20250120-SUP-008-I-3119,PUR-20250120-SUP-008,SKU-041,42,1735.09,72873.78
PUR-20250120-SUP-008-I-3120,PUR-20250120-SUP-008,SKU-043,97,1560.61,151379.17
PUR-20250127-SUP-008-I-3121,PUR-20250127-SUP-008,SKU-015,100,1177.38,117738.0
PUR-20250127-SUP-008-I-3122,PUR-20250127-SUP-008,SKU-017,81,1193.68,96688.08
PUR-20250127-SUP-008-I-3123,PUR-20250127-SUP-008,SKU-019,62,1947.66,120754.92
PUR-20250127-SUP-008-I-3124,PUR-20250127-SUP-008,SKU-039,32,1929.0,61728.0
PUR-20250127-SUP-008-I-3125,PUR-20250127-SUP-008,SKU-041,29,1681.66,48768.14
PUR-20250127-SUP-008-I-3126,PUR-20250127-SUP-008,SKU-043,100,1526.75,152675.0
PUR-20250203-SUP-008-I-3127,PUR-20250203-SUP-008,SKU-015,100,1158.81,115881.0
PUR-20250203-SUP-008-I-3128,PUR-20250203-SUP-008,SKU-017,74,1212.7,89739.8
PUR-20250203-SUP-008-I-3129,PUR-20250203-SUP-008,SKU-019,62,1981.24,122836.88
PUR-20250203-SUP-008-I-3130,PUR-20250203-SUP-008,SKU-039,40,1946.5,77860.0
PUR-20250203-SUP-008-I-3131,PUR-20250203-SUP-008,SKU-041,32,1729.02,55328.64
PUR-20250203-SUP-008-I-3132,PUR-20250203-SUP-008,SKU-043,100,1588.24,158824.0
PUR-20250210-SUP-008-I-3133,PUR-20250210-SUP-008,SKU-015,93,1155.99,107507.07
PUR-20250210-SUP-008-I-3134,PUR-20250210-SUP-008,SKU-017,66,1219.36,80477.76
PUR-20250210-SUP-008-I-3135,PUR-20250210-SUP-008,SKU-019,60,1956.97,117418.2
PUR-20250210-SUP-008-I-3136,PUR-20250210-SUP-008,SKU-039,46,1868.85,85967.1
PUR-20250210-SUP-008-I-3137,PUR-20250210-SUP-008,SKU-041,34,1692.37,57540.58
PUR-20250210-SUP-008-I-3138,PUR-20250210-SUP-008,SKU-043,83,1566.31,130003.73
PUR-20250217-SUP-008-I-3139,PUR-20250217-SUP-008,SKU-015,32,1190.85,38107.2
PUR-20250217-SUP-008-I-3140,PUR-20250217-SUP-008,SKU-017,100,1180.92,118092.0
PUR-20250217-SUP-008-I-3141,PUR-20250217-SUP-008,SKU-019,45,1912.31,86053.95
PUR-20250217-SUP-008-I-3142,PUR-20250217-SUP-008,SKU-039,50,1877.81,93890.5
PUR-20250217-SUP-008-I-3143,PUR-20250217-SUP-008,SKU-041,29,1732.88,50253.52
PUR-20250217-SUP-008-I-3144,PUR-20250217-SUP-008,SKU-043,100,1556.2,155620.0
PUR-20250224-SUP-008-I-3145,PUR-20250224-SUP-008,SKU-015,93,1156.02,107509.86
PUR-20250224-SUP-008-I-3146,PUR-20250224-SUP-008,SKU-017,66,1209.68,79838.88
PUR-20250224-SUP-008-I-3147,PUR-20250224-SUP-008,SKU-019,74,1902.88,140813.12
PUR-20250224-SUP-008-I-3148,PUR-20250224-SUP-008,SKU-039,48,1945.82,93399.36
PUR-20250224-SUP-008-I-3149,PUR-20250224-SUP-008,SKU-041,34,1738.07,59094.38
PUR-20250224-SUP-008-I-3150,PUR-20250224-SUP-008,SKU-043,100,1562.53,156253.0
PUR-20250303-SUP-008-I-3151,PUR-20250303-SUP-008,SKU-015,100,1181.03,118103.0
PUR-20250303-SUP-008-I-3152,PUR-20250303-SUP-008,SKU-017,100,1210.96,121096.0
PUR-20250303-SUP-008-I-3153,PUR-20250303-SUP-008,SKU-019,71,1904.24,135201.04
PUR-20250303-SUP-008-I-3154,PUR-20250303-SUP-008,SKU-039,64,1926.63,123304.32
PUR-20250303-SUP-008-I-3155,PUR-20250303-SUP-008,SKU-041,40,1748.55,69942.0
PUR-20250303-SUP-008-I-3156,PUR-20250303-SUP-008,SKU-043,100,1579.45,157945.0
PUR-20250310-SUP-008-I-3157,PUR-20250310-SUP-008,SKU-015,100,1140.29,114029.0
PUR-20250310-SUP-008-I-3158,PUR-20250310-SUP-008,SKU-017,88,1229.9,108231.2
PUR-20250310-SUP-008-I-3159,PUR-20250310-SUP-008,SKU-019,55,1940.25,106713.75
PUR-20250310-SUP-008-I-3160,PUR-20250310-SUP-008,SKU-039,64,1923.16,123082.24
PUR-20250310-SUP-008-I-3161,PUR-20250310-SUP-008,SKU-041,33,1754.14,57886.62
PUR-20250310-SUP-008-I-3162,PUR-20250310-SUP-008,SKU-043,100,1540.58,154058.0
PUR-20250317-SUP-008-I-3163,PUR-20250317-SUP-008,SKU-015,100,1153.99,115399.0
PUR-20250317-SUP-008-I-3164,PUR-20250317-SUP-008,SKU-017,43,1181.72,50813.96
PUR-20250317-SUP-008-I-3165,PUR-20250317-SUP-008,SKU-019,44,1981.3,87177.2
PUR-20250317-SUP-008-I-3166,PUR-20250317-SUP-008,SKU-039,55,1929.19,106105.45
PUR-20250317-SUP-008-I-3167,PUR-20250317-SUP-008,SKU-041,40,1724.23,68969.2
PUR-20250317-SUP-008-I-3168,PUR-20250317-SUP-008,SKU-043,100,1589.4,158940.0
PUR-20250324-SUP-008-I-3169,PUR-20250324-SUP-008,SKU-015,100,1147.07,114707.0
PUR-20250324-SUP-008-I-3170,PUR-20250324-SUP-008,SKU-017,100,1189.07,118907.0
PUR-20250324-SUP-008-I-3171,PUR-20250324-SUP-008,SKU-019,75,1952.44,146433.0
PUR-20250324-SUP-008-I-3172,PUR-20250324-SUP-008,SKU-039,45,1874.95,84372.75
PUR-20250324-SUP-008-I-3173,PUR-20250324-SUP-008,SKU-041,30,1691.12,50733.6
PUR-20250324-SUP-008-I-3174,PUR-20250324-SUP-008,SKU-043,100,1580.95,158095.0
PUR-20250331-SUP-008-I-3175,PUR-20250331-SUP-008,SKU-015,8,1147.49,9179.92
PUR-20250331-SUP-008-I-3176,PUR-20250331-SUP-008,SKU-017,11,1178.42,12962.62
PUR-20250331-SUP-008-I-3177,PUR-20250331-SUP-008,SKU-019,12,1983.52,23802.24
PUR-20250331-SUP-008-I-3178,PUR-20250331-SUP-008,SKU-039,5,1944.74,9723.7
PUR-20250331-SUP-008-I-3179,PUR-20250331-SUP-008,SKU-041,5,1675.19,8375.95
PUR-20250331-SUP-008-I-3180,PUR-20250331-SUP-008,SKU-043,5,1552.19,7760.95
