date,product_id,retailer_id,quantity,selling_price
2025-08-26,SKU-001,RET-051,37,156.06
2025-08-27,SKU-001,RET-023,25,156.06
2025-08-28,SKU-001,RET-025,32,156.06
2025-08-29,SKU-001,RET-093,23,156.06
2025-08-30,SKU-001,RET-053,28,156.06
2025-08-31,SKU-001,RET-081,22,156.06
2025-09-01,SKU-001,RET-091,35,156.06
2025-09-02,SKU-001,RET-083,35,156.06
2025-09-03,SKU-001,RET-054,30,156.06
2025-09-04,SKU-001,RET-069,30,156.06
2025-09-05,SKU-001,RET-064,32,156.06
2025-09-06,SKU-001,RET-061,36,156.06
2025-09-07,SKU-001,RET-024,28,156.06
2025-09-08,SKU-001,RET-019,27,156.06
2025-09-09,SKU-001,RET-069,39,156.06
2025-09-10,SKU-001,RET-097,27,156.06
2025-09-11,SKU-001,RET-085,32,156.06
2025-09-12,SKU-001,RET-008,37,156.06
2025-09-13,SKU-001,RET-029,41,156.06
2025-09-14,SKU-001,RET-092,33,156.06
2025-09-15,SKU-001,RET-014,32,156.06
2025-09-16,SKU-001,RET-053,33,156.06
2025-09-17,SKU-001,RET-094,35,156.06
2025-09-18,SKU-001,RET-073,41,156.06
2025-09-19,SKU-001,RET-060,27,156.06
2025-09-20,SKU-001,RET-001,30,156.06
2025-09-21,SKU-001,RET-058,29,156.06
2025-09-22,SKU-001,RET-052,34,156.06
2025-09-23,SKU-001,RET-050,31,156.06
2025-09-24,SKU-001,RET-073,22,156.06
2025-09-25,SKU-001,RET-009,32,156.06
2025-09-26,SKU-001,RET-074,41,156.06
2025-09-27,SKU-001,RET-034,45,156.06
2025-09-28,SKU-001,RET-054,26,156.06
2025-09-29,SKU-001,RET-032,23,156.06
2025-09-30,SKU-001,RET-074,40,156.06
2025-10-01,SKU-001,RET-039,43,156.06
2025-10-02,SKU-001,RET-066,38,156.06
2025-10-03,SKU-001,RET-099,50,156.06
2025-10-04,SKU-001,RET-055,49,156.06
2025-10-05,SKU-001,RET-002,38,156.06
2025-10-06,SKU-001,RET-032,35,156.06
2025-10-07,SKU-001,RET-045,35,156.06
2025-10-08,SKU-001,RET-040,44,156.06
2025-10-09,SKU-001,RET-100,47,156.06
2025-10-10,SKU-001,RET-067,55,156.06
2025-10-11,SKU-001,RET-100,51,156.06
2025-10-12,SKU-001,RET-087,29,156.06
2025-10-13,SKU-001,RET-003,34,156.06
2025-10-14,SKU-001,RET-002,44,156.06
2025-10-15,SKU-001,RET-092,42,156.06
2025-10-16,SKU-001,RET-097,41,156.06
2025-10-17,SKU-001,RET-024,56,156.06
2025-10-18,SKU-001,RET-082,53,156.06
2025-10-19,SKU-001,RET-084,23,156.06
2025-10-20,SKU-001,RET-054,30,156.06
2025-10-21,SKU-001,RET-075,41,156.06
2025-10-22,SKU-001,RET-006,32,156.06
2025-10-23,SKU-001,RET-020,34,156.06
2025-10-24,SKU-001,RET-001,33,156.06
2025-10-25,SKU-001,RET-005,57,156.06
2025-10-26,SKU-001,RET-078,32,156.06
2025-10-27,SKU-001,RET-019,45,156.06
2025-10-28,SKU-001,RET-025,40,156.06
2025-10-29,SKU-001,RET-095,35,156.06
2025-10-30,SKU-001,RET-045,43,156.06
2025-10-31,SKU-001,RET-095,40,156.06
2025-11-01,SKU-001,RET-013,46,156.06
2025-11-02,SKU-001,RET-012,31,156.06
2025-11-03,SKU-001,RET-079,36,156.06
2025-11-04,SKU-001,RET-062,42,156.06
2025-11-05,SKU-001,RET-095,38,156.06
2025-11-06,SKU-001,RET-059,36,156.06
2025-11-07,SKU-001,RET-015,47,156.06
2025-11-08,SKU-001,RET-023,50,156.06
2025-11-09,SKU-001,RET-059,44,156.06
2025-11-10,SKU-001,RET-066,36,156.06
2025-11-11,SKU-001,RET-053,41,156.06
2025-11-12,SKU-001,RET-063,37,156.06
2025-11-13,SKU-001,RET-074,51,156.06
2025-11-14,SKU-001,RET-053,56,156.06
2025-11-15,SKU-001,RET-005,57,156.06
2025-11-16,SKU-001,RET-012,29,156.06
2025-11-17,SKU-001,RET-057,27,156.06
2025-11-18,SKU-001,RET-034,34,156.06
2025-11-19,SKU-001,RET-044,45,156.06
2025-11-20,SKU-001,RET-083,49,156.06
2025-11-21,SKU-001,RET-067,42,156.06
2025-11-22,SKU-001,RET-012,47,156.06
2025-11-23,SKU-001,RET-015,37,156.06
2025-11-24,SKU-001,RET-071,39,156.06
2025-11-25,SKU-001,RET-072,42,156.06
2025-11-26,SKU-001,RET-017,42,156.06
2025-11-27,SKU-001,RET-033,40,156.06
2025-11-28,SKU-001,RET-009,56,156.06
2025-11-29,SKU-001,RET-031,50,156.06
2025-11-30,SKU-001,RET-019,52,156.06
2025-12-01,SKU-001,RET-020,28,156.06
2025-12-02,SKU-001,RET-050,34,156.06
2025-12-03,SKU-001,RET-085,23,156.06
2025-12-04,SKU-001,RET-085,35,156.06
2025-12-05,SKU-001,RET-062,44,156.06
2025-12-06,SKU-001,RET-006,38,156.06
2025-12-07,SKU-001,RET-034,31,156.06
2025-12-08,SKU-001,RET-049,38,156.06
2025-12-09,SKU-001,RET-031,34,156.06
2025-12-10,SKU-001,RET-059,41,156.06
2025-12-11,SKU-001,RET-052,34,156.06
2025-12-12,SKU-001,RET-011,39,156.06
2025-12-13,SKU-001,RET-001,44,156.06
2025-12-14,SKU-001,RET-034,28,156.06
2025-12-15,SKU-001,RET-043,45,156.06
2025-12-16,SKU-001,RET-031,36,156.06
2025-12-17,SKU-001,RET-053,30,156.06
2025-12-18,SKU-001,RET-064,34,156.06
2025-12-19,SKU-001,RET-029,52,156.06
2025-12-20,SKU-001,RET-097,33,156.06
2025-12-21,SKU-001,RET-097,34,156.06
2025-12-22,SKU-001,RET-066,31,156.06
2025-12-23,SKU-001,RET-001,40,156.06
2025-12-24,SKU-001,RET-013,34,156.06
2025-12-25,SKU-001,RET-055,25,156.06
2025-12-26,SKU-001,RET-081,55,156.06
2025-12-27,SKU-001,RET-094,28,156.06
2025-12-28,SKU-001,RET-068,40,156.06
2025-12-29,SKU-001,RET-040,43,156.06
2025-12-30,SKU-001,RET-081,22,156.06
2025-12-31,SKU-001,RET-045,38,156.06
2026-01-01,SKU-001,RET-001,36,156.06
2026-01-02,SKU-001,RET-026,54,156.06
2026-01-03,SKU-001,RET-024,52,156.06
2026-01-04,SKU-001,RET-071,44,156.06
2026-01-05,SKU-001,RET-060,35,156.06
2026-01-06,SKU-001,RET-068,45,156.06
2026-01-07,SKU-001,RET-009,34,156.06
2026-01-08,SKU-001,RET-054,33,156.06
2026-01-09,SKU-001,RET-014,49,156.06
2026-01-10,SKU-001,RET-022,43,156.06
2026-01-11,SKU-001,RET-050,29,156.06
2026-01-12,SKU-001,RET-056,26,156.06
2026-01-13,SKU-001,RET-002,37,156.06
2026-01-14,SKU-001,RET-089,35,156.06
2026-01-15,SKU-001,RET-096,42,156.06
2026-01-16,SKU-001,RET-039,42,156.06
2026-01-17,SKU-001,RET-024,43,156.06
2026-01-18,SKU-001,RET-022,38,156.06
2026-01-19,SKU-001,RET-060,41,156.06
2026-01-20,SKU-001,RET-018,33,156.06
2026-01-21,SKU-001,RET-016,47,156.06
2026-01-22,SKU-001,RET-059,39,156.06
2026-01-23,SKU-001,RET-079,46,156.06
2026-01-24,SKU-001,RET-018,53,156.06
2026-01-25,SKU-001,RET-057,29,156.06
2026-01-26,SKU-001,RET-094,54,156.06
2026-01-27,SKU-001,RET-044,29,156.06
2026-01-28,SKU-001,RET-099,34,156.06
2026-01-29,SKU-001,RET-046,39,156.06
2026-01-30,SKU-001,RET-064,33,156.06
2026-01-31,SKU-001,RET-039,34,156.06
2026-02-01,SKU-001,RET-050,33,156.06
2026-02-02,SKU-001,RET-040,38,156.06
2026-02-03,SKU-001,RET-042,39,156.06
2026-02-04,SKU-001,RET-044,45,156.06
2026-02-05,SKU-001,RET-060,35,156.06
2026-02-06,SKU-001,RET-025,48,156.06
2026-02-07,SKU-001,RET-025,43,156.06
2026-02-08,SKU-001,RET-094,26,156.06
2026-02-09,SKU-001,RET-061,44,156.06
2026-02-10,SKU-001,RET-005,42,156.06
2026-02-11,SKU-001,RET-069,42,156.06
2026-02-12,SKU-001,RET-085,43,156.06
2026-02-13,SKU-001,RET-030,55,156.06
2026-02-14,SKU-001,RET-026,62,156.06
2026-02-15,SKU-001,RET-015,38,156.06
2026-02-16,SKU-001,RET-032,47,156.06
2026-02-17,SKU-001,RET-064,35,156.06
2026-02-18,SKU-001,RET-032,30,156.06
2026-02-19,SKU-001,RET-071,38,156.06
2026-02-20,SKU-001,RET-017,55,156.06
2026-02-21,SKU-001,RET-013,55,156.06
2026-02-22,SKU-001,RET-090,43,156.06
2026-02-23,SKU-001,RET-007,33,156.06
2026-02-24,SKU-001,RET-018,33,156.06
2026-02-25,SKU-001,RET-017,50,156.06
2026-02-26,SKU-001,RET-063,37,156.06
2026-02-27,SKU-001,RET-035,53,156.06
2026-02-28,SKU-001,RET-067,59,156.06
2026-03-01,SKU-001,RET-085,43,156.06
2026-03-02,SKU-001,RET-088,37,156.06
2026-03-03,SKU-001,RET-076,43,156.06
2026-03-04,SKU-001,RET-068,46,156.06
2026-03-05,SKU-001,RET-095,40,156.06
2026-03-06,SKU-001,RET-002,58,156.06
2026-03-07,SKU-001,RET-078,49,156.06
2026-03-08,SKU-001,RET-089,40,156.06
2026-03-09,SKU-001,RET-092,35,156.06
2026-03-10,SKU-001,RET-086,53,156.06
2026-03-11,SKU-001,RET-065,41,156.06
2026-03-12,SKU-001,RET-088,40,156.06
2026-03-13,SKU-001,RET-054,57,156.06
2026-03-14,SKU-001,RET-079,53,156.06
2026-03-15,SKU-001,RET-087,52,156.06
2026-03-16,SKU-001,RET-080,32,156.06
2026-03-17,SKU-001,RET-022,47,156.06
2026-03-18,SKU-001,RET-098,40,156.06
2026-03-19,SKU-001,RET-063,52,156.06
2026-03-20,SKU-001,RET-032,54,156.06
2026-03-21,SKU-001,RET-058,50,156.06
2026-03-22,SKU-001,RET-094,42,156.06
2026-03-23,SKU-001,RET-077,40,156.06
2026-03-24,SKU-001,RET-014,35,156.06
2026-03-25,SKU-001,RET-048,37,156.06
2026-03-26,SKU-001,RET-076,51,156.06
2026-03-27,SKU-001,RET-048,45,156.06
2026-03-28,SKU-001,RET-053,51,156.06
2026-03-29,SKU-001,RET-009,27,156.06
2026-03-30,SKU-001,RET-096,45,156.06
2026-03-31,SKU-001,RET-014,33,156.06
2026-04-01,SKU-001,RET-030,30,156.06
2026-04-02,SKU-001,RET-043,39,156.06
2026-04-03,SKU-001,RET-010,60,156.06
2026-04-04,SKU-001,RET-009,53,156.06
2026-04-05,SKU-001,RET-026,35,156.06
2026-04-06,SKU-001,RET-074,44,156.06
2026-04-07,SKU-001,RET-030,40,156.06
2026-04-08,SKU-001,RET-005,48,156.06
2026-04-09,SKU-001,RET-021,56,156.06
2026-04-10,SKU-001,RET-039,63,156.06
2026-04-11,SKU-001,RET-027,60,156.06
2026-04-12,SKU-001,RET-019,41,156.06
2026-04-13,SKU-001,RET-025,46,156.06
2026-04-14,SKU-001,RET-054,51,156.06
2026-04-15,SKU-001,RET-054,37,156.06
2026-04-16,SKU-001,RET-046,43,156.06
2026-04-17,SKU-001,RET-053,52,156.06
2026-04-18,SKU-001,RET-019,42,156.06
2026-04-19,SKU-001,RET-096,42,156.06
2026-04-20,SKU-001,RET-096,35,156.06
2026-04-21,SKU-001,RET-021,37,156.06
2026-04-22,SKU-001,RET-008,38,156.06
2026-04-23,SKU-001,RET-047,40,156.06
2026-04-24,SKU-001,RET-038,59,156.06
2026-04-25,SKU-001,RET-047,43,156.06
2026-04-26,SKU-001,RET-094,39,156.06
2026-04-27,SKU-001,RET-035,48,156.06
2026-04-28,SKU-001,RET-083,47,156.06
2026-04-29,SKU-001,RET-022,53,156.06
2026-04-30,SKU-001,RET-056,44,156.06
2026-05-01,SKU-001,RET-100,46,156.06
2026-05-02,SKU-001,RET-044,50,156.06
2026-05-03,SKU-001,RET-016,44,156.06
2026-05-04,SKU-001,RET-042,53,156.06
2026-05-05,SKU-001,RET-073,41,156.06
2026-05-06,SKU-001,RET-062,43,156.06
2026-05-07,SKU-001,RET-096,38,156.06
2026-05-08,SKU-001,RET-059,54,156.06
2026-05-09,SKU-001,RET-005,49,156.06
2026-05-10,SKU-001,RET-018,42,156.06
2026-05-11,SKU-001,RET-031,55,156.06
2026-05-12,SKU-001,RET-090,46,156.06
2026-05-13,SKU-001,RET-057,45,156.06
2026-05-14,SKU-001,RET-019,51,156.06
2026-05-15,SKU-001,RET-065,46,156.06
2026-05-16,SKU-001,RET-083,48,156.06
2026-05-17,SKU-001,RET-010,44,156.06
2026-05-18,SKU-001,RET-089,44,156.06
2026-05-19,SKU-001,RET-033,34,156.06
2026-05-20,SKU-001,RET-092,48,156.06
2026-05-21,SKU-001,RET-067,32,156.06
2026-05-22,SKU-001,RET-029,40,156.06
2026-05-23,SKU-001,RET-068,60,156.06
2026-05-24,SKU-001,RET-077,41,156.06
2026-05-25,SKU-001,RET-096,42,156.06
2026-05-26,SKU-001,RET-072,42,156.06
2026-05-27,SKU-001,RET-098,38,156.06
2026-05-28,SKU-001,RET-037,48,156.06
2026-05-29,SKU-001,RET-045,45,156.06
2026-05-30,SKU-001,RET-082,48,156.06
2026-05-31,SKU-001,RET-034,50,156.06
2026-06-01,SKU-001,RET-011,44,156.06
2026-06-02,SKU-001,RET-049,38,156.06
2026-06-03,SKU-001,RET-031,42,156.06
2026-06-04,SKU-001,RET-026,40,156.06
2026-06-05,SKU-001,RET-030,41,156.06
2026-06-06,SKU-001,RET-087,40,156.06
2026-06-07,SKU-001,RET-014,36,156.06
2026-06-08,SKU-001,RET-084,31,156.06
2026-06-09,SKU-001,RET-046,30,156.06
2026-06-10,SKU-001,RET-100,32,156.06
2026-06-11,SKU-001,RET-088,37,156.06
2026-06-12,SKU-001,RET-094,38,156.06
2026-06-13,SKU-001,RET-023,42,156.06
2026-06-14,SKU-001,RET-067,29,156.06
2026-06-15,SKU-001,RET-051,31,156.06
2026-06-16,SKU-001,RET-056,38,156.06
2026-06-17,SKU-001,RET-012,28,156.06
2026-06-18,SKU-001,RET-098,34,156.06
2026-06-19,SKU-001,RET-037,44,156.06
2026-06-20,SKU-001,RET-068,43,156.06
2026-06-21,SKU-001,RET-024,36,156.06
2026-06-22,SKU-001,RET-075,43,156.06
2026-06-23,SKU-001,RET-057,46,156.06
2026-06-24,SKU-001,RET-088,27,156.06
2026-06-25,SKU-001,RET-052,37,156.06
2026-06-26,SKU-001,RET-006,51,156.06
2026-06-27,SKU-001,RET-035,48,156.06
2026-06-28,SKU-001,RET-017,29,156.06
2026-06-29,SKU-001,RET-046,43,156.06
2026-06-30,SKU-001,RET-082,27,156.06
2026-07-01,SKU-001,RET-033,40,156.06
2026-07-02,SKU-001,RET-076,36,156.06
2026-07-03,SKU-001,RET-042,43,156.06
2026-07-04,SKU-001,RET-022,37,156.06
2026-07-05,SKU-001,RET-034,27,156.06
2026-07-06,SKU-001,RET-018,29,156.06
2026-07-07,SKU-001,RET-086,34,156.06
2026-07-08,SKU-001,RET-014,38,156.06
2026-07-09,SKU-001,RET-096,33,156.06
2026-07-10,SKU-001,RET-098,51,156.06
2026-07-11,SKU-001,RET-095,37,156.06
2026-07-12,SKU-001,RET-029,39,156.06
2026-07-13,SKU-001,RET-038,36,156.06
2026-07-14,SKU-001,RET-072,36,156.06
2026-07-15,SKU-001,RET-026,30,156.06
2026-07-16,SKU-001,RET-076,41,156.06
2026-07-17,SKU-001,RET-014,40,156.06
2026-07-18,SKU-001,RET-053,38,156.06
2026-07-19,SKU-001,RET-037,37,156.06
2026-07-20,SKU-001,RET-001,36,156.06
2026-07-21,SKU-001,RET-084,42,156.06
2026-07-22,SKU-001,RET-048,45,156.06
2026-07-23,SKU-001,RET-047,28,156.06
2026-07-24,SKU-001,RET-020,44,156.06
2026-07-25,SKU-001,RET-011,31,156.06
2026-07-26,SKU-001,RET-043,27,156.06
2026-07-27,SKU-001,RET-035,40,156.06
2026-07-28,SKU-001,RET-037,21,156.06
2026-07-29,SKU-001,RET-042,29,156.06
2026-07-30,SKU-001,RET-021,24,156.06
2026-07-31,SKU-001,RET-041,31,156.06
2026-08-01,SKU-001,RET-013,48,156.06
2026-08-02,SKU-001,RET-015,39,156.06
2026-08-03,SKU-001,RET-100,19,156.06
2026-08-04,SKU-001,RET-093,34,156.06
2026-08-05,SKU-001,RET-018,30,156.06
2026-08-06,SKU-001,RET-066,34,156.06
2026-08-07,SKU-001,RET-033,33,156.06
2026-08-08,SKU-001,RET-058,47,156.06
2026-08-09,SKU-001,RET-036,30,156.06
2026-08-10,SKU-001,RET-078,43,156.06
2026-08-11,SKU-001,RET-033,31,156.06
2026-08-12,SKU-001,RET-036,31,156.06
2026-08-13,SKU-001,RET-056,29,156.06
2026-08-14,SKU-001,RET-031,36,156.06
2026-08-15,SKU-001,RET-017,43,156.06
2026-08-16,SKU-001,RET-076,26,156.06
2026-08-17,SKU-001,RET-076,27,156.06
2026-08-18,SKU-001,RET-011,41,156.06
2026-08-19,SKU-001,RET-067,29,156.06
2026-08-20,SKU-001,RET-062,32,156.06
2026-08-21,SKU-001,RET-004,41,156.06
2026-08-22,SKU-001,RET-021,45,156.06
2026-08-23,SKU-001,RET-047,28,156.06
2026-08-24,SKU-001,RET-006,29,156.06
2026-08-25,SKU-001,RET-028,24,156.06
2025-08-26,SKU-002,RET-097,14,247.73
2025-08-27,SKU-002,RET-088,17,247.73
2025-08-28,SKU-002,RET-025,23,247.73
2025-08-29,SKU-002,RET-057,22,247.73
2025-08-30,SKU-002,RET-089,22,247.73
2025-08-31,SKU-002,RET-080,24,247.73
2025-09-01,SKU-002,RET-007,16,247.73
2025-09-02,SKU-002,RET-003,19,247.73
2025-09-03,SKU-002,RET-063,21,247.73
2025-09-04,SKU-002,RET-067,17,247.73
2025-09-05,SKU-002,RET-045,23,247.73
2025-09-06,SKU-002,RET-014,18,247.73
2025-09-07,SKU-002,RET-042,17,247.73
2025-09-08,SKU-002,RET-098,11,247.73
2025-09-09,SKU-002,RET-036,24,247.73
2025-09-10,SKU-002,RET-043,18,247.73
2025-09-11,SKU-002,RET-021,29,247.73
2025-09-12,SKU-002,RET-071,20,247.73
2025-09-13,SKU-002,RET-029,28,247.73
2025-09-14,SKU-002,RET-006,23,247.73
2025-09-15,SKU-002,RET-088,19,247.73
2025-09-16,SKU-002,RET-057,17,247.73
2025-09-17,SKU-002,RET-052,16,247.73
2025-09-18,SKU-002,RET-029,30,247.73
2025-09-19,SKU-002,RET-031,16,247.73
2025-09-20,SKU-002,RET-055,23,247.73
2025-09-21,SKU-002,RET-087,18,247.73
2025-09-22,SKU-002,RET-039,17,247.73
2025-09-23,SKU-002,RET-057,11,247.73
2025-09-24,SKU-002,RET-078,18,247.73
2025-09-25,SKU-002,RET-032,20,247.73
2025-09-26,SKU-002,RET-016,18,247.73
2025-09-27,SKU-002,RET-036,18,247.73
2025-09-28,SKU-002,RET-016,10,247.73
2025-09-29,SKU-002,RET-027,19,247.73
2025-09-30,SKU-002,RET-054,20,247.73
2025-10-01,SKU-002,RET-066,29,247.73
2025-10-02,SKU-002,RET-087,35,247.73
2025-10-03,SKU-002,RET-041,20,247.73
2025-10-04,SKU-002,RET-044,41,247.73
2025-10-05,SKU-002,RET-043,28,247.73
2025-10-06,SKU-002,RET-019,21,247.73
2025-10-07,SKU-002,RET-081,26,247.73
2025-10-08,SKU-002,RET-023,27,247.73
2025-10-09,SKU-002,RET-083,33,247.73
2025-10-10,SKU-002,RET-011,29,247.73
2025-10-11,SKU-002,RET-028,29,247.73
2025-10-12,SKU-002,RET-100,24,247.73
2025-10-13,SKU-002,RET-074,23,247.73
2025-10-14,SKU-002,RET-060,20,247.73
2025-10-15,SKU-002,RET-029,24,247.73
2025-10-16,SKU-002,RET-048,26,247.73
2025-10-17,SKU-002,RET-020,28,247.73
2025-10-18,SKU-002,RET-086,32,247.73
2025-10-19,SKU-002,RET-093,27,247.73
2025-10-20,SKU-002,RET-097,22,247.73
2025-10-21,SKU-002,RET-005,29,247.73
2025-10-22,SKU-002,RET-074,24,247.73
2025-10-23,SKU-002,RET-039,28,247.73
2025-10-24,SKU-002,RET-020,32,247.73
2025-10-25,SKU-002,RET-057,38,247.73
2025-10-26,SKU-002,RET-012,36,247.73
2025-10-27,SKU-002,RET-033,19,247.73
2025-10-28,SKU-002,RET-053,31,247.73
2025-10-29,SKU-002,RET-076,28,247.73
2025-10-30,SKU-002,RET-036,24,247.73
2025-10-31,SKU-002,RET-039,26,247.73
2025-11-01,SKU-002,RET-013,31,247.73
2025-11-02,SKU-002,RET-025,15,247.73
2025-11-03,SKU-002,RET-079,28,247.73
2025-11-04,SKU-002,RET-028,24,247.73
2025-11-05,SKU-002,RET-025,23,247.73
2025-11-06,SKU-002,RET-072,24,247.73
2025-11-07,SKU-002,RET-025,35,247.73
2025-11-08,SKU-002,RET-002,26,247.73
2025-11-09,SKU-002,RET-044,22,247.73
2025-11-10,SKU-002,RET-006,21,247.73
2025-11-11,SKU-002,RET-094,25,247.73
2025-11-12,SKU-002,RET-036,33,247.73
2025-11-13,SKU-002,RET-047,16,247.73
2025-11-14,SKU-002,RET-050,30,247.73
2025-11-15,SKU-002,RET-041,32,247.73
2025-11-16,SKU-002,RET-072,31,247.73
2025-11-17,SKU-002,RET-023,32,247.73
2025-11-18,SKU-002,RET-083,24,247.73
2025-11-19,SKU-002,RET-061,35,247.73
2025-11-20,SKU-002,RET-022,26,247.73
2025-11-21,SKU-002,RET-017,25,247.73
2025-11-22,SKU-002,RET-006,43,247.73
2025-11-23,SKU-002,RET-084,28,247.73
2025-11-24,SKU-002,RET-098,20,247.73
2025-11-25,SKU-002,RET-027,34,247.73
2025-11-26,SKU-002,RET-043,28,247.73
2025-11-27,SKU-002,RET-024,22,247.73
2025-11-28,SKU-002,RET-078,30,247.73
2025-11-29,SKU-002,RET-078,36,247.73
2025-11-30,SKU-002,RET-068,32,247.73
2025-12-01,SKU-002,RET-001,9,247.73
2025-12-02,SKU-002,RET-077,21,247.73
2025-12-03,SKU-002,RET-009,19,247.73
2025-12-04,SKU-002,RET-018,19,247.73
2025-12-05,SKU-002,RET-020,24,247.73
2025-12-06,SKU-002,RET-074,32,247.73
2025-12-07,SKU-002,RET-070,19,247.73
2025-12-08,SKU-002,RET-009,17,247.73
2025-12-09,SKU-002,RET-076,14,247.73
2025-12-10,SKU-002,RET-041,16,247.73
2025-12-11,SKU-002,RET-047,18,247.73
2025-12-12,SKU-002,RET-012,22,247.73
2025-12-13,SKU-002,RET-026,24,247.73
2025-12-14,SKU-002,RET-026,27,247.73
2025-12-15,SKU-002,RET-004,16,247.73
2025-12-16,SKU-002,RET-040,26,247.73
2025-12-17,SKU-002,RET-092,17,247.73
2025-12-18,SKU-002,RET-010,27,247.73
2025-12-19,SKU-002,RET-062,31,247.73
2025-12-20,SKU-002,RET-006,30,247.73
2025-12-21,SKU-002,RET-088,22,247.73
2025-12-22,SKU-002,RET-099,19,247.73
2025-12-23,SKU-002,RET-024,22,247.73
2025-12-24,SKU-002,RET-084,23,247.73
2025-12-25,SKU-002,RET-079,30,247.73
2025-12-26,SKU-002,RET-026,31,247.73
2025-12-27,SKU-002,RET-053,22,247.73
2025-12-28,SKU-002,RET-066,20,247.73
2025-12-29,SKU-002,RET-048,21,247.73
2025-12-30,SKU-002,RET-061,19,247.73
2025-12-31,SKU-002,RET-039,19,247.73
2026-01-01,SKU-002,RET-030,20,247.73
2026-01-02,SKU-002,RET-066,33,247.73
2026-01-03,SKU-002,RET-033,23,247.73
2026-01-04,SKU-002,RET-057,23,247.73
2026-01-05,SKU-002,RET-076,20,247.73
2026-01-06,SKU-002,RET-004,21,247.73
2026-01-07,SKU-002,RET-023,19,247.73
2026-01-08,SKU-002,RET-075,30,247.73
2026-01-09,SKU-002,RET-080,29,247.73
2026-01-10,SKU-002,RET-025,24,247.73
2026-01-11,SKU-002,RET-093,25,247.73
2026-01-12,SKU-002,RET-054,23,247.73
2026-01-13,SKU-002,RET-002,25,247.73
2026-01-14,SKU-002,RET-089,28,247.73
2026-01-15,SKU-002,RET-027,24,247.73
2026-01-16,SKU-002,RET-098,26,247.73
2026-01-17,SKU-002,RET-019,24,247.73
2026-01-18,SKU-002,RET-013,15,247.73
2026-01-19,SKU-002,RET-009,29,247.73
2026-01-20,SKU-002,RET-078,26,247.73
2026-01-21,SKU-002,RET-071,27,247.73
2026-01-22,SKU-002,RET-035,23,247.73
2026-01-23,SKU-002,RET-043,34,247.73
2026-01-24,SKU-002,RET-016,25,247.73
2026-01-25,SKU-002,RET-065,21,247.73
2026-01-26,SKU-002,RET-086,21,247.73
2026-01-27,SKU-002,RET-025,21,247.73
2026-01-28,SKU-002,RET-029,25,247.73
2026-01-29,SKU-002,RET-093,26,247.73
2026-01-30,SKU-002,RET-014,33,247.73
2026-01-31,SKU-002,RET-076,33,247.73
2026-02-01,SKU-002,RET-045,23,247.73
2026-02-02,SKU-002,RET-084,20,247.73
2026-02-03,SKU-002,RET-075,20,247.73
2026-02-04,SKU-002,RET-097,25,247.73
2026-02-05,SKU-002,RET-048,25,247.73
2026-02-06,SKU-002,RET-096,40,247.73
2026-02-07,SKU-002,RET-053,32,247.73
2026-02-08,SKU-002,RET-067,16,247.73
2026-02-09,SKU-002,RET-049,34,247.73
2026-02-10,SKU-002,RET-043,24,247.73
2026-02-11,SKU-002,RET-022,17,247.73
2026-02-12,SKU-002,RET-054,24,247.73
2026-02-13,SKU-002,RET-074,24,247.73
2026-02-14,SKU-002,RET-031,28,247.73
2026-02-15,SKU-002,RET-042,29,247.73
2026-02-16,SKU-002,RET-016,33,247.73
2026-02-17,SKU-002,RET-076,21,247.73
2026-02-18,SKU-002,RET-064,21,247.73
2026-02-19,SKU-002,RET-059,26,247.73
2026-02-20,SKU-002,RET-067,26,247.73
2026-02-21,SKU-002,RET-084,28,247.73
2026-02-22,SKU-002,RET-064,22,247.73
2026-02-23,SKU-002,RET-055,26,247.73
2026-02-24,SKU-002,RET-068,28,247.73
2026-02-25,SKU-002,RET-075,23,247.73
2026-02-26,SKU-002,RET-054,19,247.73
2026-02-27,SKU-002,RET-086,31,247.73
2026-02-28,SKU-002,RET-018,36,247.73
2026-03-01,SKU-002,RET-003,23,247.73
2026-03-02,SKU-002,RET-069,28,247.73
2026-03-03,SKU-002,RET-007,15,247.73
2026-03-04,SKU-002,RET-023,20,247.73
2026-03-05,SKU-002,RET-045,25,247.73
2026-03-06,SKU-002,RET-069,41,247.73
2026-03-07,SKU-002,RET-016,26,247.73
2026-03-08,SKU-002,RET-096,30,247.73
2026-03-09,SKU-002,RET-096,26,247.73
2026-03-10,SKU-002,RET-075,26,247.73
2026-03-11,SKU-002,RET-023,14,247.73
2026-03-12,SKU-002,RET-033,29,247.73
2026-03-13,SKU-002,RET-044,34,247.73
2026-03-14,SKU-002,RET-087,36,247.73
2026-03-15,SKU-002,RET-048,28,247.73
2026-03-16,SKU-002,RET-058,14,247.73
2026-03-17,SKU-002,RET-046,25,247.73
2026-03-18,SKU-002,RET-088,38,247.73
2026-03-19,SKU-002,RET-077,28,247.73
2026-03-20,SKU-002,RET-051,31,247.73
2026-03-21,SKU-002,RET-016,36,247.73
2026-03-22,SKU-002,RET-055,26,247.73
2026-03-23,SKU-002,RET-032,24,247.73
2026-03-24,SKU-002,RET-060,22,247.73
2026-03-25,SKU-002,RET-095,30,247.73
2026-03-26,SKU-002,RET-020,33,247.73
2026-03-27,SKU-002,RET-086,28,247.73
2026-03-28,SKU-002,RET-010,42,247.73
2026-03-29,SKU-002,RET-070,18,247.73
2026-03-30,SKU-002,RET-042,24,247.73
2026-03-31,SKU-002,RET-048,30,247.73
2026-04-01,SKU-002,RET-074,24,247.73
2026-04-02,SKU-002,RET-053,32,247.73
2026-04-03,SKU-002,RET-019,45,247.73
2026-04-04,SKU-002,RET-012,40,247.73
2026-04-05,SKU-002,RET-019,20,247.73
2026-04-06,SKU-002,RET-069,15,247.73
2026-04-07,SKU-002,RET-070,20,247.73
2026-04-08,SKU-002,RET-042,27,247.73
2026-04-09,SKU-002,RET-076,24,247.73
2026-04-10,SKU-002,RET-011,31,247.73
2026-04-11,SKU-002,RET-085,38,247.73
2026-04-12,SKU-002,RET-054,28,247.73
2026-04-13,SKU-002,RET-086,26,247.73
2026-04-14,SKU-002,RET-043,37,247.73
2026-04-15,SKU-002,RET-091,28,247.73
2026-04-16,SKU-002,RET-029,31,247.73
2026-04-17,SKU-002,RET-074,42,247.73
2026-04-18,SKU-002,RET-005,31,247.73
2026-04-19,SKU-002,RET-010,20,247.73
2026-04-20,SKU-002,RET-099,32,247.73
2026-04-21,SKU-002,RET-021,26,247.73
2026-04-22,SKU-002,RET-006,37,247.73
2026-04-23,SKU-002,RET-055,26,247.73
2026-04-24,SKU-002,RET-043,42,247.73
2026-04-25,SKU-002,RET-089,49,247.73
2026-04-26,SKU-002,RET-051,32,247.73
2026-04-27,SKU-002,RET-087,22,247.73
2026-04-28,SKU-002,RET-039,21,247.73
2026-04-29,SKU-002,RET-047,21,247.73
2026-04-30,SKU-002,RET-019,29,247.73
2026-05-01,SKU-002,RET-031,29,247.73
2026-05-02,SKU-002,RET-072,31,247.73
2026-05-03,SKU-002,RET-027,32,247.73
2026-05-04,SKU-002,RET-022,33,247.73
2026-05-05,SKU-002,RET-068,19,247.73
2026-05-06,SKU-002,RET-075,19,247.73
2026-05-07,SKU-002,RET-016,36,247.73
2026-05-08,SKU-002,RET-072,29,247.73
2026-05-09,SKU-002,RET-079,32,247.73
2026-05-10,SKU-002,RET-018,27,247.73
2026-05-11,SKU-002,RET-026,35,247.73
2026-05-12,SKU-002,RET-004,18,247.73
2026-05-13,SKU-002,RET-036,22,247.73
2026-05-14,SKU-002,RET-028,20,247.73
2026-05-15,SKU-002,RET-035,29,247.73
2026-05-16,SKU-002,RET-033,22,247.73
2026-05-17,SKU-002,RET-060,20,247.73
2026-05-18,SKU-002,RET-100,34,247.73
2026-05-19,SKU-002,RET-004,26,247.73
2026-05-20,SKU-002,RET-078,32,247.73
2026-05-21,SKU-002,RET-077,29,247.73
2026-05-22,SKU-002,RET-031,41,247.73
2026-05-23,SKU-002,RET-014,22,247.73
2026-05-24,SKU-002,RET-004,29,247.73
2026-05-25,SKU-002,RET-035,26,247.73
2026-05-26,SKU-002,RET-010,21,247.73
2026-05-27,SKU-002,RET-086,21,247.73
2026-05-28,SKU-002,RET-043,31,247.73
2026-05-29,SKU-002,RET-076,38,247.73
2026-05-30,SKU-002,RET-033,30,247.73
2026-05-31,SKU-002,RET-005,21,247.73
2026-06-01,SKU-002,RET-016,22,247.73
2026-06-02,SKU-002,RET-097,23,247.73
2026-06-03,SKU-002,RET-026,18,247.73
2026-06-04,SKU-002,RET-031,19,247.73
2026-06-05,SKU-002,RET-059,22,247.73
2026-06-06,SKU-002,RET-034,33,247.73
2026-06-07,SKU-002,RET-060,29,247.73
2026-06-08,SKU-002,RET-007,24,247.73
2026-06-09,SKU-002,RET-067,31,247.73
2026-06-10,SKU-002,RET-034,21,247.73
2026-06-11,SKU-002,RET-072,23,247.73
2026-06-12,SKU-002,RET-026,28,247.73
2026-06-13,SKU-002,RET-049,38,247.73
2026-06-14,SKU-002,RET-066,17,247.73
2026-06-15,SKU-002,RET-095,21,247.73
2026-06-16,SKU-002,RET-031,23,247.73
2026-06-17,SKU-002,RET-020,31,247.73
2026-06-18,SKU-002,RET-060,26,247.73
2026-06-19,SKU-002,RET-004,31,247.73
2026-06-20,SKU-002,RET-080,31,247.73
2026-06-21,SKU-002,RET-095,17,247.73
2026-06-22,SKU-002,RET-047,21,247.73
2026-06-23,SKU-002,RET-030,13,247.73
2026-06-24,SKU-002,RET-019,19,247.73
2026-06-25,SKU-002,RET-020,19,247.73
2026-06-26,SKU-002,RET-070,26,247.73
2026-06-27,SKU-002,RET-054,32,247.73
2026-06-28,SKU-002,RET-092,23,247.73
2026-06-29,SKU-002,RET-080,13,247.73
2026-06-30,SKU-002,RET-045,22,247.73
2026-07-01,SKU-002,RET-057,16,247.73
2026-07-02,SKU-002,RET-084,22,247.73
2026-07-03,SKU-002,RET-087,29,247.73
2026-07-04,SKU-002,RET-053,31,247.73
2026-07-05,SKU-002,RET-087,18,247.73
2026-07-06,SKU-002,RET-003,24,247.73
2026-07-07,SKU-002,RET-019,20,247.73
2026-07-08,SKU-002,RET-050,17,247.73
2026-07-09,SKU-002,RET-089,26,247.73
2026-07-10,SKU-002,RET-022,30,247.73
2026-07-11,SKU-002,RET-031,23,247.73
2026-07-12,SKU-002,RET-090,25,247.73
2026-07-13,SKU-002,RET-001,25,247.73
2026-07-14,SKU-002,RET-010,21,247.73
2026-07-15,SKU-002,RET-033,22,247.73
2026-07-16,SKU-002,RET-077,20,247.73
2026-07-17,SKU-002,RET-036,23,247.73
2026-07-18,SKU-002,RET-062,30,247.73
2026-07-19,SKU-002,RET-092,8,247.73
2026-07-20,SKU-002,RET-030,20,247.73
2026-07-21,SKU-002,RET-027,16,247.73
2026-07-22,SKU-002,RET-016,21,247.73
2026-07-23,SKU-002,RET-038,26,247.73
2026-07-24,SKU-002,RET-022,24,247.73
2026-07-25,SKU-002,RET-087,23,247.73
2026-07-26,SKU-002,RET-070,12,247.73
2026-07-27,SKU-002,RET-007,24,247.73
2026-07-28,SKU-002,RET-100,24,247.73
2026-07-29,SKU-002,RET-087,26,247.73
2026-07-30,SKU-002,RET-048,26,247.73
2026-07-31,SKU-002,RET-055,24,247.73
2026-08-01,SKU-002,RET-089,25,247.73
2026-08-02,SKU-002,RET-099,15,247.73
2026-08-03,SKU-002,RET-092,27,247.73
2026-08-04,SKU-002,RET-069,17,247.73
2026-08-05,SKU-002,RET-027,18,247.73
2026-08-06,SKU-002,RET-047,18,247.73
2026-08-07,SKU-002,RET-005,20,247.73
2026-08-08,SKU-002,RET-015,31,247.73
2026-08-09,SKU-002,RET-097,14,247.73
2026-08-10,SKU-002,RET-085,16,247.73
2026-08-11,SKU-002,RET-035,12,247.73
2026-08-12,SKU-002,RET-076,18,247.73
2026-08-13,SKU-002,RET-051,16,247.73
2026-08-14,SKU-002,RET-013,25,247.73
2026-08-15,SKU-002,RET-021,31,247.73
2026-08-16,SKU-002,RET-025,20,247.73
2026-08-17,SKU-002,RET-092,18,247.73
2026-08-18,SKU-002,RET-049,13,247.73
2026-08-19,SKU-002,RET-086,20,247.73
2026-08-20,SKU-002,RET-094,13,247.73
2026-08-21,SKU-002,RET-016,28,247.73
2026-08-22,SKU-002,RET-091,27,247.73
2026-08-23,SKU-002,RET-027,22,247.73
2026-08-24,SKU-002,RET-076,24,247.73
2026-08-25,SKU-002,RET-093,20,247.73
2025-08-26,SKU-003,RET-070,35,44.08
2025-08-27,SKU-003,RET-039,32,44.08
2025-08-28,SKU-003,RET-100,26,44.08
2025-08-29,SKU-003,RET-084,41,44.08
2025-08-30,SKU-003,RET-058,26,44.08
2025-08-31,SKU-003,RET-035,34,44.08
2025-09-01,SKU-003,RET-066,37,44.08
2025-09-02,SKU-003,RET-095,38,44.08
2025-09-03,SKU-003,RET-054,34,44.08
2025-09-04,SKU-003,RET-098,29,44.08
2025-09-05,SKU-003,RET-088,43,44.08
2025-09-06,SKU-003,RET-002,41,44.08
2025-09-07,SKU-003,RET-074,39,44.08
2025-09-08,SKU-003,RET-073,34,44.08
2025-09-09,SKU-003,RET-045,40,44.08
2025-09-10,SKU-003,RET-034,33,44.08
2025-09-11,SKU-003,RET-006,25,44.08
2025-09-12,SKU-003,RET-039,37,44.08
2025-09-13,SKU-003,RET-051,34,44.08
2025-09-14,SKU-003,RET-086,29,44.08
2025-09-15,SKU-003,RET-039,37,44.08
2025-09-16,SKU-003,RET-091,24,44.08
2025-09-17,SKU-003,RET-096,30,44.08
2025-09-18,SKU-003,RET-065,32,44.08
2025-09-19,SKU-003,RET-022,46,44.08
2025-09-20,SKU-003,RET-060,35,44.08
2025-09-21,SKU-003,RET-095,43,44.08
2025-09-22,SKU-003,RET-069,34,44.08
2025-09-23,SKU-003,RET-042,24,44.08
2025-09-24,SKU-003,RET-037,27,44.08
2025-09-25,SKU-003,RET-015,27,44.08
2025-09-26,SKU-003,RET-040,33,44.08
2025-09-27,SKU-003,RET-057,37,44.08
2025-09-28,SKU-003,RET-097,41,44.08
2025-09-29,SKU-003,RET-092,34,44.08
2025-09-30,SKU-003,RET-053,34,44.08
2025-10-01,SKU-003,RET-002,47,44.08
2025-10-02,SKU-003,RET-052,42,44.08
2025-10-03,SKU-003,RET-034,45,44.08
2025-10-04,SKU-003,RET-094,43,44.08
2025-10-05,SKU-003,RET-030,42,44.08
2025-10-06,SKU-003,RET-100,37,44.08
2025-10-07,SKU-003,RET-003,37,44.08
2025-10-08,SKU-003,RET-025,45,44.08
2025-10-09,SKU-003,RET-052,44,44.08
2025-10-10,SKU-003,RET-046,33,44.08
2025-10-11,SKU-003,RET-066,52,44.08
2025-10-12,SKU-003,RET-016,49,44.08
2025-10-13,SKU-003,RET-062,30,44.08
2025-10-14,SKU-003,RET-021,39,44.08
2025-10-15,SKU-003,RET-046,40,44.08
2025-10-16,SKU-003,RET-087,51,44.08
2025-10-17,SKU-003,RET-013,47,44.08
2025-10-18,SKU-003,RET-094,40,44.08
2025-10-19,SKU-003,RET-095,57,44.08
2025-10-20,SKU-003,RET-071,45,44.08
2025-10-21,SKU-003,RET-076,23,44.08
2025-10-22,SKU-003,RET-079,44,44.08
2025-10-23,SKU-003,RET-067,39,44.08
2025-10-24,SKU-003,RET-032,59,44.08
2025-10-25,SKU-003,RET-078,47,44.08
2025-10-26,SKU-003,RET-056,36,44.08
2025-10-27,SKU-003,RET-083,52,44.08
2025-10-28,SKU-003,RET-059,59,44.08
2025-10-29,SKU-003,RET-094,44,44.08
2025-10-30,SKU-003,RET-006,44,44.08
2025-10-31,SKU-003,RET-029,46,44.08
2025-11-01,SKU-003,RET-055,52,44.08
2025-11-02,SKU-003,RET-064,43,44.08
2025-11-03,SKU-003,RET-025,42,44.08
2025-11-04,SKU-003,RET-083,36,44.08
2025-11-05,SKU-003,RET-029,48,44.08
2025-11-06,SKU-003,RET-087,39,44.08
2025-11-07,SKU-003,RET-001,58,44.08
2025-11-08,SKU-003,RET-067,51,44.08
2025-11-09,SKU-003,RET-092,48,44.08
2025-11-10,SKU-003,RET-093,41,44.08
2025-11-11,SKU-003,RET-032,34,44.08
2025-11-12,SKU-003,RET-085,41,44.08
2025-11-13,SKU-003,RET-057,38,44.08
2025-11-14,SKU-003,RET-081,64,44.08
2025-11-15,SKU-003,RET-031,55,44.08
2025-11-16,SKU-003,RET-062,43,44.08
2025-11-17,SKU-003,RET-023,43,44.08
2025-11-18,SKU-003,RET-051,43,44.08
2025-11-19,SKU-003,RET-066,49,44.08
2025-11-20,SKU-003,RET-081,52,44.08
2025-11-21,SKU-003,RET-079,56,44.08
2025-11-22,SKU-003,RET-074,48,44.08
2025-11-23,SKU-003,RET-017,39,44.08
2025-11-24,SKU-003,RET-095,42,44.08
2025-11-25,SKU-003,RET-055,37,44.08
2025-11-26,SKU-003,RET-004,43,44.08
2025-11-27,SKU-003,RET-003,49,44.08
2025-11-28,SKU-003,RET-039,62,44.08
2025-11-29,SKU-003,RET-032,54,44.08
2025-11-30,SKU-003,RET-023,38,44.08
2025-12-01,SKU-003,RET-031,54,44.08
2025-12-02,SKU-003,RET-025,28,44.08
2025-12-03,SKU-003,RET-053,30,44.08
2025-12-04,SKU-003,RET-100,36,44.08
2025-12-05,SKU-003,RET-043,41,44.08
2025-12-06,SKU-003,RET-017,49,44.08
2025-12-07,SKU-003,RET-052,28,44.08
2025-12-08,SKU-003,RET-090,37,44.08
2025-12-09,SKU-003,RET-080,32,44.08
2025-12-10,SKU-003,RET-019,37,44.08
2025-12-11,SKU-003,RET-031,38,44.08
2025-12-12,SKU-003,RET-085,38,44.08
2025-12-13,SKU-003,RET-018,42,44.08
2025-12-14,SKU-003,RET-021,31,44.08
2025-12-15,SKU-003,RET-011,41,44.08
2025-12-16,SKU-003,RET-009,45,44.08
2025-12-17,SKU-003,RET-044,40,44.08
2025-12-18,SKU-003,RET-066,48,44.08
2025-12-19,SKU-003,RET-060,42,44.08
2025-12-20,SKU-003,RET-095,45,44.08
2025-12-21,SKU-003,RET-022,31,44.08
2025-12-22,SKU-003,RET-089,35,44.08
2025-12-23,SKU-003,RET-053,38,44.08
2025-12-24,SKU-003,RET-014,29,44.08
2025-12-25,SKU-003,RET-032,41,44.08
2025-12-26,SKU-003,RET-022,51,44.08
2025-12-27,SKU-003,RET-046,48,44.08
2025-12-28,SKU-003,RET-039,46,44.08
2025-12-29,SKU-003,RET-053,46,44.08
2025-12-30,SKU-003,RET-063,36,44.08
2025-12-31,SKU-003,RET-046,39,44.08
2026-01-01,SKU-003,RET-060,30,44.08
2026-01-02,SKU-003,RET-080,44,44.08
2026-01-03,SKU-003,RET-019,40,44.08
2026-01-04,SKU-003,RET-042,48,44.08
2026-01-05,SKU-003,RET-004,35,44.08
2026-01-06,SKU-003,RET-076,38,44.08
2026-01-07,SKU-003,RET-029,43,44.08
2026-01-08,SKU-003,RET-025,45,44.08
2026-01-09,SKU-003,RET-022,56,44.08
2026-01-10,SKU-003,RET-055,43,44.08
2026-01-11,SKU-003,RET-047,47,44.08
2026-01-12,SKU-003,RET-050,43,44.08
2026-01-13,SKU-003,RET-028,38,44.08
2026-01-14,SKU-003,RET-055,46,44.08
2026-01-15,SKU-003,RET-044,36,44.08
2026-01-16,SKU-003,RET-059,52,44.08
2026-01-17,SKU-003,RET-007,56,44.08
2026-01-18,SKU-003,RET-032,39,44.08
2026-01-19,SKU-003,RET-082,38,44.08
2026-01-20,SKU-003,RET-096,54,44.08
2026-01-21,SKU-003,RET-044,46,44.08
2026-01-22,SKU-003,RET-022,40,44.08
2026-01-23,SKU-003,RET-032,40,44.08
2026-01-24,SKU-003,RET-066,41,44.08
2026-01-25,SKU-003,RET-056,54,44.08
2026-01-26,SKU-003,RET-002,44,44.08
2026-01-27,SKU-003,RET-003,37,44.08
2026-01-28,SKU-003,RET-015,36,44.08
2026-01-29,SKU-003,RET-041,43,44.08
2026-01-30,SKU-003,RET-032,44,44.08
2026-01-31,SKU-003,RET-055,48,44.08
2026-02-01,SKU-003,RET-050,37,44.08
2026-02-02,SKU-003,RET-095,33,44.08
2026-02-03,SKU-003,RET-055,45,44.08
2026-02-04,SKU-003,RET-099,37,44.08
2026-02-05,SKU-003,RET-044,41,44.08
2026-02-06,SKU-003,RET-094,50,44.08
2026-02-07,SKU-003,RET-041,74,44.08
2026-02-08,SKU-003,RET-093,45,44.08
2026-02-09,SKU-003,RET-016,35,44.08
2026-02-10,SKU-003,RET-068,43,44.08
2026-02-11,SKU-003,RET-088,38,44.08
2026-02-12,SKU-003,RET-004,47,44.08
2026-02-13,SKU-003,RET-042,55,44.08
2026-02-14,SKU-003,RET-059,51,44.08
2026-02-15,SKU-003,RET-092,46,44.08
2026-02-16,SKU-003,RET-057,53,44.08
2026-02-17,SKU-003,RET-072,43,44.08
2026-02-18,SKU-003,RET-009,39,44.08
2026-02-19,SKU-003,RET-067,51,44.08
2026-02-20,SKU-003,RET-029,52,44.08
2026-02-21,SKU-003,RET-010,64,44.08
2026-02-22,SKU-003,RET-078,45,44.08
2026-02-23,SKU-003,RET-033,37,44.08
2026-02-24,SKU-003,RET-025,56,44.08
2026-02-25,SKU-003,RET-075,65,44.08
2026-02-26,SKU-003,RET-060,40,44.08
2026-02-27,SKU-003,RET-016,51,44.08
2026-02-28,SKU-003,RET-058,47,44.08
2026-03-01,SKU-003,RET-027,48,44.08
2026-03-02,SKU-003,RET-094,45,44.08
2026-03-03,SKU-003,RET-022,48,44.08
2026-03-04,SKU-003,RET-072,54,44.08
2026-03-05,SKU-003,RET-072,41,44.08
2026-03-06,SKU-003,RET-061,41,44.08
2026-03-07,SKU-003,RET-094,40,44.08
2026-03-08,SKU-003,RET-017,47,44.08
2026-03-09,SKU-003,RET-092,53,44.08
2026-03-10,SKU-003,RET-055,47,44.08
2026-03-11,SKU-003,RET-086,49,44.08
2026-03-12,SKU-003,RET-098,35,44.08
2026-03-13,SKU-003,RET-029,58,44.08
2026-03-14,SKU-003,RET-075,43,44.08
2026-03-15,SKU-003,RET-034,47,44.08
2026-03-16,SKU-003,RET-008,51,44.08
2026-03-17,SKU-003,RET-045,55,44.08
2026-03-18,SKU-003,RET-070,41,44.08
2026-03-19,SKU-003,RET-059,61,44.08
2026-03-20,SKU-003,RET-033,50,44.08
2026-03-21,SKU-003,RET-012,62,44.08
2026-03-22,SKU-003,RET-058,42,44.08
2026-03-23,SKU-003,RET-001,41,44.08
2026-03-24,SKU-003,RET-061,43,44.08
2026-03-25,SKU-003,RET-039,33,44.08
2026-03-26,SKU-003,RET-024,48,44.08
2026-03-27,SKU-003,RET-090,48,44.08
2026-03-28,SKU-003,RET-038,69,44.08
2026-03-29,SKU-003,RET-022,45,44.08
2026-03-30,SKU-003,RET-098,45,44.08
2026-03-31,SKU-003,RET-021,57,44.08
2026-04-01,SKU-003,RET-089,35,44.08
2026-04-02,SKU-003,RET-087,52,44.08
2026-04-03,SKU-003,RET-050,59,44.08
2026-04-04,SKU-003,RET-024,49,44.08
2026-04-05,SKU-003,RET-060,45,44.08
2026-04-06,SKU-003,RET-008,55,44.08
2026-04-07,SKU-003,RET-045,44,44.08
2026-04-08,SKU-003,RET-032,51,44.08
2026-04-09,SKU-003,RET-002,57,44.08
2026-04-10,SKU-003,RET-078,58,44.08
2026-04-11,SKU-003,RET-027,49,44.08
2026-04-12,SKU-003,RET-082,49,44.08
2026-04-13,SKU-003,RET-077,42,44.08
2026-04-14,SKU-003,RET-080,45,44.08
2026-04-15,SKU-003,RET-092,45,44.08
2026-04-16,SKU-003,RET-062,34,44.08
2026-04-17,SKU-003,RET-026,62,44.08
2026-04-18,SKU-003,RET-072,60,44.08
2026-04-19,SKU-003,RET-065,41,44.08
2026-04-20,SKU-003,RET-001,50,44.08
2026-04-21,SKU-003,RET-046,48,44.08
2026-04-22,SKU-003,RET-100,49,44.08
2026-04-23,SKU-003,RET-028,38,44.08
2026-04-24,SKU-003,RET-007,52,44.08
2026-04-25,SKU-003,RET-020,48,44.08
2026-04-26,SKU-003,RET-074,36,44.08
2026-04-27,SKU-003,RET-095,44,44.08
2026-04-28,SKU-003,RET-028,35,44.08
2026-04-29,SKU-003,RET-073,43,44.08
2026-04-30,SKU-003,RET-007,48,44.08
2026-05-01,SKU-003,RET-072,64,44.08
2026-05-02,SKU-003,RET-040,52,44.08
2026-05-03,SKU-003,RET-019,41,44.08
2026-05-04,SKU-003,RET-006,63,44.08
2026-05-05,SKU-003,RET-072,47,44.08
2026-05-06,SKU-003,RET-055,34,44.08
2026-05-07,SKU-003,RET-008,48,44.08
2026-05-08,SKU-003,RET-004,51,44.08
2026-05-09,SKU-003,RET-051,69,44.08
2026-05-10,SKU-003,RET-003,44,44.08
2026-05-11,SKU-003,RET-006,33,44.08
2026-05-12,SKU-003,RET-058,53,44.08
2026-05-13,SKU-003,RET-029,38,44.08
2026-05-14,SKU-003,RET-022,45,44.08
2026-05-15,SKU-003,RET-065,51,44.08
2026-05-16,SKU-003,RET-057,42,44.08
2026-05-17,SKU-003,RET-094,55,44.08
2026-05-18,SKU-003,RET-009,56,44.08
2026-05-19,SKU-003,RET-001,31,44.08
2026-05-20,SKU-003,RET-018,33,44.08
2026-05-21,SKU-003,RET-071,50,44.08
2026-05-22,SKU-003,RET-026,44,44.08
2026-05-23,SKU-003,RET-036,49,44.08
2026-05-24,SKU-003,RET-029,50,44.08
2026-05-25,SKU-003,RET-070,35,44.08
2026-05-26,SKU-003,RET-030,47,44.08
2026-05-27,SKU-003,RET-065,43,44.08
2026-05-28,SKU-003,RET-037,33,44.08
2026-05-29,SKU-003,RET-010,44,44.08
2026-05-30,SKU-003,RET-025,69,44.08
2026-05-31,SKU-003,RET-036,39,44.08
2026-06-01,SKU-003,RET-079,44,44.08
2026-06-02,SKU-003,RET-030,33,44.08
2026-06-03,SKU-003,RET-062,39,44.08
2026-06-04,SKU-003,RET-088,43,44.08
2026-06-05,SKU-003,RET-028,51,44.08
2026-06-06,SKU-003,RET-081,40,44.08
2026-06-07,SKU-003,RET-001,43,44.08
2026-06-08,SKU-003,RET-008,46,44.08
2026-06-09,SKU-003,RET-007,41,44.08
2026-06-10,SKU-003,RET-023,35,44.08
2026-06-11,SKU-003,RET-094,56,44.08
2026-06-12,SKU-003,RET-096,52,44.08
2026-06-13,SKU-003,RET-056,55,44.08
2026-06-14,SKU-003,RET-082,41,44.08
2026-06-15,SKU-003,RET-064,37,44.08
2026-06-16,SKU-003,RET-067,31,44.08
2026-06-17,SKU-003,RET-014,43,44.08
2026-06-18,SKU-003,RET-043,30,44.08
2026-06-19,SKU-003,RET-073,46,44.08
2026-06-20,SKU-003,RET-058,49,44.08
2026-06-21,SKU-003,RET-014,40,44.08
2026-06-22,SKU-003,RET-003,53,44.08
2026-06-23,SKU-003,RET-093,44,44.08
2026-06-24,SKU-003,RET-007,52,44.08
2026-06-25,SKU-003,RET-049,42,44.08
2026-06-26,SKU-003,RET-007,53,44.08
2026-06-27,SKU-003,RET-033,37,44.08
2026-06-28,SKU-003,RET-002,38,44.08
2026-06-29,SKU-003,RET-021,45,44.08
2026-06-30,SKU-003,RET-085,37,44.08
2026-07-01,SKU-003,RET-007,39,44.08
2026-07-02,SKU-003,RET-095,34,44.08
2026-07-03,SKU-003,RET-019,42,44.08
2026-07-04,SKU-003,RET-036,48,44.08
2026-07-05,SKU-003,RET-019,35,44.08
2026-07-06,SKU-003,RET-035,45,44.08
2026-07-07,SKU-003,RET-046,29,44.08
2026-07-08,SKU-003,RET-068,44,44.08
2026-07-09,SKU-003,RET-090,43,44.08
2026-07-10,SKU-003,RET-004,37,44.08
2026-07-11,SKU-003,RET-030,43,44.08
2026-07-12,SKU-003,RET-036,39,44.08
2026-07-13,SKU-003,RET-087,41,44.08
2026-07-14,SKU-003,RET-032,35,44.08
2026-07-15,SKU-003,RET-069,39,44.08
2026-07-16,SKU-003,RET-034,41,44.08
2026-07-17,SKU-003,RET-001,37,44.08
2026-07-18,SKU-003,RET-090,37,44.08
2026-07-19,SKU-003,RET-066,35,44.08
2026-07-20,SKU-003,RET-092,36,44.08
2026-07-21,SKU-003,RET-049,33,44.08
2026-07-22,SKU-003,RET-093,37,44.08
2026-07-23,SKU-003,RET-094,40,44.08
2026-07-24,SKU-003,RET-095,43,44.08
2026-07-25,SKU-003,RET-025,36,44.08
2026-07-26,SKU-003,RET-098,47,44.08
2026-07-27,SKU-003,RET-048,27,44.08
2026-07-28,SKU-003,RET-065,25,44.08
2026-07-29,SKU-003,RET-005,36,44.08
2026-07-30,SKU-003,RET-088,42,44.08
2026-07-31,SKU-003,RET-073,38,44.08
2026-08-01,SKU-003,RET-011,46,44.08
2026-08-02,SKU-003,RET-048,35,44.08
2026-08-03,SKU-003,RET-030,30,44.08
2026-08-04,SKU-003,RET-007,41,44.08
2026-08-05,SKU-003,RET-086,42,44.08
2026-08-06,SKU-003,RET-035,38,44.08
2026-08-07,SKU-003,RET-016,43,44.08
2026-08-08,SKU-003,RET-018,49,44.08
2026-08-09,SKU-003,RET-056,24,44.08
2026-08-10,SKU-003,RET-045,31,44.08
2026-08-11,SKU-003,RET-001,36,44.08
2026-08-12,SKU-003,RET-089,28,44.08
2026-08-13,SKU-003,RET-037,42,44.08
2026-08-14,SKU-003,RET-027,45,44.08
2026-08-15,SKU-003,RET-033,48,44.08
2026-08-16,SKU-003,RET-004,35,44.08
2026-08-17,SKU-003,RET-004,45,44.08
2026-08-18,SKU-003,RET-035,33,44.08
2026-08-19,SKU-003,RET-001,30,44.08
2026-08-20,SKU-003,RET-039,39,44.08
2026-08-21,SKU-003,RET-031,40,44.08
2026-08-22,SKU-003,RET-038,42,44.08
2026-08-23,SKU-003,RET-056,32,44.08
2026-08-24,SKU-003,RET-035,34,44.08
2026-08-25,SKU-003,RET-071,40,44.08
2025-08-26,SKU-004,RET-031,29,108.32
2025-08-27,SKU-004,RET-075,20,108.32
2025-08-28,SKU-004,RET-096,26,108.32
2025-08-29,SKU-004,RET-086,33,108.32
2025-08-30,SKU-004,RET-075,36,108.32
2025-08-31,SKU-004,RET-076,23,108.32
2025-09-01,SKU-004,RET-039,24,108.32
2025-09-02,SKU-004,RET-001,27,108.32
2025-09-03,SKU-004,RET-043,26,108.32
2025-09-04,SKU-004,RET-081,28,108.32
2025-09-05,SKU-004,RET-092,40,108.32
2025-09-06,SKU-004,RET-061,24,108.32
2025-09-07,SKU-004,RET-061,29,108.32
2025-09-08,SKU-004,RET-087,17,108.32
2025-09-09,SKU-004,RET-068,25,108.32
2025-09-10,SKU-004,RET-011,19,108.32
2025-09-11,SKU-004,RET-098,24,108.32
2025-09-12,SKU-004,RET-002,30,108.32
2025-09-13,SKU-004,RET-061,33,108.32
2025-09-14,SKU-004,RET-023,26,108.32
2025-09-15,SKU-004,RET-045,25,108.32
2025-09-16,SKU-004,RET-023,22,108.32
2025-09-17,SKU-004,RET-029,31,108.32
2025-09-18,SKU-004,RET-035,25,108.32
2025-09-19,SKU-004,RET-054,35,108.32
2025-09-20,SKU-004,RET-093,32,108.32
2025-09-21,SKU-004,RET-008,28,108.32
2025-09-22,SKU-004,RET-091,24,108.32
2025-09-23,SKU-004,RET-100,21,108.32
2025-09-24,SKU-004,RET-015,21,108.32
2025-09-25,SKU-004,RET-015,22,108.32
2025-09-26,SKU-004,RET-083,26,108.32
2025-09-27,SKU-004,RET-063,20,108.32
2025-09-28,SKU-004,RET-080,23,108.32
2025-09-29,SKU-004,RET-075,23,108.32
2025-09-30,SKU-004,RET-078,21,108.32
2025-10-01,SKU-004,RET-047,29,108.32
2025-10-02,SKU-004,RET-009,44,108.32
2025-10-03,SKU-004,RET-001,35,108.32
2025-10-04,SKU-004,RET-051,34,108.32
2025-10-05,SKU-004,RET-040,27,108.32
2025-10-06,SKU-004,RET-033,34,108.32
2025-10-07,SKU-004,RET-045,33,108.32
2025-10-08,SKU-004,RET-037,25,108.32
2025-10-09,SKU-004,RET-015,28,108.32
2025-10-10,SKU-004,RET-084,42,108.32
2025-10-11,SKU-004,RET-092,48,108.32
2025-10-12,SKU-004,RET-065,26,108.32
2025-10-13,SKU-004,RET-031,30,108.32
2025-10-14,SKU-004,RET-007,38,108.32
2025-10-15,SKU-004,RET-065,38,108.32
2025-10-16,SKU-004,RET-028,26,108.32
2025-10-17,SKU-004,RET-024,44,108.32
2025-10-18,SKU-004,RET-039,34,108.32
2025-10-19,SKU-004,RET-092,28,108.32
2025-10-20,SKU-004,RET-031,27,108.32
2025-10-21,SKU-004,RET-089,22,108.32
2025-10-22,SKU-004,RET-042,40,108.32
2025-10-23,SKU-004,RET-040,40,108.32
2025-10-24,SKU-004,RET-025,38,108.32
2025-10-25,SKU-004,RET-011,31,108.32
2025-10-26,SKU-004,RET-058,30,108.32
2025-10-27,SKU-004,RET-093,29,108.32
2025-10-28,SKU-004,RET-080,40,108.32
2025-10-29,SKU-004,RET-088,34,108.32
2025-10-30,SKU-004,RET-006,37,108.32
2025-10-31,SKU-004,RET-010,38,108.32
2025-11-01,SKU-004,RET-019,30,108.32
2025-11-02,SKU-004,RET-036,46,108.32
2025-11-03,SKU-004,RET-039,23,108.32
2025-11-04,SKU-004,RET-029,37,108.32
2025-11-05,SKU-004,RET-030,20,108.32
2025-11-06,SKU-004,RET-009,32,108.32
2025-11-07,SKU-004,RET-025,41,108.32
2025-11-08,SKU-004,RET-067,27,108.32
2025-11-09,SKU-004,RET-034,36,108.32
2025-11-10,SKU-004,RET-042,39,108.32
2025-11-11,SKU-004,RET-081,44,108.32
2025-11-12,SKU-004,RET-068,35,108.32
2025-11-13,SKU-004,RET-086,32,108.32
2025-11-14,SKU-004,RET-011,36,108.32
2025-11-15,SKU-004,RET-076,42,108.32
2025-11-16,SKU-004,RET-096,29,108.32
2025-11-17,SKU-004,RET-080,32,108.32
2025-11-18,SKU-004,RET-081,28,108.32
2025-11-19,SKU-004,RET-052,24,108.32
2025-11-20,SKU-004,RET-077,29,108.32
2025-11-21,SKU-004,RET-031,35,108.32
2025-11-22,SKU-004,RET-016,41,108.32
2025-11-23,SKU-004,RET-076,33,108.32
2025-11-24,SKU-004,RET-002,30,108.32
2025-11-25,SKU-004,RET-093,31,108.32
2025-11-26,SKU-004,RET-043,29,108.32
2025-11-27,SKU-004,RET-080,34,108.32
2025-11-28,SKU-004,RET-066,45,108.32
2025-11-29,SKU-004,RET-094,42,108.32
2025-11-30,SKU-004,RET-011,24,108.32
2025-12-01,SKU-004,RET-097,37,108.32
2025-12-02,SKU-004,RET-020,27,108.32
2025-12-03,SKU-004,RET-097,20,108.32
2025-12-04,SKU-004,RET-069,30,108.32
2025-12-05,SKU-004,RET-033,34,108.32
2025-12-06,SKU-004,RET-065,36,108.32
2025-12-07,SKU-004,RET-042,24,108.32
2025-12-08,SKU-004,RET-051,23,108.32
2025-12-09,SKU-004,RET-018,30,108.32
2025-12-10,SKU-004,RET-094,38,108.32
2025-12-11,SKU-004,RET-057,21,108.32
2025-12-12,SKU-004,RET-032,23,108.32
2025-12-13,SKU-004,RET-040,33,108.32
2025-12-14,SKU-004,RET-064,31,108.32
2025-12-15,SKU-004,RET-077,30,108.32
2025-12-16,SKU-004,RET-013,29,108.32
2025-12-17,SKU-004,RET-033,39,108.32
2025-12-18,SKU-004,RET-079,28,108.32
2025-12-19,SKU-004,RET-042,34,108.32
2025-12-20,SKU-004,RET-099,34,108.32
2025-12-21,SKU-004,RET-004,34,108.32
2025-12-22,SKU-004,RET-052,32,108.32
2025-12-23,SKU-004,RET-066,29,108.32
2025-12-24,SKU-004,RET-008,32,108.32
2025-12-25,SKU-004,RET-029,28,108.32
2025-12-26,SKU-004,RET-045,33,108.32
2025-12-27,SKU-004,RET-061,30,108.32
2025-12-28,SKU-004,RET-044,28,108.32
2025-12-29,SKU-004,RET-009,29,108.32
2025-12-30,SKU-004,RET-023,32,108.32
2025-12-31,SKU-004,RET-095,27,108.32
2026-01-01,SKU-004,RET-067,26,108.32
2026-01-02,SKU-004,RET-047,34,108.32
2026-01-03,SKU-004,RET-059,28,108.32
2026-01-04,SKU-004,RET-100,29,108.32
2026-01-05,SKU-004,RET-082,43,108.32
2026-01-06,SKU-004,RET-042,34,108.32
2026-01-07,SKU-004,RET-058,49,108.32
2026-01-08,SKU-004,RET-099,26,108.32
2026-01-09,SKU-004,RET-072,40,108.32
2026-01-10,SKU-004,RET-053,48,108.32
2026-01-11,SKU-004,RET-088,27,108.32
2026-01-12,SKU-004,RET-014,25,108.32
2026-01-13,SKU-004,RET-024,36,108.32
2026-01-14,SKU-004,RET-054,29,108.32
2026-01-15,SKU-004,RET-016,32,108.32
2026-01-16,SKU-004,RET-052,38,108.32
2026-01-17,SKU-004,RET-018,36,108.32
2026-01-18,SKU-004,RET-031,32,108.32
2026-01-19,SKU-004,RET-049,34,108.32
2026-01-20,SKU-004,RET-022,39,108.32
2026-01-21,SKU-004,RET-032,41,108.32
2026-01-22,SKU-004,RET-057,32,108.32
2026-01-23,SKU-004,RET-024,39,108.32
2026-01-24,SKU-004,RET-052,34,108.32
2026-01-25,SKU-004,RET-080,34,108.32
2026-01-26,SKU-004,RET-010,22,108.32
2026-01-27,SKU-004,RET-084,26,108.32
2026-01-28,SKU-004,RET-018,40,108.32
2026-01-29,SKU-004,RET-034,29,108.32
2026-01-30,SKU-004,RET-096,53,108.32
2026-01-31,SKU-004,RET-021,28,108.32
2026-02-01,SKU-004,RET-099,45,108.32
2026-02-02,SKU-004,RET-053,31,108.32
2026-02-03,SKU-004,RET-013,36,108.32
2026-02-04,SKU-004,RET-043,30,108.32
2026-02-05,SKU-004,RET-050,26,108.32
2026-02-06,SKU-004,RET-072,32,108.32
2026-02-07,SKU-004,RET-020,29,108.32
2026-02-08,SKU-004,RET-069,21,108.32
2026-02-09,SKU-004,RET-050,36,108.32
2026-02-10,SKU-004,RET-021,32,108.32
2026-02-11,SKU-004,RET-024,31,108.32
2026-02-12,SKU-004,RET-007,28,108.32
2026-02-13,SKU-004,RET-100,39,108.32
2026-02-14,SKU-004,RET-025,37,108.32
2026-02-15,SKU-004,RET-002,24,108.32
2026-02-16,SKU-004,RET-065,31,108.32
2026-02-17,SKU-004,RET-072,31,108.32
2026-02-18,SKU-004,RET-057,29,108.32
2026-02-19,SKU-004,RET-019,34,108.32
2026-02-20,SKU-004,RET-029,34,108.32
2026-02-21,SKU-004,RET-027,42,108.32
2026-02-22,SKU-004,RET-033,33,108.32
2026-02-23,SKU-004,RET-073,29,108.32
2026-02-24,SKU-004,RET-074,31,108.32
2026-02-25,SKU-004,RET-080,47,108.32
2026-02-26,SKU-004,RET-065,37,108.32
2026-02-27,SKU-004,RET-091,42,108.32
2026-02-28,SKU-004,RET-082,44,108.32
2026-03-01,SKU-004,RET-013,32,108.32
2026-03-02,SKU-004,RET-005,41,108.32
2026-03-03,SKU-004,RET-083,33,108.32
2026-03-04,SKU-004,RET-067,34,108.32
2026-03-05,SKU-004,RET-025,30,108.32
2026-03-06,SKU-004,RET-050,45,108.32
2026-03-07,SKU-004,RET-045,40,108.32
2026-03-08,SKU-004,RET-021,28,108.32
2026-03-09,SKU-004,RET-012,40,108.32
2026-03-10,SKU-004,RET-041,28,108.32
2026-03-11,SKU-004,RET-065,33,108.32
2026-03-12,SKU-004,RET-006,37,108.32
2026-03-13,SKU-004,RET-016,41,108.32
2026-03-14,SKU-004,RET-011,38,108.32
2026-03-15,SKU-004,RET-031,35,108.32
2026-03-16,SKU-004,RET-016,35,108.32
2026-03-17,SKU-004,RET-008,28,108.32
2026-03-18,SKU-004,RET-021,29,108.32
2026-03-19,SKU-004,RET-033,36,108.32
2026-03-20,SKU-004,RET-044,46,108.32
2026-03-21,SKU-004,RET-030,46,108.32
2026-03-22,SKU-004,RET-006,26,108.32
2026-03-23,SKU-004,RET-073,45,108.32
2026-03-24,SKU-004,RET-090,32,108.32
2026-03-25,SKU-004,RET-078,35,108.32
2026-03-26,SKU-004,RET-036,31,108.32
2026-03-27,SKU-004,RET-087,39,108.32
2026-03-28,SKU-004,RET-043,52,108.32
2026-03-29,SKU-004,RET-100,28,108.32
2026-03-30,SKU-004,RET-052,35,108.32
2026-03-31,SKU-004,RET-091,39,108.32
2026-04-01,SKU-004,RET-015,34,108.32
2026-04-02,SKU-004,RET-051,42,108.32
2026-04-03,SKU-004,RET-001,49,108.32
2026-04-04,SKU-004,RET-053,42,108.32
2026-04-05,SKU-004,RET-099,34,108.32
2026-04-06,SKU-004,RET-025,36,108.32
2026-04-07,SKU-004,RET-006,34,108.32
2026-04-08,SKU-004,RET-001,44,108.32
2026-04-09,SKU-004,RET-067,34,108.32
2026-04-10,SKU-004,RET-053,38,108.32
2026-04-11,SKU-004,RET-004,41,108.32
2026-04-12,SKU-004,RET-025,36,108.32
2026-04-13,SKU-004,RET-035,40,108.32
2026-04-14,SKU-004,RET-062,44,108.32
2026-04-15,SKU-004,RET-035,27,108.32
2026-04-16,SKU-004,RET-049,45,108.32
2026-04-17,SKU-004,RET-017,33,108.32
2026-04-18,SKU-004,RET-007,42,108.32
2026-04-19,SKU-004,RET-061,39,108.32
2026-04-20,SKU-004,RET-084,31,108.32
2026-04-21,SKU-004,RET-069,28,108.32
2026-04-22,SKU-004,RET-021,41,108.32
2026-04-23,SKU-004,RET-092,37,108.32
2026-04-24,SKU-004,RET-076,36,108.32
2026-04-25,SKU-004,RET-077,41,108.32
2026-04-26,SKU-004,RET-070,32,108.32
2026-04-27,SKU-004,RET-009,26,108.32
2026-04-28,SKU-004,RET-019,38,108.32
2026-04-29,SKU-004,RET-075,28,108.32
2026-04-30,SKU-004,RET-034,27,108.32
2026-05-01,SKU-004,RET-089,51,108.32
2026-05-02,SKU-004,RET-018,43,108.32
2026-05-03,SKU-004,RET-047,55,108.32
2026-05-04,SKU-004,RET-074,39,108.32
2026-05-05,SKU-004,RET-081,28,108.32
2026-05-06,SKU-004,RET-087,35,108.32
2026-05-07,SKU-004,RET-014,39,108.32
2026-05-08,SKU-004,RET-048,42,108.32
2026-05-09,SKU-004,RET-032,37,108.32
2026-05-10,SKU-004,RET-003,28,108.32
2026-05-11,SKU-004,RET-016,31,108.32
2026-05-12,SKU-004,RET-019,34,108.32
2026-05-13,SKU-004,RET-057,23,108.32
2026-05-14,SKU-004,RET-047,48,108.32
2026-05-15,SKU-004,RET-093,37,108.32
2026-05-16,SKU-004,RET-069,41,108.32
2026-05-17,SKU-004,RET-003,39,108.32
2026-05-18,SKU-004,RET-076,28,108.32
2026-05-19,SKU-004,RET-090,32,108.32
2026-05-20,SKU-004,RET-029,37,108.32
2026-05-21,SKU-004,RET-079,31,108.32
2026-05-22,SKU-004,RET-013,50,108.32
2026-05-23,SKU-004,RET-058,51,108.32
2026-05-24,SKU-004,RET-100,35,108.32
2026-05-25,SKU-004,RET-077,22,108.32
2026-05-26,SKU-004,RET-059,39,108.32
2026-05-27,SKU-004,RET-100,32,108.32
2026-05-28,SKU-004,RET-054,36,108.32
2026-05-29,SKU-004,RET-021,37,108.32
2026-05-30,SKU-004,RET-013,41,108.32
2026-05-31,SKU-004,RET-003,44,108.32
2026-06-01,SKU-004,RET-053,38,108.32
2026-06-02,SKU-004,RET-045,38,108.32
2026-06-03,SKU-004,RET-062,43,108.32
2026-06-04,SKU-004,RET-059,39,108.32
2026-06-05,SKU-004,RET-083,40,108.32
2026-06-06,SKU-004,RET-090,26,108.32
2026-06-07,SKU-004,RET-056,21,108.32
2026-06-08,SKU-004,RET-026,38,108.32
2026-06-09,SKU-004,RET-002,37,108.32
2026-06-10,SKU-004,RET-009,24,108.32
2026-06-11,SKU-004,RET-024,32,108.32
2026-06-12,SKU-004,RET-070,32,108.32
2026-06-13,SKU-004,RET-066,35,108.32
2026-06-14,SKU-004,RET-076,35,108.32
2026-06-15,SKU-004,RET-055,35,108.32
2026-06-16,SKU-004,RET-044,31,108.32
2026-06-17,SKU-004,RET-015,30,108.32
2026-06-18,SKU-004,RET-009,23,108.32
2026-06-19,SKU-004,RET-017,39,108.32
2026-06-20,SKU-004,RET-073,42,108.32
2026-06-21,SKU-004,RET-090,28,108.32
2026-06-22,SKU-004,RET-052,30,108.32
2026-06-23,SKU-004,RET-092,27,108.32
2026-06-24,SKU-004,RET-054,34,108.32
2026-06-25,SKU-004,RET-021,35,108.32
2026-06-26,SKU-004,RET-055,40,108.32
2026-06-27,SKU-004,RET-044,30,108.32
2026-06-28,SKU-004,RET-069,24,108.32
2026-06-29,SKU-004,RET-080,34,108.32
2026-06-30,SKU-004,RET-091,26,108.32
2026-07-01,SKU-004,RET-060,39,108.32
2026-07-02,SKU-004,RET-050,37,108.32
2026-07-03,SKU-004,RET-038,29,108.32
2026-07-04,SKU-004,RET-094,41,108.32
2026-07-05,SKU-004,RET-002,26,108.32
2026-07-06,SKU-004,RET-036,31,108.32
2026-07-07,SKU-004,RET-060,27,108.32
2026-07-08,SKU-004,RET-029,22,108.32
2026-07-09,SKU-004,RET-003,26,108.32
2026-07-10,SKU-004,RET-075,42,108.32
2026-07-11,SKU-004,RET-058,36,108.32
2026-07-12,SKU-004,RET-035,24,108.32
2026-07-13,SKU-004,RET-031,15,108.32
2026-07-14,SKU-004,RET-069,21,108.32
2026-07-15,SKU-004,RET-039,28,108.32
2026-07-16,SKU-004,RET-024,31,108.32
2026-07-17,SKU-004,RET-034,27,108.32
2026-07-18,SKU-004,RET-036,33,108.32
2026-07-19,SKU-004,RET-033,44,108.32
2026-07-20,SKU-004,RET-037,22,108.32
2026-07-21,SKU-004,RET-066,36,108.32
2026-07-22,SKU-004,RET-094,30,108.32
2026-07-23,SKU-004,RET-050,30,108.32
2026-07-24,SKU-004,RET-043,29,108.32
2026-07-25,SKU-004,RET-098,33,108.32
2026-07-26,SKU-004,RET-040,32,108.32
2026-07-27,SKU-004,RET-087,24,108.32
2026-07-28,SKU-004,RET-077,20,108.32
2026-07-29,SKU-004,RET-054,28,108.32
2026-07-30,SKU-004,RET-100,23,108.32
2026-07-31,SKU-004,RET-048,33,108.32
2026-08-01,SKU-004,RET-068,38,108.32
2026-08-02,SKU-004,RET-046,29,108.32
2026-08-03,SKU-004,RET-080,20,108.32
2026-08-04,SKU-004,RET-042,21,108.32
2026-08-05,SKU-004,RET-078,24,108.32
2026-08-06,SKU-004,RET-052,34,108.32
2026-08-07,SKU-004,RET-065,24,108.32
2026-08-08,SKU-004,RET-044,29,108.32
2026-08-09,SKU-004,RET-055,22,108.32
2026-08-10,SKU-004,RET-042,30,108.32
2026-08-11,SKU-004,RET-084,30,108.32
2026-08-12,SKU-004,RET-024,27,108.32
2026-08-13,SKU-004,RET-086,23,108.32
2026-08-14,SKU-004,RET-049,32,108.32
2026-08-15,SKU-004,RET-093,25,108.32
2026-08-16,SKU-004,RET-005,26,108.32
2026-08-17,SKU-004,RET-047,22,108.32
2026-08-18,SKU-004,RET-029,22,108.32
2026-08-19,SKU-004,RET-040,30,108.32
2026-08-20,SKU-004,RET-003,21,108.32
2026-08-21,SKU-004,RET-057,37,108.32
2026-08-22,SKU-004,RET-067,36,108.32
2026-08-23,SKU-004,RET-051,26,108.32
2026-08-24,SKU-004,RET-031,32,108.32
2026-08-25,SKU-004,RET-085,23,108.32
2025-08-26,SKU-005,RET-020,20,197.24
2025-08-27,SKU-005,RET-067,19,197.24
2025-08-28,SKU-005,RET-080,32,197.24
2025-08-29,SKU-005,RET-008,35,197.24
2025-08-30,SKU-005,RET-065,44,197.24
2025-08-31,SKU-005,RET-004,29,197.24
2025-09-01,SKU-005,RET-021,28,197.24
2025-09-02,SKU-005,RET-046,26,197.24
2025-09-03,SKU-005,RET-063,31,197.24
2025-09-04,SKU-005,RET-090,26,197.24
2025-09-05,SKU-005,RET-022,42,197.24
2025-09-06,SKU-005,RET-081,38,197.24
2025-09-07,SKU-005,RET-033,25,197.24
2025-09-08,SKU-005,RET-065,29,197.24
2025-09-09,SKU-005,RET-052,21,197.24
2025-09-10,SKU-005,RET-048,35,197.24
2025-09-11,SKU-005,RET-020,24,197.24
2025-09-12,SKU-005,RET-054,34,197.24
2025-09-13,SKU-005,RET-028,37,197.24
2025-09-14,SKU-005,RET-018,26,197.24
2025-09-15,SKU-005,RET-018,23,197.24
2025-09-16,SKU-005,RET-085,23,197.24
2025-09-17,SKU-005,RET-047,34,197.24
2025-09-18,SKU-005,RET-067,21,197.24
2025-09-19,SKU-005,RET-042,26,197.24
2025-09-20,SKU-005,RET-083,27,197.24
2025-09-21,SKU-005,RET-092,27,197.24
2025-09-22,SKU-005,RET-065,29,197.24
2025-09-23,SKU-005,RET-082,25,197.24
2025-09-24,SKU-005,RET-045,24,197.24
2025-09-25,SKU-005,RET-031,30,197.24
2025-09-26,SKU-005,RET-071,26,197.24
2025-09-27,SKU-005,RET-008,31,197.24
2025-09-28,SKU-005,RET-078,27,197.24
2025-09-29,SKU-005,RET-073,27,197.24
2025-09-30,SKU-005,RET-042,26,197.24
2025-10-01,SKU-005,RET-041,36,197.24
2025-10-02,SKU-005,RET-088,35,197.24
2025-10-03,SKU-005,RET-038,36,197.24
2025-10-04,SKU-005,RET-044,33,197.24
2025-10-05,SKU-005,RET-017,34,197.24
2025-10-06,SKU-005,RET-044,32,197.24
2025-10-07,SKU-005,RET-091,38,197.24
2025-10-08,SKU-005,RET-006,34,197.24
2025-10-09,SKU-005,RET-051,29,197.24
2025-10-10,SKU-005,RET-097,45,197.24
2025-10-11,SKU-005,RET-062,32,197.24
2025-10-12,SKU-005,RET-006,43,197.24
2025-10-13,SKU-005,RET-061,35,197.24
2025-10-14,SKU-005,RET-064,47,197.24
2025-10-15,SKU-005,RET-024,46,197.24
2025-10-16,SKU-005,RET-035,40,197.24
2025-10-17,SKU-005,RET-014,48,197.24
2025-10-18,SKU-005,RET-037,39,197.24
2025-10-19,SKU-005,RET-029,26,197.24
2025-10-20,SKU-005,RET-040,36,197.24
2025-10-21,SKU-005,RET-087,28,197.24
2025-10-22,SKU-005,RET-020,37,197.24
2025-10-23,SKU-005,RET-049,48,197.24
2025-10-24,SKU-005,RET-049,45,197.24
2025-10-25,SKU-005,RET-093,45,197.24
2025-10-26,SKU-005,RET-009,33,197.24
2025-10-27,SKU-005,RET-057,31,197.24
2025-10-28,SKU-005,RET-065,40,197.24
2025-10-29,SKU-005,RET-001,36,197.24
2025-10-30,SKU-005,RET-047,26,197.24
2025-10-31,SKU-005,RET-009,41,197.24
2025-11-01,SKU-005,RET-040,57,197.24
2025-11-02,SKU-005,RET-097,45,197.24
2025-11-03,SKU-005,RET-014,42,197.24
2025-11-04,SKU-005,RET-069,37,197.24
2025-11-05,SKU-005,RET-100,34,197.24
2025-11-06,SKU-005,RET-019,37,197.24
2025-11-07,SKU-005,RET-016,51,197.24
2025-11-08,SKU-005,RET-021,30,197.24
2025-11-09,SKU-005,RET-008,44,197.24
2025-11-10,SKU-005,RET-041,40,197.24
2025-11-11,SKU-005,RET-021,39,197.24
2025-11-12,SKU-005,RET-069,38,197.24
2025-11-13,SKU-005,RET-023,37,197.24
2025-11-14,SKU-005,RET-024,47,197.24
2025-11-15,SKU-005,RET-045,48,197.24
2025-11-16,SKU-005,RET-028,41,197.24
2025-11-17,SKU-005,RET-084,37,197.24
2025-11-18,SKU-005,RET-018,37,197.24
2025-11-19,SKU-005,RET-010,48,197.24
2025-11-20,SKU-005,RET-030,42,197.24
2025-11-21,SKU-005,RET-089,44,197.24
2025-11-22,SKU-005,RET-008,46,197.24
2025-11-23,SKU-005,RET-001,37,197.24
2025-11-24,SKU-005,RET-031,31,197.24
2025-11-25,SKU-005,RET-004,31,197.24
2025-11-26,SKU-005,RET-021,31,197.24
2025-11-27,SKU-005,RET-069,53,197.24
2025-11-28,SKU-005,RET-064,48,197.24
2025-11-29,SKU-005,RET-086,43,197.24
2025-11-30,SKU-005,RET-067,31,197.24
2025-12-01,SKU-005,RET-092,26,197.24
2025-12-02,SKU-005,RET-064,30,197.24
2025-12-03,SKU-005,RET-071,35,197.24
2025-12-04,SKU-005,RET-052,32,197.24
2025-12-05,SKU-005,RET-089,42,197.24
2025-12-06,SKU-005,RET-037,31,197.24
2025-12-07,SKU-005,RET-071,33,197.24
2025-12-08,SKU-005,RET-086,38,197.24
2025-12-09,SKU-005,RET-065,35,197.24
2025-12-10,SKU-005,RET-100,27,197.24
2025-12-11,SKU-005,RET-068,31,197.24
2025-12-12,SKU-005,RET-070,39,197.24
2025-12-13,SKU-005,RET-072,39,197.24
2025-12-14,SKU-005,RET-080,32,197.24
2025-12-15,SKU-005,RET-035,36,197.24
2025-12-16,SKU-005,RET-088,25,197.24
2025-12-17,SKU-005,RET-022,27,197.24
2025-12-18,SKU-005,RET-047,31,197.24
2025-12-19,SKU-005,RET-038,37,197.24
2025-12-20,SKU-005,RET-075,43,197.24
2025-12-21,SKU-005,RET-066,31,197.24
2025-12-22,SKU-005,RET-017,29,197.24
2025-12-23,SKU-005,RET-085,33,197.24
2025-12-24,SKU-005,RET-022,33,197.24
2025-12-25,SKU-005,RET-087,30,197.24
2025-12-26,SKU-005,RET-063,47,197.24
2025-12-27,SKU-005,RET-079,44,197.24
2025-12-28,SKU-005,RET-037,38,197.24
2025-12-29,SKU-005,RET-039,28,197.24
2025-12-30,SKU-005,RET-006,34,197.24
2025-12-31,SKU-005,RET-081,36,197.24
2026-01-01,SKU-005,RET-066,38,197.24
2026-01-02,SKU-005,RET-088,47,197.24
2026-01-03,SKU-005,RET-099,36,197.24
2026-01-04,SKU-005,RET-009,42,197.24
2026-01-05,SKU-005,RET-037,38,197.24
2026-01-06,SKU-005,RET-058,28,197.24
2026-01-07,SKU-005,RET-025,30,197.24
2026-01-08,SKU-005,RET-059,33,197.24
2026-01-09,SKU-005,RET-004,45,197.24
2026-01-10,SKU-005,RET-069,31,197.24
2026-01-11,SKU-005,RET-088,37,197.24
2026-01-12,SKU-005,RET-077,35,197.24
2026-01-13,SKU-005,RET-082,45,197.24
2026-01-14,SKU-005,RET-080,30,197.24
2026-01-15,SKU-005,RET-017,32,197.24
2026-01-16,SKU-005,RET-021,46,197.24
2026-01-17,SKU-005,RET-092,34,197.24
2026-01-18,SKU-005,RET-049,43,197.24
2026-01-19,SKU-005,RET-036,38,197.24
2026-01-20,SKU-005,RET-100,29,197.24
2026-01-21,SKU-005,RET-036,38,197.24
2026-01-22,SKU-005,RET-064,39,197.24
2026-01-23,SKU-005,RET-017,50,197.24
2026-01-24,SKU-005,RET-021,49,197.24
2026-01-25,SKU-005,RET-024,37,197.24
2026-01-26,SKU-005,RET-007,41,197.24
2026-01-27,SKU-005,RET-030,37,197.24
2026-01-28,SKU-005,RET-060,39,197.24
2026-01-29,SKU-005,RET-092,39,197.24
2026-01-30,SKU-005,RET-043,47,197.24
2026-01-31,SKU-005,RET-033,47,197.24
2026-02-01,SKU-005,RET-037,39,197.24
2026-02-02,SKU-005,RET-090,42,197.24
2026-02-03,SKU-005,RET-056,30,197.24
2026-02-04,SKU-005,RET-040,32,197.24
2026-02-05,SKU-005,RET-049,32,197.24
2026-02-06,SKU-005,RET-056,37,197.24
2026-02-07,SKU-005,RET-071,41,197.24
2026-02-08,SKU-005,RET-055,40,197.24
2026-02-09,SKU-005,RET-091,31,197.24
2026-02-10,SKU-005,RET-031,38,197.24
2026-02-11,SKU-005,RET-025,35,197.24
2026-02-12,SKU-005,RET-051,34,197.24
2026-02-13,SKU-005,RET-060,46,197.24
2026-02-14,SKU-005,RET-099,41,197.24
2026-02-15,SKU-005,RET-092,31,197.24
2026-02-16,SKU-005,RET-072,32,197.24
2026-02-17,SKU-005,RET-086,37,197.24
2026-02-18,SKU-005,RET-094,37,197.24
2026-02-19,SKU-005,RET-084,37,197.24
2026-02-20,SKU-005,RET-030,46,197.24
2026-02-21,SKU-005,RET-012,44,197.24
2026-02-22,SKU-005,RET-100,40,197.24
2026-02-23,SKU-005,RET-098,42,197.24
2026-02-24,SKU-005,RET-087,40,197.24
2026-02-25,SKU-005,RET-086,46,197.24
2026-02-26,SKU-005,RET-017,35,197.24
2026-02-27,SKU-005,RET-043,56,197.24
2026-02-28,SKU-005,RET-062,50,197.24
2026-03-01,SKU-005,RET-070,26,197.24
2026-03-02,SKU-005,RET-063,36,197.24
2026-03-03,SKU-005,RET-059,40,197.24
2026-03-04,SKU-005,RET-005,38,197.24
2026-03-05,SKU-005,RET-066,36,197.24
2026-03-06,SKU-005,RET-022,48,197.24
2026-03-07,SKU-005,RET-024,48,197.24
2026-03-08,SKU-005,RET-004,34,197.24
2026-03-09,SKU-005,RET-057,42,197.24
2026-03-10,SKU-005,RET-032,51,197.24
2026-03-11,SKU-005,RET-077,39,197.24
2026-03-12,SKU-005,RET-028,43,197.24
2026-03-13,SKU-005,RET-011,48,197.24
2026-03-14,SKU-005,RET-007,51,197.24
2026-03-15,SKU-005,RET-087,53,197.24
2026-03-16,SKU-005,RET-042,43,197.24
2026-03-17,SKU-005,RET-025,37,197.24
2026-03-18,SKU-005,RET-013,37,197.24
2026-03-19,SKU-005,RET-095,42,197.24
2026-03-20,SKU-005,RET-005,41,197.24
2026-03-21,SKU-005,RET-002,42,197.24
2026-03-22,SKU-005,RET-051,41,197.24
2026-03-23,SKU-005,RET-025,38,197.24
2026-03-24,SKU-005,RET-068,49,197.24
2026-03-25,SKU-005,RET-075,42,197.24
2026-03-26,SKU-005,RET-013,43,197.24
2026-03-27,SKU-005,RET-021,46,197.24
2026-03-28,SKU-005,RET-055,44,197.24
2026-03-29,SKU-005,RET-038,33,197.24
2026-03-30,SKU-005,RET-018,52,197.24
2026-03-31,SKU-005,RET-087,29,197.24
2026-04-01,SKU-005,RET-025,38,197.24
2026-04-02,SKU-005,RET-034,38,197.24
2026-04-03,SKU-005,RET-030,40,197.24
2026-04-04,SKU-005,RET-044,50,197.24
2026-04-05,SKU-005,RET-011,40,197.24
2026-04-06,SKU-005,RET-036,32,197.24
2026-04-07,SKU-005,RET-020,35,197.24
2026-04-08,SKU-005,RET-033,51,197.24
2026-04-09,SKU-005,RET-041,44,197.24
2026-04-10,SKU-005,RET-071,42,197.24
2026-04-11,SKU-005,RET-044,50,197.24
2026-04-12,SKU-005,RET-091,36,197.24
2026-04-13,SKU-005,RET-027,39,197.24
2026-04-14,SKU-005,RET-055,40,197.24
2026-04-15,SKU-005,RET-011,47,197.24
2026-04-16,SKU-005,RET-004,27,197.24
2026-04-17,SKU-005,RET-081,54,197.24
2026-04-18,SKU-005,RET-083,51,197.24
2026-04-19,SKU-005,RET-043,34,197.24
2026-04-20,SKU-005,RET-088,41,197.24
2026-04-21,SKU-005,RET-089,37,197.24
2026-04-22,SKU-005,RET-013,36,197.24
2026-04-23,SKU-005,RET-092,40,197.24
2026-04-24,SKU-005,RET-099,57,197.24
2026-04-25,SKU-005,RET-076,50,197.24
2026-04-26,SKU-005,RET-077,33,197.24
2026-04-27,SKU-005,RET-096,37,197.24
2026-04-28,SKU-005,RET-051,41,197.24
2026-04-29,SKU-005,RET-061,36,197.24
2026-04-30,SKU-005,RET-095,47,197.24
2026-05-01,SKU-005,RET-077,42,197.24
2026-05-02,SKU-005,RET-008,37,197.24
2026-05-03,SKU-005,RET-062,44,197.24
2026-05-04,SKU-005,RET-038,33,197.24
2026-05-05,SKU-005,RET-043,34,197.24
2026-05-06,SKU-005,RET-014,42,197.24
2026-05-07,SKU-005,RET-040,37,197.24
2026-05-08,SKU-005,RET-086,36,197.24
2026-05-09,SKU-005,RET-087,30,197.24
2026-05-10,SKU-005,RET-026,31,197.24
2026-05-11,SKU-005,RET-093,38,197.24
2026-05-12,SKU-005,RET-029,44,197.24
2026-05-13,SKU-005,RET-025,31,197.24
2026-05-14,SKU-005,RET-073,44,197.24
2026-05-15,SKU-005,RET-067,55,197.24
2026-05-16,SKU-005,RET-062,44,197.24
2026-05-17,SKU-005,RET-087,40,197.24
2026-05-18,SKU-005,RET-076,27,197.24
2026-05-19,SKU-005,RET-075,41,197.24
2026-05-20,SKU-005,RET-054,48,197.24
2026-05-21,SKU-005,RET-066,49,197.24
2026-05-22,SKU-005,RET-029,45,197.24
2026-05-23,SKU-005,RET-082,49,197.24
2026-05-24,SKU-005,RET-005,36,197.24
2026-05-25,SKU-005,RET-083,34,197.24
2026-05-26,SKU-005,RET-053,39,197.24
2026-05-27,SKU-005,RET-069,33,197.24
2026-05-28,SKU-005,RET-021,32,197.24
2026-05-29,SKU-005,RET-022,50,197.24
2026-05-30,SKU-005,RET-006,39,197.24
2026-05-31,SKU-005,RET-078,27,197.24
2026-06-01,SKU-005,RET-022,36,197.24
2026-06-02,SKU-005,RET-057,36,197.24
2026-06-03,SKU-005,RET-030,35,197.24
2026-06-04,SKU-005,RET-033,40,197.24
2026-06-05,SKU-005,RET-063,49,197.24
2026-06-06,SKU-005,RET-039,37,197.24
2026-06-07,SKU-005,RET-016,41,197.24
2026-06-08,SKU-005,RET-017,31,197.24
2026-06-09,SKU-005,RET-069,32,197.24
2026-06-10,SKU-005,RET-034,30,197.24
2026-06-11,SKU-005,RET-013,36,197.24
2026-06-12,SKU-005,RET-096,36,197.24
2026-06-13,SKU-005,RET-077,42,197.24
2026-06-14,SKU-005,RET-079,38,197.24
2026-06-15,SKU-005,RET-032,35,197.24
2026-06-16,SKU-005,RET-043,40,197.24
2026-06-17,SKU-005,RET-005,42,197.24
2026-06-18,SKU-005,RET-095,28,197.24
2026-06-19,SKU-005,RET-041,38,197.24
2026-06-20,SKU-005,RET-036,44,197.24
2026-06-21,SKU-005,RET-096,40,197.24
2026-06-22,SKU-005,RET-094,36,197.24
2026-06-23,SKU-005,RET-014,37,197.24
2026-06-24,SKU-005,RET-007,38,197.24
2026-06-25,SKU-005,RET-030,26,197.24
2026-06-26,SKU-005,RET-006,34,197.24
2026-06-27,SKU-005,RET-065,32,197.24
2026-06-28,SKU-005,RET-007,47,197.24
2026-06-29,SKU-005,RET-093,38,197.24
2026-06-30,SKU-005,RET-021,33,197.24
2026-07-01,SKU-005,RET-027,32,197.24
2026-07-02,SKU-005,RET-092,42,197.24
2026-07-03,SKU-005,RET-051,40,197.24
2026-07-04,SKU-005,RET-032,44,197.24
2026-07-05,SKU-005,RET-036,31,197.24
2026-07-06,SKU-005,RET-026,49,197.24
2026-07-07,SKU-005,RET-062,27,197.24
2026-07-08,SKU-005,RET-012,35,197.24
2026-07-09,SKU-005,RET-048,31,197.24
2026-07-10,SKU-005,RET-041,46,197.24
2026-07-11,SKU-005,RET-009,31,197.24
2026-07-12,SKU-005,RET-047,30,197.24
2026-07-13,SKU-005,RET-062,27,197.24
2026-07-14,SKU-005,RET-058,32,197.24
2026-07-15,SKU-005,RET-006,31,197.24
2026-07-16,SKU-005,RET-029,42,197.24
2026-07-17,SKU-005,RET-048,46,197.24
2026-07-18,SKU-005,RET-085,40,197.24
2026-07-19,SKU-005,RET-048,29,197.24
2026-07-20,SKU-005,RET-037,33,197.24
2026-07-21,SKU-005,RET-058,34,197.24
2026-07-22,SKU-005,RET-030,35,197.24
2026-07-23,SKU-005,RET-034,28,197.24
2026-07-24,SKU-005,RET-036,32,197.24
2026-07-25,SKU-005,RET-056,47,197.24
2026-07-26,SKU-005,RET-034,34,197.24
2026-07-27,SKU-005,RET-063,42,197.24
2026-07-28,SKU-005,RET-011,27,197.24
2026-07-29,SKU-005,RET-057,25,197.24
2026-07-30,SKU-005,RET-088,24,197.24
2026-07-31,SKU-005,RET-085,38,197.24
2026-08-01,SKU-005,RET-033,41,197.24
2026-08-02,SKU-005,RET-055,35,197.24
2026-08-03,SKU-005,RET-039,28,197.24
2026-08-04,SKU-005,RET-058,32,197.24
2026-08-05,SKU-005,RET-049,32,197.24
2026-08-06,SKU-005,RET-058,36,197.24
2026-08-07,SKU-005,RET-001,38,197.24
2026-08-08,SKU-005,RET-019,47,197.24
2026-08-09,SKU-005,RET-058,30,197.24
2026-08-10,SKU-005,RET-043,39,197.24
2026-08-11,SKU-005,RET-056,19,197.24
2026-08-12,SKU-005,RET-061,29,197.24
2026-08-13,SKU-005,RET-005,33,197.24
2026-08-14,SKU-005,RET-088,39,197.24
2026-08-15,SKU-005,RET-023,35,197.24
2026-08-16,SKU-005,RET-064,31,197.24
2026-08-17,SKU-005,RET-045,26,197.24
2026-08-18,SKU-005,RET-088,31,197.24
2026-08-19,SKU-005,RET-061,33,197.24
2026-08-20,SKU-005,RET-024,18,197.24
2026-08-21,SKU-005,RET-043,29,197.24
2026-08-22,SKU-005,RET-042,25,197.24
2026-08-23,SKU-005,RET-067,25,197.24
2026-08-24,SKU-005,RET-017,17,197.24
2026-08-25,SKU-005,RET-040,34,197.24
2025-08-26,SKU-006,RET-077,17,67.56
2025-08-27,SKU-006,RET-059,9,67.56
2025-08-28,SKU-006,RET-019,15,67.56
2025-08-29,SKU-006,RET-037,16,67.56
2025-08-30,SKU-006,RET-075,13,67.56
2025-08-31,SKU-006,RET-042,10,67.56
2025-09-01,SKU-006,RET-060,18,67.56
2025-09-02,SKU-006,RET-090,17,67.56
2025-09-03,SKU-006,RET-069,16,67.56
2025-09-04,SKU-006,RET-037,16,67.56
2025-09-05,SKU-006,RET-099,25,67.56
2025-09-06,SKU-006,RET-058,22,67.56
2025-09-07,SKU-006,RET-087,20,67.56
2025-09-08,SKU-006,RET-018,16,67.56
2025-09-09,SKU-006,RET-011,11,67.56
2025-09-10,SKU-006,RET-090,15,67.56
2025-09-11,SKU-006,RET-017,15,67.56
2025-09-12,SKU-006,RET-075,15,67.56
2025-09-13,SKU-006,RET-096,12,67.56
2025-09-14,SKU-006,RET-076,15,67.56
2025-09-15,SKU-006,RET-055,7,67.56
2025-09-16,SKU-006,RET-078,17,67.56
2025-09-17,SKU-006,RET-023,11,67.56
2025-09-18,SKU-006,RET-100,9,67.56
2025-09-19,SKU-006,RET-031,22,67.56
2025-09-20,SKU-006,RET-007,24,67.56
2025-09-21,SKU-006,RET-100,20,67.56
2025-09-22,SKU-006,RET-033,21,67.56
2025-09-23,SKU-006,RET-014,12,67.56
2025-09-24,SKU-006,RET-069,21,67.56
2025-09-25,SKU-006,RET-097,23,67.56
2025-09-26,SKU-006,RET-067,25,67.56
2025-09-27,SKU-006,RET-087,21,67.56
2025-09-28,SKU-006,RET-079,7,67.56
2025-09-29,SKU-006,RET-076,26,67.56
2025-09-30,SKU-006,RET-039,8,67.56
2025-10-01,SKU-006,RET-044,14,67.56
2025-10-02,SKU-006,RET-024,10,67.56
2025-10-03,SKU-006,RET-035,31,67.56
2025-10-04,SKU-006,RET-094,23,67.56
2025-10-05,SKU-006,RET-065,17,67.56
2025-10-06,SKU-006,RET-036,25,67.56
2025-10-07,SKU-006,RET-037,20,67.56
2025-10-08,SKU-006,RET-004,22,67.56
2025-10-09,SKU-006,RET-039,22,67.56
2025-10-10,SKU-006,RET-100,30,67.56
2025-10-11,SKU-006,RET-012,23,67.56
2025-10-12,SKU-006,RET-070,14,67.56
2025-10-13,SKU-006,RET-067,23,67.56
2025-10-14,SKU-006,RET-052,26,67.56
2025-10-15,SKU-006,RET-080,18,67.56
2025-10-16,SKU-006,RET-061,23,67.56
2025-10-17,SKU-006,RET-088,24,67.56
2025-10-18,SKU-006,RET-071,29,67.56
2025-10-19,SKU-006,RET-078,23,67.56
2025-10-20,SKU-006,RET-008,22,67.56
2025-10-21,SKU-006,RET-025,20,67.56
2025-10-22,SKU-006,RET-031,15,67.56
2025-10-23,SKU-006,RET-031,18,67.56
2025-10-24,SKU-006,RET-085,27,67.56
2025-10-25,SKU-006,RET-048,22,67.56
2025-10-26,SKU-006,RET-069,16,67.56
2025-10-27,SKU-006,RET-089,24,67.56
2025-10-28,SKU-006,RET-030,17,67.56
2025-10-29,SKU-006,RET-091,20,67.56
2025-10-30,SKU-006,RET-088,20,67.56
2025-10-31,SKU-006,RET-094,19,67.56
2025-11-01,SKU-006,RET-034,21,67.56
2025-11-02,SKU-006,RET-071,19,67.56
2025-11-03,SKU-006,RET-095,16,67.56
2025-11-04,SKU-006,RET-097,25,67.56
2025-11-05,SKU-006,RET-026,21,67.56
2025-11-06,SKU-006,RET-048,21,67.56
2025-11-07,SKU-006,RET-061,28,67.56
2025-11-08,SKU-006,RET-047,22,67.56
2025-11-09,SKU-006,RET-072,14,67.56
2025-11-10,SKU-006,RET-058,22,67.56
2025-11-11,SKU-006,RET-012,15,67.56
2025-11-12,SKU-006,RET-044,20,67.56
2025-11-13,SKU-006,RET-018,23,67.56
2025-11-14,SKU-006,RET-050,22,67.56
2025-11-15,SKU-006,RET-079,37,67.56
2025-11-16,SKU-006,RET-048,9,67.56
2025-11-17,SKU-006,RET-016,26,67.56
2025-11-18,SKU-006,RET-053,21,67.56
2025-11-19,SKU-006,RET-003,24,67.56
2025-11-20,SKU-006,RET-097,26,67.56
2025-11-21,SKU-006,RET-007,31,67.56
2025-11-22,SKU-006,RET-083,19,67.56
2025-11-23,SKU-006,RET-047,27,67.56
2025-11-24,SKU-006,RET-077,22,67.56
2025-11-25,SKU-006,RET-014,32,67.56
2025-11-26,SKU-006,RET-063,21,67.56
2025-11-27,SKU-006,RET-027,22,67.56
2025-11-28,SKU-006,RET-071,22,67.56
2025-11-29,SKU-006,RET-001,29,67.56
2025-11-30,SKU-006,RET-051,22,67.56
2025-12-01,SKU-006,RET-082,13,67.56
2025-12-02,SKU-006,RET-023,13,67.56
2025-12-03,SKU-006,RET-056,13,67.56
2025-12-04,SKU-006,RET-023,18,67.56
2025-12-05,SKU-006,RET-070,22,67.56
2025-12-06,SKU-006,RET-048,25,67.56
2025-12-07,SKU-006,RET-027,15,67.56
2025-12-08,SKU-006,RET-051,15,67.56
2025-12-09,SKU-006,RET-046,19,67.56
2025-12-10,SKU-006,RET-008,14,67.56
2025-12-11,SKU-006,RET-016,17,67.56
2025-12-12,SKU-006,RET-008,23,67.56
2025-12-13,SKU-006,RET-078,18,67.56
2025-12-14,SKU-006,RET-039,21,67.56
2025-12-15,SKU-006,RET-005,29,67.56
2025-12-16,SKU-006,RET-084,21,67.56
2025-12-17,SKU-006,RET-017,19,67.56
2025-12-18,SKU-006,RET-062,18,67.56
2025-12-19,SKU-006,RET-034,23,67.56
2025-12-20,SKU-006,RET-065,31,67.56
2025-12-21,SKU-006,RET-011,24,67.56
2025-12-22,SKU-006,RET-094,16,67.56
2025-12-23,SKU-006,RET-082,17,67.56
2025-12-24,SKU-006,RET-051,18,67.56
2025-12-25,SKU-006,RET-007,18,67.56
2025-12-26,SKU-006,RET-010,27,67.56
2025-12-27,SKU-006,RET-086,26,67.56
2025-12-28,SKU-006,RET-100,12,67.56
2025-12-29,SKU-006,RET-016,22,67.56
2025-12-30,SKU-006,RET-065,24,67.56
2025-12-31,SKU-006,RET-088,13,67.56
2026-01-01,SKU-006,RET-043,26,67.56
2026-01-02,SKU-006,RET-037,21,67.56
2026-01-03,SKU-006,RET-083,19,67.56
2026-01-04,SKU-006,RET-043,18,67.56
2026-01-05,SKU-006,RET-083,19,67.56
2026-01-06,SKU-006,RET-040,12,67.56
2026-01-07,SKU-006,RET-016,18,67.56
2026-01-08,SKU-006,RET-055,24,67.56
2026-01-09,SKU-006,RET-024,16,67.56
2026-01-10,SKU-006,RET-081,29,67.56
2026-01-11,SKU-006,RET-093,17,67.56
2026-01-12,SKU-006,RET-041,16,67.56
2026-01-13,SKU-006,RET-003,18,67.56
2026-01-14,SKU-006,RET-029,9,67.56
2026-01-15,SKU-006,RET-066,19,67.56
2026-01-16,SKU-006,RET-036,18,67.56
2026-01-17,SKU-006,RET-095,24,67.56
2026-01-18,SKU-006,RET-010,23,67.56
2026-01-19,SKU-006,RET-004,15,67.56
2026-01-20,SKU-006,RET-073,11,67.56
2026-01-21,SKU-006,RET-018,21,67.56
2026-01-22,SKU-006,RET-098,17,67.56
2026-01-23,SKU-006,RET-039,24,67.56
2026-01-24,SKU-006,RET-014,24,67.56
2026-01-25,SKU-006,RET-062,18,67.56
2026-01-26,SKU-006,RET-009,18,67.56
2026-01-27,SKU-006,RET-008,29,67.56
2026-01-28,SKU-006,RET-077,18,67.56
2026-01-29,SKU-006,RET-023,25,67.56
2026-01-30,SKU-006,RET-006,22,67.56
2026-01-31,SKU-006,RET-025,22,67.56
2026-02-01,SKU-006,RET-032,16,67.56
2026-02-02,SKU-006,RET-011,20,67.56
2026-02-03,SKU-006,RET-029,22,67.56
2026-02-04,SKU-006,RET-084,16,67.56
2026-02-05,SKU-006,RET-025,31,67.56
2026-02-06,SKU-006,RET-070,19,67.56
2026-02-07,SKU-006,RET-019,19,67.56
2026-02-08,SKU-006,RET-069,22,67.56
2026-02-09,SKU-006,RET-066,24,67.56
2026-02-10,SKU-006,RET-077,28,67.56
2026-02-11,SKU-006,RET-081,23,67.56
2026-02-12,SKU-006,RET-021,17,67.56
2026-02-13,SKU-006,RET-010,24,67.56
2026-02-14,SKU-006,RET-093,28,67.56
2026-02-15,SKU-006,RET-035,21,67.56
2026-02-16,SKU-006,RET-074,22,67.56
2026-02-17,SKU-006,RET-047,18,67.56
2026-02-18,SKU-006,RET-079,19,67.56
2026-02-19,SKU-006,RET-043,18,67.56
2026-02-20,SKU-006,RET-098,24,67.56
2026-02-21,SKU-006,RET-053,30,67.56
2026-02-22,SKU-006,RET-003,16,67.56
2026-02-23,SKU-006,RET-072,17,67.56
2026-02-24,SKU-006,RET-022,22,67.56
2026-02-25,SKU-006,RET-014,16,67.56
2026-02-26,SKU-006,RET-048,10,67.56
2026-02-27,SKU-006,RET-079,19,67.56
2026-02-28,SKU-006,RET-050,25,67.56
2026-03-01,SKU-006,RET-019,15,67.56
2026-03-02,SKU-006,RET-093,19,67.56
2026-03-03,SKU-006,RET-004,26,67.56
2026-03-04,SKU-006,RET-064,24,67.56
2026-03-05,SKU-006,RET-060,17,67.56
2026-03-06,SKU-006,RET-038,26,67.56
2026-03-07,SKU-006,RET-020,25,67.56
2026-03-08,SKU-006,RET-005,17,67.56
2026-03-09,SKU-006,RET-015,21,67.56
2026-03-10,SKU-006,RET-023,21,67.56
2026-03-11,SKU-006,RET-046,20,67.56
2026-03-12,SKU-006,RET-082,21,67.56
2026-03-13,SKU-006,RET-023,23,67.56
2026-03-14,SKU-006,RET-009,25,67.56
2026-03-15,SKU-006,RET-084,22,67.56
2026-03-16,SKU-006,RET-017,16,67.56
2026-03-17,SKU-006,RET-080,16,67.56
2026-03-18,SKU-006,RET-018,23,67.56
2026-03-19,SKU-006,RET-084,17,67.56
2026-03-20,SKU-006,RET-059,24,67.56
2026-03-21,SKU-006,RET-092,28,67.56
2026-03-22,SKU-006,RET-010,21,67.56
2026-03-23,SKU-006,RET-089,15,67.56
2026-03-24,SKU-006,RET-037,24,67.56
2026-03-25,SKU-006,RET-084,9,67.56
2026-03-26,SKU-006,RET-062,21,67.56
2026-03-27,SKU-006,RET-060,30,67.56
2026-03-28,SKU-006,RET-043,28,67.56
2026-03-29,SKU-006,RET-006,25,67.56
2026-03-30,SKU-006,RET-100,20,67.56
2026-03-31,SKU-006,RET-084,22,67.56
2026-04-01,SKU-006,RET-038,35,67.56
2026-04-02,SKU-006,RET-090,15,67.56
2026-04-03,SKU-006,RET-077,31,67.56
2026-04-04,SKU-006,RET-028,40,67.56
2026-04-05,SKU-006,RET-061,21,67.56
2026-04-06,SKU-006,RET-017,24,67.56
2026-04-07,SKU-006,RET-086,19,67.56
2026-04-08,SKU-006,RET-016,16,67.56
2026-04-09,SKU-006,RET-036,21,67.56
2026-04-10,SKU-006,RET-071,26,67.56
2026-04-11,SKU-006,RET-074,21,67.56
2026-04-12,SKU-006,RET-087,14,67.56
2026-04-13,SKU-006,RET-007,22,67.56
2026-04-14,SKU-006,RET-025,21,67.56
2026-04-15,SKU-006,RET-027,25,67.56
2026-04-16,SKU-006,RET-043,19,67.56
2026-04-17,SKU-006,RET-088,25,67.56
2026-04-18,SKU-006,RET-064,26,67.56
2026-04-19,SKU-006,RET-079,25,67.56
2026-04-20,SKU-006,RET-028,21,67.56
2026-04-21,SKU-006,RET-084,30,67.56
2026-04-22,SKU-006,RET-048,19,67.56
2026-04-23,SKU-006,RET-095,21,67.56
2026-04-24,SKU-006,RET-087,23,67.56
2026-04-25,SKU-006,RET-013,21,67.56
2026-04-26,SKU-006,RET-071,27,67.56
2026-04-27,SKU-006,RET-037,18,67.56
2026-04-28,SKU-006,RET-030,27,67.56
2026-04-29,SKU-006,RET-014,20,67.56
2026-04-30,SKU-006,RET-088,23,67.56
2026-05-01,SKU-006,RET-052,20,67.56
2026-05-02,SKU-006,RET-028,20,67.56
2026-05-03,SKU-006,RET-020,22,67.56
2026-05-04,SKU-006,RET-014,22,67.56
2026-05-05,SKU-006,RET-003,25,67.56
2026-05-06,SKU-006,RET-056,25,67.56
2026-05-07,SKU-006,RET-009,16,67.56
2026-05-08,SKU-006,RET-053,20,67.56
2026-05-09,SKU-006,RET-046,38,67.56
2026-05-10,SKU-006,RET-065,16,67.56
2026-05-11,SKU-006,RET-049,24,67.56
2026-05-12,SKU-006,RET-095,21,67.56
2026-05-13,SKU-006,RET-012,20,67.56
2026-05-14,SKU-006,RET-088,23,67.56
2026-05-15,SKU-006,RET-042,25,67.56
2026-05-16,SKU-006,RET-079,16,67.56
2026-05-17,SKU-006,RET-013,14,67.56
2026-05-18,SKU-006,RET-047,14,67.56
2026-05-19,SKU-006,RET-060,19,67.56
2026-05-20,SKU-006,RET-092,21,67.56
2026-05-21,SKU-006,RET-088,20,67.56
2026-05-22,SKU-006,RET-086,26,67.56
2026-05-23,SKU-006,RET-002,30,67.56
2026-05-24,SKU-006,RET-016,23,67.56
2026-05-25,SKU-006,RET-012,22,67.56
2026-05-26,SKU-006,RET-030,17,67.56
2026-05-27,SKU-006,RET-099,17,67.56
2026-05-28,SKU-006,RET-075,19,67.56
2026-05-29,SKU-006,RET-093,24,67.56
2026-05-30,SKU-006,RET-023,28,67.56
2026-05-31,SKU-006,RET-041,16,67.56
2026-06-01,SKU-006,RET-086,16,67.56
2026-06-02,SKU-006,RET-077,18,67.56
2026-06-03,SKU-006,RET-100,20,67.56
2026-06-04,SKU-006,RET-043,18,67.56
2026-06-05,SKU-006,RET-035,28,67.56
2026-06-06,SKU-006,RET-001,30,67.56
2026-06-07,SKU-006,RET-098,26,67.56
2026-06-08,SKU-006,RET-028,21,67.56
2026-06-09,SKU-006,RET-100,16,67.56
2026-06-10,SKU-006,RET-033,24,67.56
2026-06-11,SKU-006,RET-085,19,67.56
2026-06-12,SKU-006,RET-054,21,67.56
2026-06-13,SKU-006,RET-088,27,67.56
2026-06-14,SKU-006,RET-069,28,67.56
2026-06-15,SKU-006,RET-059,20,67.56
2026-06-16,SKU-006,RET-021,13,67.56
2026-06-17,SKU-006,RET-076,13,67.56
2026-06-18,SKU-006,RET-076,22,67.56
2026-06-19,SKU-006,RET-022,22,67.56
2026-06-20,SKU-006,RET-015,18,67.56
2026-06-21,SKU-006,RET-100,16,67.56
2026-06-22,SKU-006,RET-030,19,67.56
2026-06-23,SKU-006,RET-028,9,67.56
2026-06-24,SKU-006,RET-095,14,67.56
2026-06-25,SKU-006,RET-059,18,67.56
2026-06-26,SKU-006,RET-016,29,67.56
2026-06-27,SKU-006,RET-093,23,67.56
2026-06-28,SKU-006,RET-006,23,67.56
2026-06-29,SKU-006,RET-056,21,67.56
2026-06-30,SKU-006,RET-009,24,67.56
2026-07-01,SKU-006,RET-084,11,67.56
2026-07-02,SKU-006,RET-070,16,67.56
2026-07-03,SKU-006,RET-015,28,67.56
2026-07-04,SKU-006,RET-011,21,67.56
2026-07-05,SKU-006,RET-012,27,67.56
2026-07-06,SKU-006,RET-077,20,67.56
2026-07-07,SKU-006,RET-051,19,67.56
2026-07-08,SKU-006,RET-090,20,67.56
2026-07-09,SKU-006,RET-065,19,67.56
2026-07-10,SKU-006,RET-094,23,67.56
2026-07-11,SKU-006,RET-076,26,67.56
2026-07-12,SKU-006,RET-035,21,67.56
2026-07-13,SKU-006,RET-048,14,67.56
2026-07-14,SKU-006,RET-075,17,67.56
2026-07-15,SKU-006,RET-070,16,67.56
2026-07-16,SKU-006,RET-041,14,67.56
2026-07-17,SKU-006,RET-010,19,67.56
2026-07-18,SKU-006,RET-038,14,67.56
2026-07-19,SKU-006,RET-016,20,67.56
2026-07-20,SKU-006,RET-055,22,67.56
2026-07-21,SKU-006,RET-011,14,67.56
2026-07-22,SKU-006,RET-019,11,67.56
2026-07-23,SKU-006,RET-086,13,67.56
2026-07-24,SKU-006,RET-025,25,67.56
2026-07-25,SKU-006,RET-001,19,67.56
2026-07-26,SKU-006,RET-053,23,67.56
2026-07-27,SKU-006,RET-059,13,67.56
2026-07-28,SKU-006,RET-063,19,67.56
2026-07-29,SKU-006,RET-089,17,67.56
2026-07-30,SKU-006,RET-093,13,67.56
2026-07-31,SKU-006,RET-071,24,67.56
2026-08-01,SKU-006,RET-074,16,67.56
2026-08-02,SKU-006,RET-063,10,67.56
2026-08-03,SKU-006,RET-059,14,67.56
2026-08-04,SKU-006,RET-099,18,67.56
2026-08-05,SKU-006,RET-014,16,67.56
2026-08-06,SKU-006,RET-060,15,67.56
2026-08-07,SKU-006,RET-083,26,67.56
2026-08-08,SKU-006,RET-085,16,67.56
2026-08-09,SKU-006,RET-008,20,67.56
2026-08-10,SKU-006,RET-020,21,67.56
2026-08-11,SKU-006,RET-049,14,67.56
2026-08-12,SKU-006,RET-044,18,67.56
2026-08-13,SKU-006,RET-065,15,67.56
2026-08-14,SKU-006,RET-004,19,67.56
2026-08-15,SKU-006,RET-004,26,67.56
2026-08-16,SKU-006,RET-083,12,67.56
2026-08-17,SKU-006,RET-059,16,67.56
2026-08-18,SKU-006,RET-046,20,67.56
2026-08-19,SKU-006,RET-049,13,67.56
2026-08-20,SKU-006,RET-013,18,67.56
2026-08-21,SKU-006,RET-049,15,67.56
2026-08-22,SKU-006,RET-098,13,67.56
2026-08-23,SKU-006,RET-044,15,67.56
2026-08-24,SKU-006,RET-054,17,67.56
2026-08-25,SKU-006,RET-089,11,67.56
2025-08-26,SKU-007,RET-032,25,206.85
2025-08-27,SKU-007,RET-085,25,206.85
2025-08-28,SKU-007,RET-040,21,206.85
2025-08-29,SKU-007,RET-003,21,206.85
2025-08-30,SKU-007,RET-039,32,206.85
2025-08-31,SKU-007,RET-077,28,206.85
2025-09-01,SKU-007,RET-086,27,206.85
2025-09-02,SKU-007,RET-092,40,206.85
2025-09-03,SKU-007,RET-060,27,206.85
2025-09-04,SKU-007,RET-031,24,206.85
2025-09-05,SKU-007,RET-007,20,206.85
2025-09-06,SKU-007,RET-012,28,206.85
2025-09-07,SKU-007,RET-070,22,206.85
2025-09-08,SKU-007,RET-097,21,206.85
2025-09-09,SKU-007,RET-005,24,206.85
2025-09-10,SKU-007,RET-081,25,206.85
2025-09-11,SKU-007,RET-065,28,206.85
2025-09-12,SKU-007,RET-004,33,206.85
2025-09-13,SKU-007,RET-035,29,206.85
2025-09-14,SKU-007,RET-006,21,206.85
2025-09-15,SKU-007,RET-055,20,206.85
2025-09-16,SKU-007,RET-059,21,206.85
2025-09-17,SKU-007,RET-062,13,206.85
2025-09-18,SKU-007,RET-065,22,206.85
2025-09-19,SKU-007,RET-072,25,206.85
2025-09-20,SKU-007,RET-015,31,206.85
2025-09-21,SKU-007,RET-064,23,206.85
2025-09-22,SKU-007,RET-096,17,206.85
2025-09-23,SKU-007,RET-016,21,206.85
2025-09-24,SKU-007,RET-003,22,206.85
2025-09-25,SKU-007,RET-089,26,206.85
2025-09-26,SKU-007,RET-086,39,206.85
2025-09-27,SKU-007,RET-079,21,206.85
2025-09-28,SKU-007,RET-073,20,206.85
2025-09-29,SKU-007,RET-051,17,206.85
2025-09-30,SKU-007,RET-003,17,206.85
2025-10-01,SKU-007,RET-097,29,206.85
2025-10-02,SKU-007,RET-074,30,206.85
2025-10-03,SKU-007,RET-002,43,206.85
2025-10-04,SKU-007,RET-059,40,206.85
2025-10-05,SKU-007,RET-062,27,206.85
2025-10-06,SKU-007,RET-035,18,206.85
2025-10-07,SKU-007,RET-099,37,206.85
2025-10-08,SKU-007,RET-079,26,206.85
2025-10-09,SKU-007,RET-008,24,206.85
2025-10-10,SKU-007,RET-033,39,206.85
2025-10-11,SKU-007,RET-014,33,206.85
2025-10-12,SKU-007,RET-023,26,206.85
2025-10-13,SKU-007,RET-012,20,206.85
2025-10-14,SKU-007,RET-029,30,206.85
2025-10-15,SKU-007,RET-052,30,206.85
2025-10-16,SKU-007,RET-013,30,206.85
2025-10-17,SKU-007,RET-036,31,206.85
2025-10-18,SKU-007,RET-097,39,206.85
2025-10-19,SKU-007,RET-007,32,206.85
2025-10-20,SKU-007,RET-071,42,206.85
2025-10-21,SKU-007,RET-027,31,206.85
2025-10-22,SKU-007,RET-098,31,206.85
2025-10-23,SKU-007,RET-007,24,206.85
2025-10-24,SKU-007,RET-078,49,206.85
2025-10-25,SKU-007,RET-053,40,206.85
2025-10-26,SKU-007,RET-027,29,206.85
2025-10-27,SKU-007,RET-075,27,206.85
2025-10-28,SKU-007,RET-043,31,206.85
2025-10-29,SKU-007,RET-074,27,206.85
2025-10-30,SKU-007,RET-061,26,206.85
2025-10-31,SKU-007,RET-076,42,206.85
2025-11-01,SKU-007,RET-023,36,206.85
2025-11-02,SKU-007,RET-017,26,206.85
2025-11-03,SKU-007,RET-071,27,206.85
2025-11-04,SKU-007,RET-025,34,206.85
2025-11-05,SKU-007,RET-005,33,206.85
2025-11-06,SKU-007,RET-071,39,206.85
2025-11-07,SKU-007,RET-027,25,206.85
2025-11-08,SKU-007,RET-071,37,206.85
2025-11-09,SKU-007,RET-078,32,206.85
2025-11-10,SKU-007,RET-078,34,206.85
2025-11-11,SKU-007,RET-043,23,206.85
2025-11-12,SKU-007,RET-072,30,206.85
2025-11-13,SKU-007,RET-025,31,206.85
2025-11-14,SKU-007,RET-091,35,206.85
2025-11-15,SKU-007,RET-067,39,206.85
2025-11-16,SKU-007,RET-010,32,206.85
2025-11-17,SKU-007,RET-082,25,206.85
2025-11-18,SKU-007,RET-057,35,206.85
2025-11-19,SKU-007,RET-071,32,206.85
2025-11-20,SKU-007,RET-083,25,206.85
2025-11-21,SKU-007,RET-039,55,206.85
2025-11-22,SKU-007,RET-077,34,206.85
2025-11-23,SKU-007,RET-008,33,206.85
2025-11-24,SKU-007,RET-001,20,206.85
2025-11-25,SKU-007,RET-026,27,206.85
2025-11-26,SKU-007,RET-052,35,206.85
2025-11-27,SKU-007,RET-040,38,206.85
2025-11-28,SKU-007,RET-075,48,206.85
2025-11-29,SKU-007,RET-075,39,206.85
2025-11-30,SKU-007,RET-046,37,206.85
2025-12-01,SKU-007,RET-053,23,206.85
2025-12-02,SKU-007,RET-003,25,206.85
2025-12-03,SKU-007,RET-008,25,206.85
2025-12-04,SKU-007,RET-026,20,206.85
2025-12-05,SKU-007,RET-018,24,206.85
2025-12-06,SKU-007,RET-011,41,206.85
2025-12-07,SKU-007,RET-046,20,206.85
2025-12-08,SKU-007,RET-024,23,206.85
2025-12-09,SKU-007,RET-098,25,206.85
2025-12-10,SKU-007,RET-098,21,206.85
2025-12-11,SKU-007,RET-008,24,206.85
2025-12-12,SKU-007,RET-039,38,206.85
2025-12-13,SKU-007,RET-045,33,206.85
2025-12-14,SKU-007,RET-018,16,206.85
2025-12-15,SKU-007,RET-053,31,206.85
2025-12-16,SKU-007,RET-095,25,206.85
2025-12-17,SKU-007,RET-062,29,206.85
2025-12-18,SKU-007,RET-031,26,206.85
2025-12-19,SKU-007,RET-046,31,206.85
2025-12-20,SKU-007,RET-100,37,206.85
2025-12-21,SKU-007,RET-017,28,206.85
2025-12-22,SKU-007,RET-075,23,206.85
2025-12-23,SKU-007,RET-072,24,206.85
2025-12-24,SKU-007,RET-058,32,206.85
2025-12-25,SKU-007,RET-062,29,206.85
2025-12-26,SKU-007,RET-048,30,206.85
2025-12-27,SKU-007,RET-086,28,206.85
2025-12-28,SKU-007,RET-007,23,206.85
2025-12-29,SKU-007,RET-016,29,206.85
2025-12-30,SKU-007,RET-034,28,206.85
2025-12-31,SKU-007,RET-060,28,206.85
2026-01-01,SKU-007,RET-090,25,206.85
2026-01-02,SKU-007,RET-077,28,206.85
2026-01-03,SKU-007,RET-040,41,206.85
2026-01-04,SKU-007,RET-044,27,206.85
2026-01-05,SKU-007,RET-031,27,206.85
2026-01-06,SKU-007,RET-003,21,206.85
2026-01-07,SKU-007,RET-031,31,206.85
2026-01-08,SKU-007,RET-081,23,206.85
2026-01-09,SKU-007,RET-016,33,206.85
2026-01-10,SKU-007,RET-080,39,206.85
2026-01-11,SKU-007,RET-086,32,206.85
2026-01-12,SKU-007,RET-031,33,206.85
2026-01-13,SKU-007,RET-061,29,206.85
2026-01-14,SKU-007,RET-100,23,206.85
2026-01-15,SKU-007,RET-059,28,206.85
2026-01-16,SKU-007,RET-066,33,206.85
2026-01-17,SKU-007,RET-020,35,206.85
2026-01-18,SKU-007,RET-017,29,206.85
2026-01-19,SKU-007,RET-074,31,206.85
2026-01-20,SKU-007,RET-085,26,206.85
2026-01-21,SKU-007,RET-044,32,206.85
2026-01-22,SKU-007,RET-100,19,206.85
2026-01-23,SKU-007,RET-027,32,206.85
2026-01-24,SKU-007,RET-048,38,206.85
2026-01-25,SKU-007,RET-028,30,206.85
2026-01-26,SKU-007,RET-010,33,206.85
2026-01-27,SKU-007,RET-038,27,206.85
2026-01-28,SKU-007,RET-005,28,206.85
2026-01-29,SKU-007,RET-005,24,206.85
2026-01-30,SKU-007,RET-095,36,206.85
2026-01-31,SKU-007,RET-066,38,206.85
2026-02-01,SKU-007,RET-019,33,206.85
2026-02-02,SKU-007,RET-020,25,206.85
2026-02-03,SKU-007,RET-052,30,206.85
2026-02-04,SKU-007,RET-066,22,206.85
2026-02-05,SKU-007,RET-079,27,206.85
2026-02-06,SKU-007,RET-099,33,206.85
2026-02-07,SKU-007,RET-077,31,206.85
2026-02-08,SKU-007,RET-061,35,206.85
2026-02-09,SKU-007,RET-038,32,206.85
2026-02-10,SKU-007,RET-085,31,206.85
2026-02-11,SKU-007,RET-003,34,206.85
2026-02-12,SKU-007,RET-047,25,206.85
2026-02-13,SKU-007,RET-052,39,206.85
2026-02-14,SKU-007,RET-052,45,206.85
2026-02-15,SKU-007,RET-032,31,206.85
2026-02-16,SKU-007,RET-045,40,206.85
2026-02-17,SKU-007,RET-021,37,206.85
2026-02-18,SKU-007,RET-003,32,206.85
2026-02-19,SKU-007,RET-037,28,206.85
2026-02-20,SKU-007,RET-092,35,206.85
2026-02-21,SKU-007,RET-090,48,206.85
2026-02-22,SKU-007,RET-024,35,206.85
2026-02-23,SKU-007,RET-054,29,206.85
2026-02-24,SKU-007,RET-062,35,206.85
2026-02-25,SKU-007,RET-078,22,206.85
2026-02-26,SKU-007,RET-014,37,206.85
2026-02-27,SKU-007,RET-019,40,206.85
2026-02-28,SKU-007,RET-037,34,206.85
2026-03-01,SKU-007,RET-063,24,206.85
2026-03-02,SKU-007,RET-099,35,206.85
2026-03-03,SKU-007,RET-022,40,206.85
2026-03-04,SKU-007,RET-046,34,206.85
2026-03-05,SKU-007,RET-081,31,206.85
2026-03-06,SKU-007,RET-046,30,206.85
2026-03-07,SKU-007,RET-013,36,206.85
2026-03-08,SKU-007,RET-041,34,206.85
2026-03-09,SKU-007,RET-073,29,206.85
2026-03-10,SKU-007,RET-004,30,206.85
2026-03-11,SKU-007,RET-017,36,206.85
2026-03-12,SKU-007,RET-097,31,206.85
2026-03-13,SKU-007,RET-009,37,206.85
2026-03-14,SKU-007,RET-089,36,206.85
2026-03-15,SKU-007,RET-020,30,206.85
2026-03-16,SKU-007,RET-065,32,206.85
2026-03-17,SKU-007,RET-050,41,206.85
2026-03-18,SKU-007,RET-029,40,206.85
2026-03-19,SKU-007,RET-002,29,206.85
2026-03-20,SKU-007,RET-034,39,206.85
2026-03-21,SKU-007,RET-063,31,206.85
2026-03-22,SKU-007,RET-016,45,206.85
2026-03-23,SKU-007,RET-083,32,206.85
2026-03-24,SKU-007,RET-071,25,206.85
2026-03-25,SKU-007,RET-073,35,206.85
2026-03-26,SKU-007,RET-078,26,206.85
2026-03-27,SKU-007,RET-044,32,206.85
2026-03-28,SKU-007,RET-092,50,206.85
2026-03-29,SKU-007,RET-008,39,206.85
2026-03-30,SKU-007,RET-083,33,206.85
2026-03-31,SKU-007,RET-055,31,206.85
2026-04-01,SKU-007,RET-036,30,206.85
2026-04-02,SKU-007,RET-024,21,206.85
2026-04-03,SKU-007,RET-079,40,206.85
2026-04-04,SKU-007,RET-092,22,206.85
2026-04-05,SKU-007,RET-027,36,206.85
2026-04-06,SKU-007,RET-065,41,206.85
2026-04-07,SKU-007,RET-032,33,206.85
2026-04-08,SKU-007,RET-023,29,206.85
2026-04-09,SKU-007,RET-055,33,206.85
2026-04-10,SKU-007,RET-030,33,206.85
2026-04-11,SKU-007,RET-074,29,206.85
2026-04-12,SKU-007,RET-045,35,206.85
2026-04-13,SKU-007,RET-021,40,206.85
2026-04-14,SKU-007,RET-053,23,206.85
2026-04-15,SKU-007,RET-020,28,206.85
2026-04-16,SKU-007,RET-070,36,206.85
2026-04-17,SKU-007,RET-100,32,206.85
2026-04-18,SKU-007,RET-058,50,206.85
2026-04-19,SKU-007,RET-065,36,206.85
2026-04-20,SKU-007,RET-010,23,206.85
2026-04-21,SKU-007,RET-023,41,206.85
2026-04-22,SKU-007,RET-074,38,206.85
2026-04-23,SKU-007,RET-016,34,206.85
2026-04-24,SKU-007,RET-054,38,206.85
2026-04-25,SKU-007,RET-024,35,206.85
2026-04-26,SKU-007,RET-063,32,206.85
2026-04-27,SKU-007,RET-081,24,206.85
2026-04-28,SKU-007,RET-075,31,206.85
2026-04-29,SKU-007,RET-004,26,206.85
2026-04-30,SKU-007,RET-099,33,206.85
2026-05-01,SKU-007,RET-082,36,206.85
2026-05-02,SKU-007,RET-005,36,206.85
2026-05-03,SKU-007,RET-049,27,206.85
2026-05-04,SKU-007,RET-027,40,206.85
2026-05-05,SKU-007,RET-092,32,206.85
2026-05-06,SKU-007,RET-040,28,206.85
2026-05-07,SKU-007,RET-027,35,206.85
2026-05-08,SKU-007,RET-047,38,206.85
2026-05-09,SKU-007,RET-003,38,206.85
2026-05-10,SKU-007,RET-099,25,206.85
2026-05-11,SKU-007,RET-054,38,206.85
2026-05-12,SKU-007,RET-071,32,206.85
2026-05-13,SKU-007,RET-055,20,206.85
2026-05-14,SKU-007,RET-005,34,206.85
2026-05-15,SKU-007,RET-088,41,206.85
2026-05-16,SKU-007,RET-094,35,206.85
2026-05-17,SKU-007,RET-017,25,206.85
2026-05-18,SKU-007,RET-072,35,206.85
2026-05-19,SKU-007,RET-039,24,206.85
2026-05-20,SKU-007,RET-070,21,206.85
2026-05-21,SKU-007,RET-005,28,206.85
2026-05-22,SKU-007,RET-011,37,206.85
2026-05-23,SKU-007,RET-013,33,206.85
2026-05-24,SKU-007,RET-026,28,206.85
2026-05-25,SKU-007,RET-098,31,206.85
2026-05-26,SKU-007,RET-029,31,206.85
2026-05-27,SKU-007,RET-012,33,206.85
2026-05-28,SKU-007,RET-088,25,206.85
2026-05-29,SKU-007,RET-092,33,206.85
2026-05-30,SKU-007,RET-013,46,206.85
2026-05-31,SKU-007,RET-013,29,206.85
2026-06-01,SKU-007,RET-067,37,206.85
2026-06-02,SKU-007,RET-064,20,206.85
2026-06-03,SKU-007,RET-072,38,206.85
2026-06-04,SKU-007,RET-002,27,206.85
2026-06-05,SKU-007,RET-091,43,206.85
2026-06-06,SKU-007,RET-080,37,206.85
2026-06-07,SKU-007,RET-004,31,206.85
2026-06-08,SKU-007,RET-038,35,206.85
2026-06-09,SKU-007,RET-053,37,206.85
2026-06-10,SKU-007,RET-071,27,206.85
2026-06-11,SKU-007,RET-044,29,206.85
2026-06-12,SKU-007,RET-090,24,206.85
2026-06-13,SKU-007,RET-006,44,206.85
2026-06-14,SKU-007,RET-075,31,206.85
2026-06-15,SKU-007,RET-035,27,206.85
2026-06-16,SKU-007,RET-030,31,206.85
2026-06-17,SKU-007,RET-033,35,206.85
2026-06-18,SKU-007,RET-075,20,206.85
2026-06-19,SKU-007,RET-017,33,206.85
2026-06-20,SKU-007,RET-095,43,206.85
2026-06-21,SKU-007,RET-058,34,206.85
2026-06-22,SKU-007,RET-071,35,206.85
2026-06-23,SKU-007,RET-070,20,206.85
2026-06-24,SKU-007,RET-050,39,206.85
2026-06-25,SKU-007,RET-073,26,206.85
2026-06-26,SKU-007,RET-092,31,206.85
2026-06-27,SKU-007,RET-047,37,206.85
2026-06-28,SKU-007,RET-007,26,206.85
2026-06-29,SKU-007,RET-098,23,206.85
2026-06-30,SKU-007,RET-005,22,206.85
2026-07-01,SKU-007,RET-017,32,206.85
2026-07-02,SKU-007,RET-015,28,206.85
2026-07-03,SKU-007,RET-061,44,206.85
2026-07-04,SKU-007,RET-046,38,206.85
2026-07-05,SKU-007,RET-054,29,206.85
2026-07-06,SKU-007,RET-100,25,206.85
2026-07-07,SKU-007,RET-057,27,206.85
2026-07-08,SKU-007,RET-097,26,206.85
2026-07-09,SKU-007,RET-067,26,206.85
2026-07-10,SKU-007,RET-038,30,206.85
2026-07-11,SKU-007,RET-096,31,206.85
2026-07-12,SKU-007,RET-023,22,206.85
2026-07-13,SKU-007,RET-022,23,206.85
2026-07-14,SKU-007,RET-012,27,206.85
2026-07-15,SKU-007,RET-093,26,206.85
2026-07-16,SKU-007,RET-065,25,206.85
2026-07-17,SKU-007,RET-058,26,206.85
2026-07-18,SKU-007,RET-038,34,206.85
2026-07-19,SKU-007,RET-027,30,206.85
2026-07-20,SKU-007,RET-024,22,206.85
2026-07-21,SKU-007,RET-076,26,206.85
2026-07-22,SKU-007,RET-077,24,206.85
2026-07-23,SKU-007,RET-057,32,206.85
2026-07-24,SKU-007,RET-040,38,206.85
2026-07-25,SKU-007,RET-093,23,206.85
2026-07-26,SKU-007,RET-061,19,206.85
2026-07-27,SKU-007,RET-063,24,206.85
2026-07-28,SKU-007,RET-025,30,206.85
2026-07-29,SKU-007,RET-026,29,206.85
2026-07-30,SKU-007,RET-010,24,206.85
2026-07-31,SKU-007,RET-066,30,206.85
2026-08-01,SKU-007,RET-092,35,206.85
2026-08-02,SKU-007,RET-001,25,206.85
2026-08-03,SKU-007,RET-029,21,206.85
2026-08-04,SKU-007,RET-005,30,206.85
2026-08-05,SKU-007,RET-091,18,206.85
2026-08-06,SKU-007,RET-084,22,206.85
2026-08-07,SKU-007,RET-036,41,206.85
2026-08-08,SKU-007,RET-030,26,206.85
2026-08-09,SKU-007,RET-001,28,206.85
2026-08-10,SKU-007,RET-079,13,206.85
2026-08-11,SKU-007,RET-009,35,206.85
2026-08-12,SKU-007,RET-043,23,206.85
2026-08-13,SKU-007,RET-088,19,206.85
2026-08-14,SKU-007,RET-042,34,206.85
2026-08-15,SKU-007,RET-051,24,206.85
2026-08-16,SKU-007,RET-099,29,206.85
2026-08-17,SKU-007,RET-024,27,206.85
2026-08-18,SKU-007,RET-087,18,206.85
2026-08-19,SKU-007,RET-064,27,206.85
2026-08-20,SKU-007,RET-010,30,206.85
2026-08-21,SKU-007,RET-028,23,206.85
2026-08-22,SKU-007,RET-011,26,206.85
2026-08-23,SKU-007,RET-023,26,206.85
2026-08-24,SKU-007,RET-098,21,206.85
2026-08-25,SKU-007,RET-004,17,206.85
2025-08-26,SKU-008,RET-055,21,179.27
2025-08-27,SKU-008,RET-032,26,179.27
2025-08-28,SKU-008,RET-094,27,179.27
2025-08-29,SKU-008,RET-032,25,179.27
2025-08-30,SKU-008,RET-058,24,179.27
2025-08-31,SKU-008,RET-019,17,179.27
2025-09-01,SKU-008,RET-026,27,179.27
2025-09-02,SKU-008,RET-027,28,179.27
2025-09-03,SKU-008,RET-041,22,179.27
2025-09-04,SKU-008,RET-027,16,179.27
2025-09-05,SKU-008,RET-012,22,179.27
2025-09-06,SKU-008,RET-051,27,179.27
2025-09-07,SKU-008,RET-069,28,179.27
2025-09-08,SKU-008,RET-084,26,179.27
2025-09-09,SKU-008,RET-032,21,179.27
2025-09-10,SKU-008,RET-020,21,179.27
2025-09-11,SKU-008,RET-088,28,179.27
2025-09-12,SKU-008,RET-004,23,179.27
2025-09-13,SKU-008,RET-032,34,179.27
2025-09-14,SKU-008,RET-002,19,179.27
2025-09-15,SKU-008,RET-100,27,179.27
2025-09-16,SKU-008,RET-005,21,179.27
2025-09-17,SKU-008,RET-004,25,179.27
2025-09-18,SKU-008,RET-065,35,179.27
2025-09-19,SKU-008,RET-066,33,179.27
2025-09-20,SKU-008,RET-036,26,179.27
2025-09-21,SKU-008,RET-008,28,179.27
2025-09-22,SKU-008,RET-054,32,179.27
2025-09-23,SKU-008,RET-079,18,179.27
2025-09-24,SKU-008,RET-066,26,179.27
2025-09-25,SKU-008,RET-036,37,179.27
2025-09-26,SKU-008,RET-036,24,179.27
2025-09-27,SKU-008,RET-016,36,179.27
2025-09-28,SKU-008,RET-037,23,179.27
2025-09-29,SKU-008,RET-082,31,179.27
2025-09-30,SKU-008,RET-093,23,179.27
2025-10-01,SKU-008,RET-095,30,179.27
2025-10-02,SKU-008,RET-058,38,179.27
2025-10-03,SKU-008,RET-022,32,179.27
2025-10-04,SKU-008,RET-001,43,179.27
2025-10-05,SKU-008,RET-080,33,179.27
2025-10-06,SKU-008,RET-018,34,179.27
2025-10-07,SKU-008,RET-005,27,179.27
2025-10-08,SKU-008,RET-022,34,179.27
2025-10-09,SKU-008,RET-021,29,179.27
2025-10-10,SKU-008,RET-052,41,179.27
2025-10-11,SKU-008,RET-089,51,179.27
2025-10-12,SKU-008,RET-029,41,179.27
2025-10-13,SKU-008,RET-004,34,179.27
2025-10-14,SKU-008,RET-006,38,179.27
2025-10-15,SKU-008,RET-042,30,179.27
2025-10-16,SKU-008,RET-011,43,179.27
2025-10-17,SKU-008,RET-090,34,179.27
2025-10-18,SKU-008,RET-072,32,179.27
2025-10-19,SKU-008,RET-082,32,179.27
2025-10-20,SKU-008,RET-009,25,179.27
2025-10-21,SKU-008,RET-015,31,179.27
2025-10-22,SKU-008,RET-090,37,179.27
2025-10-23,SKU-008,RET-019,35,179.27
2025-10-24,SKU-008,RET-057,53,179.27
2025-10-25,SKU-008,RET-012,47,179.27
2025-10-26,SKU-008,RET-034,25,179.27
2025-10-27,SKU-008,RET-096,33,179.27
2025-10-28,SKU-008,RET-028,36,179.27
2025-10-29,SKU-008,RET-011,36,179.27
2025-10-30,SKU-008,RET-037,37,179.27
2025-10-31,SKU-008,RET-066,36,179.27
2025-11-01,SKU-008,RET-020,38,179.27
2025-11-02,SKU-008,RET-090,32,179.27
2025-11-03,SKU-008,RET-073,34,179.27
2025-11-04,SKU-008,RET-046,34,179.27
2025-11-05,SKU-008,RET-001,40,179.27
2025-11-06,SKU-008,RET-022,33,179.27
2025-11-07,SKU-008,RET-084,33,179.27
2025-11-08,SKU-008,RET-043,48,179.27
2025-11-09,SKU-008,RET-094,28,179.27
2025-11-10,SKU-008,RET-039,36,179.27
2025-11-11,SKU-008,RET-076,42,179.27
2025-11-12,SKU-008,RET-004,44,179.27
2025-11-13,SKU-008,RET-058,30,179.27
2025-11-14,SKU-008,RET-016,50,179.27
2025-11-15,SKU-008,RET-024,42,179.27
2025-11-16,SKU-008,RET-004,45,179.27
2025-11-17,SKU-008,RET-013,32,179.27
2025-11-18,SKU-008,RET-038,34,179.27
2025-11-19,SKU-008,RET-045,28,179.27
2025-11-20,SKU-008,RET-078,23,179.27
2025-11-21,SKU-008,RET-013,34,179.27
2025-11-22,SKU-008,RET-074,32,179.27
2025-11-23,SKU-008,RET-007,24,179.27
2025-11-24,SKU-008,RET-079,33,179.27
2025-11-25,SKU-008,RET-020,28,179.27
2025-11-26,SKU-008,RET-050,38,179.27
2025-11-27,SKU-008,RET-003,30,179.27
2025-11-28,SKU-008,RET-056,44,179.27
2025-11-29,SKU-008,RET-030,47,179.27
2025-11-30,SKU-008,RET-080,46,179.27
2025-12-01,SKU-008,RET-034,25,179.27
2025-12-02,SKU-008,RET-093,25,179.27
2025-12-03,SKU-008,RET-072,25,179.27
2025-12-04,SKU-008,RET-098,30,179.27
2025-12-05,SKU-008,RET-045,36,179.27
2025-12-06,SKU-008,RET-081,39,179.27
2025-12-07,SKU-008,RET-026,26,179.27
2025-12-08,SKU-008,RET-030,25,179.27
2025-12-09,SKU-008,RET-026,24,179.27
2025-12-10,SKU-008,RET-093,29,179.27
2025-12-11,SKU-008,RET-026,23,179.27
2025-12-12,SKU-008,RET-023,25,179.27
2025-12-13,SKU-008,RET-053,36,179.27
2025-12-14,SKU-008,RET-076,35,179.27
2025-12-15,SKU-008,RET-025,26,179.27
2025-12-16,SKU-008,RET-031,29,179.27
2025-12-17,SKU-008,RET-023,27,179.27
2025-12-18,SKU-008,RET-084,23,179.27
2025-12-19,SKU-008,RET-097,38,179.27
2025-12-20,SKU-008,RET-097,36,179.27
2025-12-21,SKU-008,RET-090,31,179.27
2025-12-22,SKU-008,RET-085,29,179.27
2025-12-23,SKU-008,RET-026,33,179.27
2025-12-24,SKU-008,RET-067,39,179.27
2025-12-25,SKU-008,RET-042,31,179.27
2025-12-26,SKU-008,RET-005,39,179.27
2025-12-27,SKU-008,RET-012,36,179.27
2025-12-28,SKU-008,RET-094,24,179.27
2025-12-29,SKU-008,RET-021,25,179.27
2025-12-30,SKU-008,RET-072,26,179.27
2025-12-31,SKU-008,RET-040,27,179.27
2026-01-01,SKU-008,RET-014,44,179.27
2026-01-02,SKU-008,RET-098,40,179.27
2026-01-03,SKU-008,RET-073,32,179.27
2026-01-04,SKU-008,RET-086,31,179.27
2026-01-05,SKU-008,RET-095,36,179.27
2026-01-06,SKU-008,RET-079,27,179.27
2026-01-07,SKU-008,RET-081,26,179.27
2026-01-08,SKU-008,RET-070,33,179.27
2026-01-09,SKU-008,RET-031,32,179.27
2026-01-10,SKU-008,RET-061,46,179.27
2026-01-11,SKU-008,RET-058,41,179.27
2026-01-12,SKU-008,RET-067,29,179.27
2026-01-13,SKU-008,RET-036,29,179.27
2026-01-14,SKU-008,RET-017,24,179.27
2026-01-15,SKU-008,RET-052,29,179.27
2026-01-16,SKU-008,RET-040,30,179.27
2026-01-17,SKU-008,RET-076,45,179.27
2026-01-18,SKU-008,RET-021,36,179.27
2026-01-19,SKU-008,RET-051,36,179.27
2026-01-20,SKU-008,RET-037,22,179.27
2026-01-21,SKU-008,RET-059,43,179.27
2026-01-22,SKU-008,RET-097,42,179.27
2026-01-23,SKU-008,RET-087,43,179.27
2026-01-24,SKU-008,RET-049,43,179.27
2026-01-25,SKU-008,RET-086,30,179.27
2026-01-26,SKU-008,RET-075,42,179.27
2026-01-27,SKU-008,RET-044,32,179.27
2026-01-28,SKU-008,RET-040,32,179.27
2026-01-29,SKU-008,RET-039,26,179.27
2026-01-30,SKU-008,RET-092,37,179.27
2026-01-31,SKU-008,RET-046,39,179.27
2026-02-01,SKU-008,RET-069,31,179.27
2026-02-02,SKU-008,RET-011,29,179.27
2026-02-03,SKU-008,RET-035,36,179.27
2026-02-04,SKU-008,RET-077,28,179.27
2026-02-05,SKU-008,RET-076,25,179.27
2026-02-06,SKU-008,RET-011,43,179.27
2026-02-07,SKU-008,RET-098,50,179.27
2026-02-08,SKU-008,RET-036,28,179.27
2026-02-09,SKU-008,RET-092,41,179.27
2026-02-10,SKU-008,RET-003,32,179.27
2026-02-11,SKU-008,RET-055,41,179.27
2026-02-12,SKU-008,RET-066,37,179.27
2026-02-13,SKU-008,RET-081,40,179.27
2026-02-14,SKU-008,RET-071,44,179.27
2026-02-15,SKU-008,RET-059,28,179.27
2026-02-16,SKU-008,RET-010,40,179.27
2026-02-17,SKU-008,RET-041,38,179.27
2026-02-18,SKU-008,RET-093,35,179.27
2026-02-19,SKU-008,RET-036,40,179.27
2026-02-20,SKU-008,RET-019,44,179.27
2026-02-21,SKU-008,RET-003,50,179.27
2026-02-22,SKU-008,RET-065,28,179.27
2026-02-23,SKU-008,RET-080,37,179.27
2026-02-24,SKU-008,RET-081,43,179.27
2026-02-25,SKU-008,RET-018,43,179.27
2026-02-26,SKU-008,RET-090,32,179.27
2026-02-27,SKU-008,RET-099,33,179.27
2026-02-28,SKU-008,RET-034,39,179.27
2026-03-01,SKU-008,RET-043,35,179.27
2026-03-02,SKU-008,RET-055,33,179.27
2026-03-03,SKU-008,RET-058,38,179.27
2026-03-04,SKU-008,RET-067,33,179.27
2026-03-05,SKU-008,RET-050,36,179.27
2026-03-06,SKU-008,RET-034,38,179.27
2026-03-07,SKU-008,RET-039,41,179.27
2026-03-08,SKU-008,RET-037,38,179.27
2026-03-09,SKU-008,RET-045,38,179.27
2026-03-10,SKU-008,RET-073,35,179.27
2026-03-11,SKU-008,RET-076,35,179.27
2026-03-12,SKU-008,RET-069,36,179.27
2026-03-13,SKU-008,RET-094,50,179.27
2026-03-14,SKU-008,RET-015,46,179.27
2026-03-15,SKU-008,RET-051,37,179.27
2026-03-16,SKU-008,RET-018,47,179.27
2026-03-17,SKU-008,RET-034,25,179.27
2026-03-18,SKU-008,RET-066,42,179.27
2026-03-19,SKU-008,RET-097,32,179.27
2026-03-20,SKU-008,RET-057,49,179.27
2026-03-21,SKU-008,RET-097,44,179.27
2026-03-22,SKU-008,RET-066,38,179.27
2026-03-23,SKU-008,RET-079,34,179.27
2026-03-24,SKU-008,RET-072,47,179.27
2026-03-25,SKU-008,RET-077,32,179.27
2026-03-26,SKU-008,RET-078,33,179.27
2026-03-27,SKU-008,RET-003,42,179.27
2026-03-28,SKU-008,RET-099,33,179.27
2026-03-29,SKU-008,RET-095,25,179.27
2026-03-30,SKU-008,RET-071,44,179.27
2026-03-31,SKU-008,RET-056,45,179.27
2026-04-01,SKU-008,RET-023,38,179.27
2026-04-02,SKU-008,RET-066,35,179.27
2026-04-03,SKU-008,RET-076,43,179.27
2026-04-04,SKU-008,RET-037,42,179.27
2026-04-05,SKU-008,RET-016,34,179.27
2026-04-06,SKU-008,RET-029,30,179.27
2026-04-07,SKU-008,RET-081,34,179.27
2026-04-08,SKU-008,RET-082,41,179.27
2026-04-09,SKU-008,RET-030,47,179.27
2026-04-10,SKU-008,RET-080,47,179.27
2026-04-11,SKU-008,RET-001,55,179.27
2026-04-12,SKU-008,RET-089,37,179.27
2026-04-13,SKU-008,RET-092,36,179.27
2026-04-14,SKU-008,RET-002,40,179.27
2026-04-15,SKU-008,RET-035,37,179.27
2026-04-16,SKU-008,RET-028,36,179.27
2026-04-17,SKU-008,RET-078,38,179.27
2026-04-18,SKU-008,RET-051,59,179.27
2026-04-19,SKU-008,RET-024,36,179.27
2026-04-20,SKU-008,RET-017,36,179.27
2026-04-21,SKU-008,RET-074,37,179.27
2026-04-22,SKU-008,RET-097,33,179.27
2026-04-23,SKU-008,RET-025,41,179.27
2026-04-24,SKU-008,RET-070,47,179.27
2026-04-25,SKU-008,RET-092,45,179.27
2026-04-26,SKU-008,RET-020,46,179.27
2026-04-27,SKU-008,RET-025,29,179.27
2026-04-28,SKU-008,RET-095,26,179.27
2026-04-29,SKU-008,RET-029,28,179.27
2026-04-30,SKU-008,RET-032,34,179.27
2026-05-01,SKU-008,RET-074,43,179.27
2026-05-02,SKU-008,RET-067,44,179.27
2026-05-03,SKU-008,RET-023,40,179.27
2026-05-04,SKU-008,RET-080,27,179.27
2026-05-05,SKU-008,RET-091,38,179.27
2026-05-06,SKU-008,RET-088,31,179.27
2026-05-07,SKU-008,RET-056,42,179.27
2026-05-08,SKU-008,RET-042,39,179.27
2026-05-09,SKU-008,RET-020,41,179.27
2026-05-10,SKU-008,RET-080,40,179.27
2026-05-11,SKU-008,RET-068,47,179.27
2026-05-12,SKU-008,RET-003,29,179.27
2026-05-13,SKU-008,RET-011,27,179.27
2026-05-14,SKU-008,RET-037,34,179.27
2026-05-15,SKU-008,RET-049,49,179.27
2026-05-16,SKU-008,RET-015,40,179.27
2026-05-17,SKU-008,RET-059,36,179.27
2026-05-18,SKU-008,RET-005,41,179.27
2026-05-19,SKU-008,RET-099,23,179.27
2026-05-20,SKU-008,RET-067,36,179.27
2026-05-21,SKU-008,RET-077,32,179.27
2026-05-22,SKU-008,RET-006,44,179.27
2026-05-23,SKU-008,RET-066,35,179.27
2026-05-24,SKU-008,RET-027,26,179.27
2026-05-25,SKU-008,RET-087,37,179.27
2026-05-26,SKU-008,RET-007,25,179.27
2026-05-27,SKU-008,RET-084,34,179.27
2026-05-28,SKU-008,RET-018,34,179.27
2026-05-29,SKU-008,RET-083,43,179.27
2026-05-30,SKU-008,RET-005,36,179.27
2026-05-31,SKU-008,RET-024,31,179.27
2026-06-01,SKU-008,RET-051,33,179.27
2026-06-02,SKU-008,RET-008,35,179.27
2026-06-03,SKU-008,RET-048,28,179.27
2026-06-04,SKU-008,RET-014,33,179.27
2026-06-05,SKU-008,RET-029,36,179.27
2026-06-06,SKU-008,RET-014,37,179.27
2026-06-07,SKU-008,RET-025,31,179.27
2026-06-08,SKU-008,RET-087,29,179.27
2026-06-09,SKU-008,RET-098,24,179.27
2026-06-10,SKU-008,RET-066,26,179.27
2026-06-11,SKU-008,RET-050,33,179.27
2026-06-12,SKU-008,RET-093,34,179.27
2026-06-13,SKU-008,RET-100,49,179.27
2026-06-14,SKU-008,RET-050,34,179.27
2026-06-15,SKU-008,RET-069,33,179.27
2026-06-16,SKU-008,RET-061,21,179.27
2026-06-17,SKU-008,RET-099,25,179.27
2026-06-18,SKU-008,RET-023,35,179.27
2026-06-19,SKU-008,RET-068,43,179.27
2026-06-20,SKU-008,RET-062,30,179.27
2026-06-21,SKU-008,RET-078,38,179.27
2026-06-22,SKU-008,RET-078,23,179.27
2026-06-23,SKU-008,RET-026,31,179.27
2026-06-24,SKU-008,RET-022,36,179.27
2026-06-25,SKU-008,RET-015,28,179.27
2026-06-26,SKU-008,RET-023,28,179.27
2026-06-27,SKU-008,RET-055,31,179.27
2026-06-28,SKU-008,RET-059,30,179.27
2026-06-29,SKU-008,RET-013,16,179.27
2026-06-30,SKU-008,RET-047,27,179.27
2026-07-01,SKU-008,RET-014,35,179.27
2026-07-02,SKU-008,RET-010,24,179.27
2026-07-03,SKU-008,RET-054,36,179.27
2026-07-04,SKU-008,RET-045,41,179.27
2026-07-05,SKU-008,RET-093,22,179.27
2026-07-06,SKU-008,RET-060,24,179.27
2026-07-07,SKU-008,RET-038,29,179.27
2026-07-08,SKU-008,RET-076,25,179.27
2026-07-09,SKU-008,RET-034,34,179.27
2026-07-10,SKU-008,RET-086,29,179.27
2026-07-11,SKU-008,RET-057,33,179.27
2026-07-12,SKU-008,RET-080,35,179.27
2026-07-13,SKU-008,RET-055,32,179.27
2026-07-14,SKU-008,RET-021,22,179.27
2026-07-15,SKU-008,RET-027,22,179.27
2026-07-16,SKU-008,RET-002,23,179.27
2026-07-17,SKU-008,RET-011,30,179.27
2026-07-18,SKU-008,RET-011,33,179.27
2026-07-19,SKU-008,RET-080,19,179.27
2026-07-20,SKU-008,RET-007,32,179.27
2026-07-21,SKU-008,RET-018,27,179.27
2026-07-22,SKU-008,RET-030,35,179.27
2026-07-23,SKU-008,RET-060,24,179.27
2026-07-24,SKU-008,RET-009,29,179.27
2026-07-25,SKU-008,RET-066,31,179.27
2026-07-26,SKU-008,RET-058,25,179.27
2026-07-27,SKU-008,RET-056,29,179.27
2026-07-28,SKU-008,RET-030,29,179.27
2026-07-29,SKU-008,RET-041,22,179.27
2026-07-30,SKU-008,RET-040,20,179.27
2026-07-31,SKU-008,RET-079,34,179.27
2026-08-01,SKU-008,RET-055,30,179.27
2026-08-02,SKU-008,RET-080,25,179.27
2026-08-03,SKU-008,RET-100,29,179.27
2026-08-04,SKU-008,RET-088,34,179.27
2026-08-05,SKU-008,RET-073,39,179.27
2026-08-06,SKU-008,RET-096,17,179.27
2026-08-07,SKU-008,RET-085,23,179.27
2026-08-08,SKU-008,RET-040,23,179.27
2026-08-09,SKU-008,RET-058,30,179.27
2026-08-10,SKU-008,RET-070,21,179.27
2026-08-11,SKU-008,RET-033,20,179.27
2026-08-12,SKU-008,RET-078,28,179.27
2026-08-13,SKU-008,RET-018,28,179.27
2026-08-14,SKU-008,RET-098,30,179.27
2026-08-15,SKU-008,RET-040,24,179.27
2026-08-16,SKU-008,RET-055,21,179.27
2026-08-17,SKU-008,RET-033,38,179.27
2026-08-18,SKU-008,RET-021,21,179.27
2026-08-19,SKU-008,RET-003,32,179.27
2026-08-20,SKU-008,RET-007,25,179.27
2026-08-21,SKU-008,RET-050,30,179.27
2026-08-22,SKU-008,RET-065,32,179.27
2026-08-23,SKU-008,RET-061,32,179.27
2026-08-24,SKU-008,RET-018,25,179.27
2026-08-25,SKU-008,RET-012,35,179.27
2025-08-26,SKU-009,RET-003,14,229.05
2025-08-27,SKU-009,RET-054,20,229.05
2025-08-28,SKU-009,RET-004,23,229.05
2025-08-29,SKU-009,RET-020,27,229.05
2025-08-30,SKU-009,RET-040,17,229.05
2025-08-31,SKU-009,RET-088,16,229.05
2025-09-01,SKU-009,RET-018,23,229.05
2025-09-02,SKU-009,RET-092,28,229.05
2025-09-03,SKU-009,RET-041,23,229.05
2025-09-04,SKU-009,RET-027,15,229.05
2025-09-05,SKU-009,RET-051,25,229.05
2025-09-06,SKU-009,RET-071,22,229.05
2025-09-07,SKU-009,RET-054,15,229.05
2025-09-08,SKU-009,RET-067,22,229.05
2025-09-09,SKU-009,RET-075,18,229.05
2025-09-10,SKU-009,RET-088,17,229.05
2025-09-11,SKU-009,RET-062,16,229.05
2025-09-12,SKU-009,RET-087,35,229.05
2025-09-13,SKU-009,RET-002,22,229.05
2025-09-14,SKU-009,RET-031,13,229.05
2025-09-15,SKU-009,RET-007,22,229.05
2025-09-16,SKU-009,RET-091,21,229.05
2025-09-17,SKU-009,RET-073,18,229.05
2025-09-18,SKU-009,RET-048,16,229.05
2025-09-19,SKU-009,RET-033,21,229.05
2025-09-20,SKU-009,RET-064,25,229.05
2025-09-21,SKU-009,RET-062,15,229.05
2025-09-22,SKU-009,RET-065,21,229.05
2025-09-23,SKU-009,RET-037,14,229.05
2025-09-24,SKU-009,RET-077,16,229.05
2025-09-25,SKU-009,RET-054,24,229.05
2025-09-26,SKU-009,RET-014,28,229.05
2025-09-27,SKU-009,RET-030,14,229.05
2025-09-28,SKU-009,RET-030,26,229.05
2025-09-29,SKU-009,RET-063,19,229.05
2025-09-30,SKU-009,RET-050,20,229.05
2025-10-01,SKU-009,RET-060,28,229.05
2025-10-02,SKU-009,RET-012,42,229.05
2025-10-03,SKU-009,RET-039,37,229.05
2025-10-04,SKU-009,RET-005,23,229.05
2025-10-05,SKU-009,RET-043,33,229.05
2025-10-06,SKU-009,RET-015,26,229.05
2025-10-07,SKU-009,RET-025,24,229.05
2025-10-08,SKU-009,RET-087,17,229.05
2025-10-09,SKU-009,RET-070,30,229.05
2025-10-10,SKU-009,RET-088,28,229.05
2025-10-11,SKU-009,RET-082,38,229.05
2025-10-12,SKU-009,RET-022,27,229.05
2025-10-13,SKU-009,RET-077,29,229.05
2025-10-14,SKU-009,RET-052,16,229.05
2025-10-15,SKU-009,RET-092,23,229.05
2025-10-16,SKU-009,RET-056,24,229.05
2025-10-17,SKU-009,RET-091,31,229.05
2025-10-18,SKU-009,RET-022,17,229.05
2025-10-19,SKU-009,RET-014,22,229.05
2025-10-20,SKU-009,RET-048,21,229.05
2025-10-21,SKU-009,RET-027,23,229.05
2025-10-22,SKU-009,RET-052,25,229.05
2025-10-23,SKU-009,RET-079,24,229.05
2025-10-24,SKU-009,RET-028,24,229.05
2025-10-25,SKU-009,RET-036,31,229.05
2025-10-26,SKU-009,RET-007,22,229.05
2025-10-27,SKU-009,RET-033,27,229.05
2025-10-28,SKU-009,RET-036,28,229.05
2025-10-29,SKU-009,RET-082,27,229.05
2025-10-30,SKU-009,RET-058,22,229.05
2025-10-31,SKU-009,RET-037,22,229.05
2025-11-01,SKU-009,RET-003,26,229.05
2025-11-02,SKU-009,RET-053,23,229.05
2025-11-03,SKU-009,RET-096,25,229.05
2025-11-04,SKU-009,RET-023,20,229.05
2025-11-05,SKU-009,RET-020,24,229.05
2025-11-06,SKU-009,RET-056,40,229.05
2025-11-07,SKU-009,RET-026,31,229.05
2025-11-08,SKU-009,RET-072,34,229.05
2025-11-09,SKU-009,RET-032,20,229.05
2025-11-10,SKU-009,RET-082,23,229.05
2025-11-11,SKU-009,RET-041,25,229.05
2025-11-12,SKU-009,RET-085,19,229.05
2025-11-13,SKU-009,RET-061,27,229.05
2025-11-14,SKU-009,RET-061,28,229.05
2025-11-15,SKU-009,RET-036,45,229.05
2025-11-16,SKU-009,RET-062,22,229.05
2025-11-17,SKU-009,RET-003,17,229.05
2025-11-18,SKU-009,RET-042,27,229.05
2025-11-19,SKU-009,RET-082,28,229.05
2025-11-20,SKU-009,RET-063,23,229.05
2025-11-21,SKU-009,RET-071,30,229.05
2025-11-22,SKU-009,RET-023,34,229.05
2025-11-23,SKU-009,RET-028,29,229.05
2025-11-24,SKU-009,RET-046,24,229.05
2025-11-25,SKU-009,RET-069,23,229.05
2025-11-26,SKU-009,RET-053,34,229.05
2025-11-27,SKU-009,RET-021,18,229.05
2025-11-28,SKU-009,RET-041,29,229.05
2025-11-29,SKU-009,RET-040,35,229.05
2025-11-30,SKU-009,RET-050,24,229.05
2025-12-01,SKU-009,RET-073,14,229.05
2025-12-02,SKU-009,RET-031,15,229.05
2025-12-03,SKU-009,RET-058,20,229.05
2025-12-04,SKU-009,RET-078,14,229.05
2025-12-05,SKU-009,RET-048,27,229.05
2025-12-06,SKU-009,RET-066,25,229.05
2025-12-07,SKU-009,RET-071,21,229.05
2025-12-08,SKU-009,RET-049,15,229.05
2025-12-09,SKU-009,RET-074,17,229.05
2025-12-10,SKU-009,RET-050,20,229.05
2025-12-11,SKU-009,RET-026,23,229.05
2025-12-12,SKU-009,RET-025,24,229.05
2025-12-13,SKU-009,RET-080,18,229.05
2025-12-14,SKU-009,RET-075,26,229.05
2025-12-15,SKU-009,RET-039,19,229.05
2025-12-16,SKU-009,RET-005,25,229.05
2025-12-17,SKU-009,RET-065,20,229.05
2025-12-18,SKU-009,RET-080,15,229.05
2025-12-19,SKU-009,RET-012,24,229.05
2025-12-20,SKU-009,RET-079,40,229.05
2025-12-21,SKU-009,RET-077,22,229.05
2025-12-22,SKU-009,RET-026,20,229.05
2025-12-23,SKU-009,RET-040,21,229.05
2025-12-24,SKU-009,RET-063,27,229.05
2025-12-25,SKU-009,RET-090,20,229.05
2025-12-26,SKU-009,RET-078,33,229.05
2025-12-27,SKU-009,RET-028,28,229.05
2025-12-28,SKU-009,RET-040,15,229.05
2025-12-29,SKU-009,RET-018,28,229.05
2025-12-30,SKU-009,RET-072,22,229.05
2025-12-31,SKU-009,RET-071,31,229.05
2026-01-01,SKU-009,RET-061,11,229.05
2026-01-02,SKU-009,RET-019,22,229.05
2026-01-03,SKU-009,RET-011,35,229.05
2026-01-04,SKU-009,RET-094,21,229.05
2026-01-05,SKU-009,RET-041,29,229.05
2026-01-06,SKU-009,RET-054,15,229.05
2026-01-07,SKU-009,RET-040,16,229.05
2026-01-08,SKU-009,RET-030,25,229.05
2026-01-09,SKU-009,RET-079,26,229.05
2026-01-10,SKU-009,RET-079,29,229.05
2026-01-11,SKU-009,RET-047,21,229.05
2026-01-12,SKU-009,RET-011,19,229.05
2026-01-13,SKU-009,RET-026,24,229.05
2026-01-14,SKU-009,RET-081,33,229.05
2026-01-15,SKU-009,RET-034,28,229.05
2026-01-16,SKU-009,RET-044,33,229.05
2026-01-17,SKU-009,RET-014,32,229.05
2026-01-18,SKU-009,RET-096,24,229.05
2026-01-19,SKU-009,RET-006,26,229.05
2026-01-20,SKU-009,RET-038,22,229.05
2026-01-21,SKU-009,RET-066,29,229.05
2026-01-22,SKU-009,RET-065,25,229.05
2026-01-23,SKU-009,RET-032,18,229.05
2026-01-24,SKU-009,RET-072,36,229.05
2026-01-25,SKU-009,RET-064,25,229.05
2026-01-26,SKU-009,RET-074,30,229.05
2026-01-27,SKU-009,RET-003,29,229.05
2026-01-28,SKU-009,RET-025,22,229.05
2026-01-29,SKU-009,RET-069,27,229.05
2026-01-30,SKU-009,RET-016,20,229.05
2026-01-31,SKU-009,RET-045,32,229.05
2026-02-01,SKU-009,RET-040,29,229.05
2026-02-02,SKU-009,RET-071,16,229.05
2026-02-03,SKU-009,RET-013,19,229.05
2026-02-04,SKU-009,RET-018,24,229.05
2026-02-05,SKU-009,RET-004,25,229.05
2026-02-06,SKU-009,RET-048,31,229.05
2026-02-07,SKU-009,RET-098,36,229.05
2026-02-08,SKU-009,RET-002,27,229.05
2026-02-09,SKU-009,RET-018,26,229.05
2026-02-10,SKU-009,RET-075,28,229.05
2026-02-11,SKU-009,RET-064,28,229.05
2026-02-12,SKU-009,RET-067,26,229.05
2026-02-13,SKU-009,RET-076,34,229.05
2026-02-14,SKU-009,RET-049,23,229.05
2026-02-15,SKU-009,RET-071,28,229.05
2026-02-16,SKU-009,RET-036,32,229.05
2026-02-17,SKU-009,RET-064,24,229.05
2026-02-18,SKU-009,RET-053,43,229.05
2026-02-19,SKU-009,RET-096,21,229.05
2026-02-20,SKU-009,RET-079,24,229.05
2026-02-21,SKU-009,RET-077,31,229.05
2026-02-22,SKU-009,RET-059,25,229.05
2026-02-23,SKU-009,RET-054,26,229.05
2026-02-24,SKU-009,RET-076,26,229.05
2026-02-25,SKU-009,RET-049,29,229.05
2026-02-26,SKU-009,RET-072,22,229.05
2026-02-27,SKU-009,RET-038,32,229.05
2026-02-28,SKU-009,RET-035,43,229.05
2026-03-01,SKU-009,RET-010,31,229.05
2026-03-02,SKU-009,RET-054,19,229.05
2026-03-03,SKU-009,RET-039,21,229.05
2026-03-04,SKU-009,RET-098,33,229.05
2026-03-05,SKU-009,RET-039,22,229.05
2026-03-06,SKU-009,RET-098,27,229.05
2026-03-07,SKU-009,RET-060,34,229.05
2026-03-08,SKU-009,RET-023,29,229.05
2026-03-09,SKU-009,RET-064,27,229.05
2026-03-10,SKU-009,RET-033,28,229.05
2026-03-11,SKU-009,RET-009,22,229.05
2026-03-12,SKU-009,RET-052,25,229.05
2026-03-13,SKU-009,RET-067,40,229.05
2026-03-14,SKU-009,RET-009,26,229.05
2026-03-15,SKU-009,RET-073,22,229.05
2026-03-16,SKU-009,RET-064,28,229.05
2026-03-17,SKU-009,RET-046,28,229.05
2026-03-18,SKU-009,RET-058,21,229.05
2026-03-19,SKU-009,RET-024,17,229.05
2026-03-20,SKU-009,RET-044,28,229.05
2026-03-21,SKU-009,RET-032,40,229.05
2026-03-22,SKU-009,RET-031,28,229.05
2026-03-23,SKU-009,RET-094,27,229.05
2026-03-24,SKU-009,RET-058,27,229.05
2026-03-25,SKU-009,RET-040,32,229.05
2026-03-26,SKU-009,RET-055,26,229.05
2026-03-27,SKU-009,RET-030,30,229.05
2026-03-28,SKU-009,RET-024,36,229.05
2026-03-29,SKU-009,RET-003,26,229.05
2026-03-30,SKU-009,RET-060,23,229.05
2026-03-31,SKU-009,RET-052,30,229.05
2026-04-01,SKU-009,RET-015,35,229.05
2026-04-02,SKU-009,RET-065,28,229.05
2026-04-03,SKU-009,RET-015,35,229.05
2026-04-04,SKU-009,RET-022,35,229.05
2026-04-05,SKU-009,RET-015,16,229.05
2026-04-06,SKU-009,RET-045,29,229.05
2026-04-07,SKU-009,RET-025,32,229.05
2026-04-08,SKU-009,RET-003,28,229.05
2026-04-09,SKU-009,RET-066,25,229.05
2026-04-10,SKU-009,RET-061,20,229.05
2026-04-11,SKU-009,RET-015,35,229.05
2026-04-12,SKU-009,RET-023,17,229.05
2026-04-13,SKU-009,RET-007,22,229.05
2026-04-14,SKU-009,RET-090,24,229.05
2026-04-15,SKU-009,RET-078,20,229.05
2026-04-16,SKU-009,RET-021,28,229.05
2026-04-17,SKU-009,RET-049,26,229.05
2026-04-18,SKU-009,RET-019,36,229.05
2026-04-19,SKU-009,RET-053,21,229.05
2026-04-20,SKU-009,RET-057,25,229.05
2026-04-21,SKU-009,RET-095,26,229.05
2026-04-22,SKU-009,RET-088,37,229.05
2026-04-23,SKU-009,RET-064,22,229.05
2026-04-24,SKU-009,RET-070,31,229.05
2026-04-25,SKU-009,RET-008,34,229.05
2026-04-26,SKU-009,RET-040,20,229.05
2026-04-27,SKU-009,RET-095,30,229.05
2026-04-28,SKU-009,RET-002,29,229.05
2026-04-29,SKU-009,RET-037,37,229.05
2026-04-30,SKU-009,RET-034,22,229.05
2026-05-01,SKU-009,RET-065,37,229.05
2026-05-02,SKU-009,RET-019,28,229.05
2026-05-03,SKU-009,RET-015,33,229.05
2026-05-04,SKU-009,RET-051,32,229.05
2026-05-05,SKU-009,RET-043,26,229.05
2026-05-06,SKU-009,RET-089,25,229.05
2026-05-07,SKU-009,RET-081,20,229.05
2026-05-08,SKU-009,RET-008,38,229.05
2026-05-09,SKU-009,RET-043,30,229.05
2026-05-10,SKU-009,RET-041,30,229.05
2026-05-11,SKU-009,RET-084,17,229.05
2026-05-12,SKU-009,RET-055,34,229.05
2026-05-13,SKU-009,RET-028,26,229.05
2026-05-14,SKU-009,RET-025,18,229.05
2026-05-15,SKU-009,RET-071,29,229.05
2026-05-16,SKU-009,RET-094,32,229.05
2026-05-17,SKU-009,RET-096,22,229.05
2026-05-18,SKU-009,RET-001,32,229.05
2026-05-19,SKU-009,RET-016,24,229.05
2026-05-20,SKU-009,RET-091,29,229.05
2026-05-21,SKU-009,RET-055,23,229.05
2026-05-22,SKU-009,RET-032,29,229.05
2026-05-23,SKU-009,RET-023,20,229.05
2026-05-24,SKU-009,RET-043,22,229.05
2026-05-25,SKU-009,RET-076,27,229.05
2026-05-26,SKU-009,RET-044,23,229.05
2026-05-27,SKU-009,RET-080,21,229.05
2026-05-28,SKU-009,RET-007,31,229.05
2026-05-29,SKU-009,RET-074,28,229.05
2026-05-30,SKU-009,RET-028,36,229.05
2026-05-31,SKU-009,RET-026,21,229.05
2026-06-01,SKU-009,RET-065,16,229.05
2026-06-02,SKU-009,RET-003,19,229.05
2026-06-03,SKU-009,RET-046,27,229.05
2026-06-04,SKU-009,RET-039,25,229.05
2026-06-05,SKU-009,RET-042,32,229.05
2026-06-06,SKU-009,RET-084,37,229.05
2026-06-07,SKU-009,RET-006,23,229.05
2026-06-08,SKU-009,RET-053,15,229.05
2026-06-09,SKU-009,RET-003,31,229.05
2026-06-10,SKU-009,RET-074,21,229.05
2026-06-11,SKU-009,RET-097,24,229.05
2026-06-12,SKU-009,RET-066,32,229.05
2026-06-13,SKU-009,RET-009,27,229.05
2026-06-14,SKU-009,RET-073,24,229.05
2026-06-15,SKU-009,RET-025,16,229.05
2026-06-16,SKU-009,RET-066,26,229.05
2026-06-17,SKU-009,RET-038,18,229.05
2026-06-18,SKU-009,RET-067,19,229.05
2026-06-19,SKU-009,RET-060,31,229.05
2026-06-20,SKU-009,RET-038,24,229.05
2026-06-21,SKU-009,RET-029,19,229.05
2026-06-22,SKU-009,RET-004,12,229.05
2026-06-23,SKU-009,RET-016,25,229.05
2026-06-24,SKU-009,RET-029,13,229.05
2026-06-25,SKU-009,RET-026,26,229.05
2026-06-26,SKU-009,RET-023,35,229.05
2026-06-27,SKU-009,RET-033,17,229.05
2026-06-28,SKU-009,RET-077,20,229.05
2026-06-29,SKU-009,RET-034,24,229.05
2026-06-30,SKU-009,RET-097,17,229.05
2026-07-01,SKU-009,RET-094,29,229.05
2026-07-02,SKU-009,RET-092,23,229.05
2026-07-03,SKU-009,RET-085,25,229.05
2026-07-04,SKU-009,RET-091,27,229.05
2026-07-05,SKU-009,RET-020,22,229.05
2026-07-06,SKU-009,RET-023,25,229.05
2026-07-07,SKU-009,RET-058,28,229.05
2026-07-08,SKU-009,RET-018,22,229.05
2026-07-09,SKU-009,RET-100,18,229.05
2026-07-10,SKU-009,RET-064,22,229.05
2026-07-11,SKU-009,RET-039,32,229.05
2026-07-12,SKU-009,RET-038,25,229.05
2026-07-13,SKU-009,RET-054,16,229.05
2026-07-14,SKU-009,RET-010,24,229.05
2026-07-15,SKU-009,RET-011,22,229.05
2026-07-16,SKU-009,RET-016,21,229.05
2026-07-17,SKU-009,RET-094,35,229.05
2026-07-18,SKU-009,RET-043,28,229.05
2026-07-19,SKU-009,RET-016,17,229.05
2026-07-20,SKU-009,RET-083,27,229.05
2026-07-21,SKU-009,RET-070,19,229.05
2026-07-22,SKU-009,RET-013,23,229.05
2026-07-23,SKU-009,RET-025,17,229.05
2026-07-24,SKU-009,RET-075,30,229.05
2026-07-25,SKU-009,RET-076,34,229.05
2026-07-26,SKU-009,RET-051,21,229.05
2026-07-27,SKU-009,RET-042,23,229.05
2026-07-28,SKU-009,RET-070,29,229.05
2026-07-29,SKU-009,RET-090,16,229.05
2026-07-30,SKU-009,RET-051,22,229.05
2026-07-31,SKU-009,RET-051,26,229.05
2026-08-01,SKU-009,RET-032,31,229.05
2026-08-02,SKU-009,RET-023,22,229.05
2026-08-03,SKU-009,RET-026,18,229.05
2026-08-04,SKU-009,RET-036,21,229.05
2026-08-05,SKU-009,RET-011,27,229.05
2026-08-06,SKU-009,RET-072,21,229.05
2026-08-07,SKU-009,RET-005,27,229.05
2026-08-08,SKU-009,RET-076,29,229.05
2026-08-09,SKU-009,RET-008,22,229.05
2026-08-10,SKU-009,RET-012,16,229.05
2026-08-11,SKU-009,RET-030,17,229.05
2026-08-12,SKU-009,RET-062,24,229.05
2026-08-13,SKU-009,RET-091,16,229.05
2026-08-14,SKU-009,RET-020,25,229.05
2026-08-15,SKU-009,RET-004,29,229.05
2026-08-16,SKU-009,RET-098,21,229.05
2026-08-17,SKU-009,RET-001,19,229.05
2026-08-18,SKU-009,RET-022,19,229.05
2026-08-19,SKU-009,RET-014,19,229.05
2026-08-20,SKU-009,RET-056,19,229.05
2026-08-21,SKU-009,RET-015,41,229.05
2026-08-22,SKU-009,RET-020,25,229.05
2026-08-23,SKU-009,RET-054,22,229.05
2026-08-24,SKU-009,RET-052,21,229.05
2026-08-25,SKU-009,RET-071,24,229.05
2025-08-26,SKU-010,RET-056,8,59.0
2025-08-27,SKU-010,RET-034,6,59.0
2025-08-28,SKU-010,RET-071,6,59.0
2025-08-29,SKU-010,RET-031,7,59.0
2025-08-30,SKU-010,RET-082,8,59.0
2025-08-31,SKU-010,RET-032,10,59.0
2025-09-01,SKU-010,RET-011,9,59.0
2025-09-02,SKU-010,RET-034,5,59.0
2025-09-03,SKU-010,RET-090,5,59.0
2025-09-04,SKU-010,RET-039,11,59.0
2025-09-05,SKU-010,RET-066,11,59.0
2025-09-06,SKU-010,RET-014,12,59.0
2025-09-07,SKU-010,RET-010,8,59.0
2025-09-08,SKU-010,RET-029,8,59.0
2025-09-09,SKU-010,RET-033,6,59.0
2025-09-10,SKU-010,RET-010,3,59.0
2025-09-11,SKU-010,RET-032,8,59.0
2025-09-12,SKU-010,RET-074,3,59.0
2025-09-13,SKU-010,RET-042,6,59.0
2025-09-14,SKU-010,RET-042,6,59.0
2025-09-15,SKU-010,RET-079,8,59.0
2025-09-16,SKU-010,RET-096,9,59.0
2025-09-17,SKU-010,RET-038,7,59.0
2025-09-18,SKU-010,RET-005,6,59.0
2025-09-19,SKU-010,RET-036,2,59.0
2025-09-20,SKU-010,RET-093,12,59.0
2025-09-21,SKU-010,RET-002,3,59.0
2025-09-22,SKU-010,RET-057,3,59.0
2025-09-23,SKU-010,RET-044,9,59.0
2025-09-24,SKU-010,RET-007,8,59.0
2025-09-25,SKU-010,RET-025,3,59.0
2025-09-26,SKU-010,RET-024,5,59.0
2025-09-27,SKU-010,RET-084,14,59.0
2025-09-28,SKU-010,RET-031,9,59.0
2025-09-29,SKU-010,RET-071,7,59.0
2025-09-30,SKU-010,RET-096,6,59.0
2025-10-01,SKU-010,RET-014,14,59.0
2025-10-02,SKU-010,RET-051,7,59.0
2025-10-03,SKU-010,RET-014,16,59.0
2025-10-04,SKU-010,RET-051,15,59.0
2025-10-05,SKU-010,RET-039,4,59.0
2025-10-06,SKU-010,RET-020,8,59.0
2025-10-07,SKU-010,RET-038,13,59.0
2025-10-08,SKU-010,RET-050,13,59.0
2025-10-09,SKU-010,RET-030,7,59.0
2025-10-10,SKU-010,RET-073,15,59.0
2025-10-11,SKU-010,RET-057,9,59.0
2025-10-12,SKU-010,RET-002,9,59.0
2025-10-13,SKU-010,RET-002,13,59.0
2025-10-14,SKU-010,RET-021,7,59.0
2025-10-15,SKU-010,RET-067,7,59.0
2025-10-16,SKU-010,RET-019,8,59.0
2025-10-17,SKU-010,RET-019,13,59.0
2025-10-18,SKU-010,RET-050,18,59.0
2025-10-19,SKU-010,RET-092,8,59.0
2025-10-20,SKU-010,RET-028,12,59.0
2025-10-21,SKU-010,RET-090,11,59.0
2025-10-22,SKU-010,RET-007,10,59.0
2025-10-23,SKU-010,RET-092,14,59.0
2025-10-24,SKU-010,RET-018,13,59.0
2025-10-25,SKU-010,RET-092,15,59.0
2025-10-26,SKU-010,RET-009,8,59.0
2025-10-27,SKU-010,RET-014,12,59.0
2025-10-28,SKU-010,RET-070,11,59.0
2025-10-29,SKU-010,RET-058,11,59.0
2025-10-30,SKU-010,RET-092,10,59.0
2025-10-31,SKU-010,RET-027,16,59.0
2025-11-01,SKU-010,RET-094,13,59.0
2025-11-02,SKU-010,RET-026,12,59.0
2025-11-03,SKU-010,RET-069,11,59.0
2025-11-04,SKU-010,RET-019,13,59.0
2025-11-05,SKU-010,RET-088,13,59.0
2025-11-06,SKU-010,RET-009,9,59.0
2025-11-07,SKU-010,RET-090,13,59.0
2025-11-08,SKU-010,RET-088,14,59.0
2025-11-09,SKU-010,RET-079,8,59.0
2025-11-10,SKU-010,RET-001,13,59.0
2025-11-11,SKU-010,RET-024,12,59.0
2025-11-12,SKU-010,RET-061,13,59.0
2025-11-13,SKU-010,RET-034,8,59.0
2025-11-14,SKU-010,RET-017,15,59.0
2025-11-15,SKU-010,RET-048,8,59.0
2025-11-16,SKU-010,RET-054,7,59.0
2025-11-17,SKU-010,RET-030,5,59.0
2025-11-18,SKU-010,RET-008,13,59.0
2025-11-19,SKU-010,RET-076,17,59.0
2025-11-20,SKU-010,RET-061,10,59.0
2025-11-21,SKU-010,RET-010,12,59.0
2025-11-22,SKU-010,RET-070,13,59.0
2025-11-23,SKU-010,RET-088,15,59.0
2025-11-24,SKU-010,RET-009,4,59.0
2025-11-25,SKU-010,RET-078,6,59.0
2025-11-26,SKU-010,RET-012,11,59.0
2025-11-27,SKU-010,RET-085,13,59.0
2025-11-28,SKU-010,RET-073,8,59.0
2025-11-29,SKU-010,RET-019,13,59.0
2025-11-30,SKU-010,RET-087,12,59.0
2025-12-01,SKU-010,RET-044,6,59.0
2025-12-02,SKU-010,RET-045,4,59.0
2025-12-03,SKU-010,RET-099,11,59.0
2025-12-04,SKU-010,RET-039,11,59.0
2025-12-05,SKU-010,RET-016,8,59.0
2025-12-06,SKU-010,RET-085,12,59.0
2025-12-07,SKU-010,RET-065,11,59.0
2025-12-08,SKU-010,RET-008,7,59.0
2025-12-09,SKU-010,RET-034,12,59.0
2025-12-10,SKU-010,RET-081,11,59.0
2025-12-11,SKU-010,RET-025,8,59.0
2025-12-12,SKU-010,RET-004,11,59.0
2025-12-13,SKU-010,RET-071,5,59.0
2025-12-14,SKU-010,RET-020,8,59.0
2025-12-15,SKU-010,RET-065,9,59.0
2025-12-16,SKU-010,RET-077,11,59.0
2025-12-17,SKU-010,RET-080,13,59.0
2025-12-18,SKU-010,RET-021,4,59.0
2025-12-19,SKU-010,RET-070,7,59.0
2025-12-20,SKU-010,RET-077,11,59.0
2025-12-21,SKU-010,RET-050,11,59.0
2025-12-22,SKU-010,RET-095,8,59.0
2025-12-23,SKU-010,RET-011,6,59.0
2025-12-24,SKU-010,RET-025,12,59.0
2025-12-25,SKU-010,RET-053,12,59.0
2025-12-26,SKU-010,RET-098,10,59.0
2025-12-27,SKU-010,RET-079,12,59.0
2025-12-28,SKU-010,RET-095,21,59.0
2025-12-29,SKU-010,RET-019,14,59.0
2025-12-30,SKU-010,RET-090,7,59.0
2025-12-31,SKU-010,RET-023,13,59.0
2026-01-01,SKU-010,RET-072,13,59.0
2026-01-02,SKU-010,RET-098,12,59.0
2026-01-03,SKU-010,RET-085,10,59.0
2026-01-04,SKU-010,RET-069,11,59.0
2026-01-05,SKU-010,RET-068,17,59.0
2026-01-06,SKU-010,RET-014,9,59.0
2026-01-07,SKU-010,RET-013,10,59.0
2026-01-08,SKU-010,RET-088,9,59.0
2026-01-09,SKU-010,RET-089,13,59.0
2026-01-10,SKU-010,RET-100,14,59.0
2026-01-11,SKU-010,RET-070,8,59.0
2026-01-12,SKU-010,RET-068,10,59.0
2026-01-13,SKU-010,RET-005,8,59.0
2026-01-14,SKU-010,RET-045,9,59.0
2026-01-15,SKU-010,RET-036,12,59.0
2026-01-16,SKU-010,RET-072,13,59.0
2026-01-17,SKU-010,RET-052,4,59.0
2026-01-18,SKU-010,RET-070,5,59.0
2026-01-19,SKU-010,RET-004,10,59.0
2026-01-20,SKU-010,RET-089,13,59.0
2026-01-21,SKU-010,RET-078,9,59.0
2026-01-22,SKU-010,RET-067,6,59.0
2026-01-23,SKU-010,RET-086,14,59.0
2026-01-24,SKU-010,RET-067,8,59.0
2026-01-25,SKU-010,RET-094,9,59.0
2026-01-26,SKU-010,RET-010,9,59.0
2026-01-27,SKU-010,RET-004,10,59.0
2026-01-28,SKU-010,RET-076,10,59.0
2026-01-29,SKU-010,RET-088,7,59.0
2026-01-30,SKU-010,RET-036,12,59.0
2026-01-31,SKU-010,RET-073,12,59.0
2026-02-01,SKU-010,RET-007,6,59.0
2026-02-02,SKU-010,RET-087,6,59.0
2026-02-03,SKU-010,RET-031,9,59.0
2026-02-04,SKU-010,RET-019,18,59.0
2026-02-05,SKU-010,RET-023,7,59.0
2026-02-06,SKU-010,RET-065,14,59.0
2026-02-07,SKU-010,RET-036,10,59.0
2026-02-08,SKU-010,RET-019,14,59.0
2026-02-09,SKU-010,RET-035,12,59.0
2026-02-10,SKU-010,RET-017,9,59.0
2026-02-11,SKU-010,RET-011,10,59.0
2026-02-12,SKU-010,RET-028,7,59.0
2026-02-13,SKU-010,RET-019,10,59.0
2026-02-14,SKU-010,RET-007,15,59.0
2026-02-15,SKU-010,RET-074,4,59.0
2026-02-16,SKU-010,RET-059,19,59.0
2026-02-17,SKU-010,RET-042,2,59.0
2026-02-18,SKU-010,RET-085,10,59.0
2026-02-19,SKU-010,RET-052,16,59.0
2026-02-20,SKU-010,RET-014,12,59.0
2026-02-21,SKU-010,RET-031,9,59.0
2026-02-22,SKU-010,RET-082,7,59.0
2026-02-23,SKU-010,RET-013,18,59.0
2026-02-24,SKU-010,RET-006,8,59.0
2026-02-25,SKU-010,RET-029,12,59.0
2026-02-26,SKU-010,RET-033,10,59.0
2026-02-27,SKU-010,RET-034,10,59.0
2026-02-28,SKU-010,RET-046,15,59.0
2026-03-01,SKU-010,RET-030,9,59.0
2026-03-02,SKU-010,RET-082,12,59.0
2026-03-03,SKU-010,RET-088,13,59.0
2026-03-04,SKU-010,RET-030,11,59.0
2026-03-05,SKU-010,RET-018,12,59.0
2026-03-06,SKU-010,RET-032,15,59.0
2026-03-07,SKU-010,RET-052,9,59.0
2026-03-08,SKU-010,RET-019,5,59.0
2026-03-09,SKU-010,RET-056,17,59.0
2026-03-10,SKU-010,RET-078,13,59.0
2026-03-11,SKU-010,RET-082,17,59.0
2026-03-12,SKU-010,RET-093,6,59.0
2026-03-13,SKU-010,RET-013,7,59.0
2026-03-14,SKU-010,RET-026,17,59.0
2026-03-15,SKU-010,RET-008,15,59.0
2026-03-16,SKU-010,RET-067,14,59.0
2026-03-17,SKU-010,RET-054,9,59.0
2026-03-18,SKU-010,RET-059,9,59.0
2026-03-19,SKU-010,RET-027,8,59.0
2026-03-20,SKU-010,RET-064,13,59.0
2026-03-21,SKU-010,RET-097,11,59.0
2026-03-22,SKU-010,RET-083,13,59.0
2026-03-23,SKU-010,RET-023,10,59.0
2026-03-24,SKU-010,RET-077,13,59.0
2026-03-25,SKU-010,RET-036,10,59.0
2026-03-26,SKU-010,RET-026,2,59.0
2026-03-27,SKU-010,RET-006,17,59.0
2026-03-28,SKU-010,RET-047,17,59.0
2026-03-29,SKU-010,RET-063,6,59.0
2026-03-30,SKU-010,RET-008,8,59.0
2026-03-31,SKU-010,RET-096,15,59.0
2026-04-01,SKU-010,RET-069,13,59.0
2026-04-02,SKU-010,RET-003,13,59.0
2026-04-03,SKU-010,RET-077,13,59.0
2026-04-04,SKU-010,RET-052,13,59.0
2026-04-05,SKU-010,RET-050,9,59.0
2026-04-06,SKU-010,RET-001,15,59.0
2026-04-07,SKU-010,RET-097,11,59.0
2026-04-08,SKU-010,RET-027,10,59.0
2026-04-09,SKU-010,RET-065,11,59.0
2026-04-10,SKU-010,RET-006,18,59.0
2026-04-11,SKU-010,RET-084,18,59.0
2026-04-12,SKU-010,RET-008,12,59.0
2026-04-13,SKU-010,RET-080,3,59.0
2026-04-14,SKU-010,RET-073,6,59.0
2026-04-15,SKU-010,RET-065,11,59.0
2026-04-16,SKU-010,RET-079,14,59.0
2026-04-17,SKU-010,RET-065,15,59.0
2026-04-18,SKU-010,RET-035,10,59.0
2026-04-19,SKU-010,RET-094,11,59.0
2026-04-20,SKU-010,RET-071,10,59.0
2026-04-21,SKU-010,RET-083,11,59.0
2026-04-22,SKU-010,RET-055,10,59.0
2026-04-23,SKU-010,RET-074,7,59.0
2026-04-24,SKU-010,RET-046,15,59.0
2026-04-25,SKU-010,RET-020,14,59.0
2026-04-26,SKU-010,RET-100,9,59.0
2026-04-27,SKU-010,RET-069,14,59.0
2026-04-28,SKU-010,RET-034,7,59.0
2026-04-29,SKU-010,RET-097,11,59.0
2026-04-30,SKU-010,RET-077,9,59.0
2026-05-01,SKU-010,RET-099,16,59.0
2026-05-02,SKU-010,RET-012,9,59.0
2026-05-03,SKU-010,RET-077,8,59.0
2026-05-04,SKU-010,RET-068,10,59.0
2026-05-05,SKU-010,RET-075,9,59.0
2026-05-06,SKU-010,RET-072,6,59.0
2026-05-07,SKU-010,RET-037,9,59.0
2026-05-08,SKU-010,RET-001,6,59.0
2026-05-09,SKU-010,RET-091,17,59.0
2026-05-10,SKU-010,RET-034,6,59.0
2026-05-11,SKU-010,RET-051,8,59.0
2026-05-12,SKU-010,RET-035,10,59.0
2026-05-13,SKU-010,RET-044,14,59.0
2026-05-14,SKU-010,RET-021,12,59.0
2026-05-15,SKU-010,RET-078,13,59.0
2026-05-16,SKU-010,RET-015,12,59.0
2026-05-17,SKU-010,RET-010,12,59.0
2026-05-18,SKU-010,RET-041,11,59.0
2026-05-19,SKU-010,RET-040,7,59.0
2026-05-20,SKU-010,RET-035,8,59.0
2026-05-21,SKU-010,RET-095,9,59.0
2026-05-22,SKU-010,RET-057,13,59.0
2026-05-23,SKU-010,RET-051,13,59.0
2026-05-24,SKU-010,RET-066,13,59.0
2026-05-25,SKU-010,RET-017,8,59.0
2026-05-26,SKU-010,RET-073,10,59.0
2026-05-27,SKU-010,RET-005,14,59.0
2026-05-28,SKU-010,RET-075,12,59.0
2026-05-29,SKU-010,RET-060,11,59.0
2026-05-30,SKU-010,RET-008,12,59.0
2026-05-31,SKU-010,RET-004,10,59.0
2026-06-01,SKU-010,RET-055,7,59.0
2026-06-02,SKU-010,RET-016,16,59.0
2026-06-03,SKU-010,RET-016,13,59.0
2026-06-04,SKU-010,RET-062,6,59.0
2026-06-05,SKU-010,RET-023,11,59.0
2026-06-06,SKU-010,RET-049,10,59.0
2026-06-07,SKU-010,RET-023,1,59.0
2026-06-08,SKU-010,RET-002,8,59.0
2026-06-09,SKU-010,RET-064,11,59.0
2026-06-10,SKU-010,RET-092,18,59.0
2026-06-11,SKU-010,RET-005,10,59.0
2026-06-12,SKU-010,RET-088,7,59.0
2026-06-13,SKU-010,RET-059,11,59.0
2026-06-14,SKU-010,RET-037,13,59.0
2026-06-15,SKU-010,RET-006,8,59.0
2026-06-16,SKU-010,RET-023,11,59.0
2026-06-17,SKU-010,RET-061,5,59.0
2026-06-18,SKU-010,RET-026,11,59.0
2026-06-19,SKU-010,RET-049,7,59.0
2026-06-20,SKU-010,RET-069,15,59.0
2026-06-21,SKU-010,RET-017,8,59.0
2026-06-22,SKU-010,RET-080,20,59.0
2026-06-23,SKU-010,RET-040,16,59.0
2026-06-24,SKU-010,RET-045,8,59.0
2026-06-25,SKU-010,RET-100,10,59.0
2026-06-26,SKU-010,RET-020,9,59.0
2026-06-27,SKU-010,RET-034,14,59.0
2026-06-28,SKU-010,RET-065,6,59.0
2026-06-29,SKU-010,RET-089,6,59.0
2026-06-30,SKU-010,RET-092,9,59.0
2026-07-01,SKU-010,RET-041,8,59.0
2026-07-02,SKU-010,RET-032,8,59.0
2026-07-03,SKU-010,RET-100,16,59.0
2026-07-04,SKU-010,RET-035,8,59.0
2026-07-05,SKU-010,RET-045,8,59.0
2026-07-06,SKU-010,RET-056,10,59.0
2026-07-07,SKU-010,RET-093,8,59.0
2026-07-08,SKU-010,RET-023,9,59.0
2026-07-09,SKU-010,RET-071,8,59.0
2026-07-10,SKU-010,RET-002,9,59.0
2026-07-11,SKU-010,RET-056,10,59.0
2026-07-12,SKU-010,RET-061,10,59.0
2026-07-13,SKU-010,RET-030,8,59.0
2026-07-14,SKU-010,RET-079,7,59.0
2026-07-15,SKU-010,RET-046,8,59.0
2026-07-16,SKU-010,RET-049,11,59.0
2026-07-17,SKU-010,RET-033,11,59.0
2026-07-18,SKU-010,RET-058,13,59.0
2026-07-19,SKU-010,RET-065,6,59.0
2026-07-20,SKU-010,RET-013,9,59.0
2026-07-21,SKU-010,RET-099,4,59.0
2026-07-22,SKU-010,RET-041,10,59.0
2026-07-23,SKU-010,RET-044,9,59.0
2026-07-24,SKU-010,RET-028,7,59.0
2026-07-25,SKU-010,RET-012,12,59.0
2026-07-26,SKU-010,RET-069,4,59.0
2026-07-27,SKU-010,RET-026,13,59.0
2026-07-28,SKU-010,RET-051,12,59.0
2026-07-29,SKU-010,RET-023,7,59.0
2026-07-30,SKU-010,RET-053,15,59.0
2026-07-31,SKU-010,RET-009,6,59.0
2026-08-01,SKU-010,RET-085,15,59.0
2026-08-02,SKU-010,RET-001,8,59.0
2026-08-03,SKU-010,RET-093,4,59.0
2026-08-04,SKU-010,RET-028,10,59.0
2026-08-05,SKU-010,RET-042,13,59.0
2026-08-06,SKU-010,RET-021,8,59.0
2026-08-07,SKU-010,RET-076,14,59.0
2026-08-08,SKU-010,RET-037,9,59.0
2026-08-09,SKU-010,RET-062,8,59.0
2026-08-10,SKU-010,RET-089,9,59.0
2026-08-11,SKU-010,RET-080,8,59.0
2026-08-12,SKU-010,RET-063,9,59.0
2026-08-13,SKU-010,RET-004,7,59.0
2026-08-14,SKU-010,RET-078,10,59.0
2026-08-15,SKU-010,RET-030,8,59.0
2026-08-16,SKU-010,RET-040,13,59.0
2026-08-17,SKU-010,RET-099,5,59.0
2026-08-18,SKU-010,RET-024,7,59.0
2026-08-19,SKU-010,RET-089,5,59.0
2026-08-20,SKU-010,RET-042,10,59.0
2026-08-21,SKU-010,RET-087,11,59.0
2026-08-22,SKU-010,RET-008,8,59.0
2026-08-23,SKU-010,RET-076,9,59.0
2026-08-24,SKU-010,RET-082,6,59.0
2026-08-25,SKU-010,RET-042,9,59.0
2025-08-26,SKU-011,RET-009,16,52.52
2025-08-27,SKU-011,RET-025,11,52.52
2025-08-28,SKU-011,RET-069,9,52.52
2025-08-29,SKU-011,RET-097,14,52.52
2025-08-30,SKU-011,RET-052,12,52.52
2025-08-31,SKU-011,RET-088,8,52.52
2025-09-01,SKU-011,RET-056,18,52.52
2025-09-02,SKU-011,RET-008,13,52.52
2025-09-03,SKU-011,RET-072,7,52.52
2025-09-04,SKU-011,RET-006,12,52.52
2025-09-05,SKU-011,RET-048,11,52.52
2025-09-06,SKU-011,RET-019,18,52.52
2025-09-07,SKU-011,RET-033,12,52.52
2025-09-08,SKU-011,RET-042,11,52.52
2025-09-09,SKU-011,RET-076,15,52.52
2025-09-10,SKU-011,RET-037,5,52.52
2025-09-11,SKU-011,RET-054,10,52.52
2025-09-12,SKU-011,RET-032,12,52.52
2025-09-13,SKU-011,RET-031,15,52.52
2025-09-14,SKU-011,RET-089,8,52.52
2025-09-15,SKU-011,RET-075,17,52.52
2025-09-16,SKU-011,RET-079,7,52.52
2025-09-17,SKU-011,RET-036,12,52.52
2025-09-18,SKU-011,RET-071,12,52.52
2025-09-19,SKU-011,RET-043,13,52.52
2025-09-20,SKU-011,RET-030,9,52.52
2025-09-21,SKU-011,RET-076,12,52.52
2025-09-22,SKU-011,RET-041,4,52.52
2025-09-23,SKU-011,RET-051,14,52.52
2025-09-24,SKU-011,RET-076,9,52.52
2025-09-25,SKU-011,RET-075,19,52.52
2025-09-26,SKU-011,RET-032,15,52.52
2025-09-27,SKU-011,RET-074,9,52.52
2025-09-28,SKU-011,RET-042,14,52.52
2025-09-29,SKU-011,RET-091,9,52.52
2025-09-30,SKU-011,RET-097,13,52.52
2025-10-01,SKU-011,RET-013,16,52.52
2025-10-02,SKU-011,RET-082,18,52.52
2025-10-03,SKU-011,RET-048,20,52.52
2025-10-04,SKU-011,RET-031,21,52.52
2025-10-05,SKU-011,RET-094,15,52.52
2025-10-06,SKU-011,RET-015,11,52.52
2025-10-07,SKU-011,RET-074,12,52.52
2025-10-08,SKU-011,RET-024,23,52.52
2025-10-09,SKU-011,RET-010,16,52.52
2025-10-10,SKU-011,RET-002,21,52.52
2025-10-11,SKU-011,RET-049,18,52.52
2025-10-12,SKU-011,RET-050,12,52.52
2025-10-13,SKU-011,RET-042,20,52.52
2025-10-14,SKU-011,RET-100,12,52.52
2025-10-15,SKU-011,RET-043,11,52.52
2025-10-16,SKU-011,RET-049,10,52.52
2025-10-17,SKU-011,RET-095,15,52.52
2025-10-18,SKU-011,RET-072,20,52.52
2025-10-19,SKU-011,RET-045,13,52.52
2025-10-20,SKU-011,RET-035,12,52.52
2025-10-21,SKU-011,RET-015,15,52.52
2025-10-22,SKU-011,RET-004,10,52.52
2025-10-23,SKU-011,RET-066,11,52.52
2025-10-24,SKU-011,RET-012,6,52.52
2025-10-25,SKU-011,RET-012,17,52.52
2025-10-26,SKU-011,RET-075,12,52.52
2025-10-27,SKU-011,RET-065,12,52.52
2025-10-28,SKU-011,RET-070,22,52.52
2025-10-29,SKU-011,RET-052,18,52.52
2025-10-30,SKU-011,RET-093,17,52.52
2025-10-31,SKU-011,RET-054,18,52.52
2025-11-01,SKU-011,RET-042,20,52.52
2025-11-02,SKU-011,RET-039,19,52.52
2025-11-03,SKU-011,RET-025,10,52.52
2025-11-04,SKU-011,RET-026,16,52.52
2025-11-05,SKU-011,RET-066,16,52.52
2025-11-06,SKU-011,RET-016,12,52.52
2025-11-07,SKU-011,RET-060,21,52.52
2025-11-08,SKU-011,RET-024,15,52.52
2025-11-09,SKU-011,RET-041,9,52.52
2025-11-10,SKU-011,RET-088,17,52.52
2025-11-11,SKU-011,RET-065,9,52.52
2025-11-12,SKU-011,RET-087,13,52.52
2025-11-13,SKU-011,RET-017,20,52.52
2025-11-14,SKU-011,RET-021,19,52.52
2025-11-15,SKU-011,RET-099,11,52.52
2025-11-16,SKU-011,RET-035,14,52.52
2025-11-17,SKU-011,RET-058,21,52.52
2025-11-18,SKU-011,RET-058,19,52.52
2025-11-19,SKU-011,RET-062,12,52.52
2025-11-20,SKU-011,RET-041,19,52.52
2025-11-21,SKU-011,RET-089,17,52.52
2025-11-22,SKU-011,RET-046,13,52.52
2025-11-23,SKU-011,RET-040,13,52.52
2025-11-24,SKU-011,RET-014,16,52.52
2025-11-25,SKU-011,RET-027,17,52.52
2025-11-26,SKU-011,RET-047,7,52.52
2025-11-27,SKU-011,RET-040,19,52.52
2025-11-28,SKU-011,RET-074,20,52.52
2025-11-29,SKU-011,RET-050,20,52.52
2025-11-30,SKU-011,RET-072,12,52.52
2025-12-01,SKU-011,RET-097,8,52.52
2025-12-02,SKU-011,RET-001,8,52.52
2025-12-03,SKU-011,RET-048,17,52.52
2025-12-04,SKU-011,RET-056,14,52.52
2025-12-05,SKU-011,RET-008,10,52.52
2025-12-06,SKU-011,RET-022,23,52.52
2025-12-07,SKU-011,RET-046,15,52.52
2025-12-08,SKU-011,RET-004,10,52.52
2025-12-09,SKU-011,RET-093,17,52.52
2025-12-10,SKU-011,RET-054,9,52.52
2025-12-11,SKU-011,RET-053,6,52.52
2025-12-12,SKU-011,RET-066,11,52.52
2025-12-13,SKU-011,RET-074,10,52.52
2025-12-14,SKU-011,RET-052,5,52.52
2025-12-15,SKU-011,RET-045,10,52.52
2025-12-16,SKU-011,RET-094,10,52.52
2025-12-17,SKU-011,RET-074,12,52.52
2025-12-18,SKU-011,RET-023,9,52.52
2025-12-19,SKU-011,RET-051,15,52.52
2025-12-20,SKU-011,RET-005,17,52.52
2025-12-21,SKU-011,RET-022,24,52.52
2025-12-22,SKU-011,RET-025,20,52.52
2025-12-23,SKU-011,RET-085,4,52.52
2025-12-24,SKU-011,RET-079,14,52.52
2025-12-25,SKU-011,RET-020,18,52.52
2025-12-26,SKU-011,RET-017,17,52.52
2025-12-27,SKU-011,RET-043,13,52.52
2025-12-28,SKU-011,RET-016,8,52.52
2025-12-29,SKU-011,RET-039,16,52.52
2025-12-30,SKU-011,RET-040,17,52.52
2025-12-31,SKU-011,RET-049,15,52.52
2026-01-01,SKU-011,RET-011,15,52.52
2026-01-02,SKU-011,RET-043,21,52.52
2026-01-03,SKU-011,RET-024,22,52.52
2026-01-04,SKU-011,RET-020,11,52.52
2026-01-05,SKU-011,RET-063,14,52.52
2026-01-06,SKU-011,RET-041,14,52.52
2026-01-07,SKU-011,RET-036,10,52.52
2026-01-08,SKU-011,RET-032,11,52.52
2026-01-09,SKU-011,RET-051,14,52.52
2026-01-10,SKU-011,RET-021,24,52.52
2026-01-11,SKU-011,RET-094,14,52.52
2026-01-12,SKU-011,RET-097,11,52.52
2026-01-13,SKU-011,RET-056,20,52.52
2026-01-14,SKU-011,RET-058,8,52.52
2026-01-15,SKU-011,RET-007,7,52.52
2026-01-16,SKU-011,RET-037,18,52.52
2026-01-17,SKU-011,RET-048,14,52.52
2026-01-18,SKU-011,RET-083,12,52.52
2026-01-19,SKU-011,RET-035,16,52.52
2026-01-20,SKU-011,RET-027,15,52.52
2026-01-21,SKU-011,RET-052,14,52.52
2026-01-22,SKU-011,RET-044,14,52.52
2026-01-23,SKU-011,RET-085,16,52.52
2026-01-24,SKU-011,RET-023,14,52.52
2026-01-25,SKU-011,RET-092,12,52.52
2026-01-26,SKU-011,RET-091,19,52.52
2026-01-27,SKU-011,RET-062,14,52.52
2026-01-28,SKU-011,RET-036,15,52.52
2026-01-29,SKU-011,RET-006,13,52.52
2026-01-30,SKU-011,RET-060,16,52.52
2026-01-31,SKU-011,RET-085,6,52.52
2026-02-01,SKU-011,RET-017,16,52.52
2026-02-02,SKU-011,RET-015,18,52.52
2026-02-03,SKU-011,RET-090,8,52.52
2026-02-04,SKU-011,RET-061,13,52.52
2026-02-05,SKU-011,RET-019,21,52.52
2026-02-06,SKU-011,RET-063,14,52.52
2026-02-07,SKU-011,RET-016,17,52.52
2026-02-08,SKU-011,RET-020,18,52.52
2026-02-09,SKU-011,RET-042,20,52.52
2026-02-10,SKU-011,RET-084,15,52.52
2026-02-11,SKU-011,RET-031,17,52.52
2026-02-12,SKU-011,RET-049,14,52.52
2026-02-13,SKU-011,RET-031,19,52.52
2026-02-14,SKU-011,RET-076,17,52.52
2026-02-15,SKU-011,RET-076,12,52.52
2026-02-16,SKU-011,RET-018,17,52.52
2026-02-17,SKU-011,RET-016,14,52.52
2026-02-18,SKU-011,RET-090,14,52.52
2026-02-19,SKU-011,RET-069,9,52.52
2026-02-20,SKU-011,RET-007,17,52.52
2026-02-21,SKU-011,RET-041,15,52.52
2026-02-22,SKU-011,RET-001,13,52.52
2026-02-23,SKU-011,RET-082,10,52.52
2026-02-24,SKU-011,RET-070,22,52.52
2026-02-25,SKU-011,RET-068,17,52.52
2026-02-26,SKU-011,RET-098,8,52.52
2026-02-27,SKU-011,RET-004,23,52.52
2026-02-28,SKU-011,RET-039,16,52.52
2026-03-01,SKU-011,RET-028,14,52.52
2026-03-02,SKU-011,RET-031,23,52.52
2026-03-03,SKU-011,RET-003,25,52.52
2026-03-04,SKU-011,RET-001,17,52.52
2026-03-05,SKU-011,RET-023,16,52.52
2026-03-06,SKU-011,RET-002,24,52.52
2026-03-07,SKU-011,RET-076,18,52.52
2026-03-08,SKU-011,RET-063,15,52.52
2026-03-09,SKU-011,RET-077,14,52.52
2026-03-10,SKU-011,RET-087,20,52.52
2026-03-11,SKU-011,RET-035,18,52.52
2026-03-12,SKU-011,RET-077,14,52.52
2026-03-13,SKU-011,RET-054,10,52.52
2026-03-14,SKU-011,RET-079,17,52.52
2026-03-15,SKU-011,RET-001,11,52.52
2026-03-16,SKU-011,RET-072,14,52.52
2026-03-17,SKU-011,RET-034,20,52.52
2026-03-18,SKU-011,RET-081,10,52.52
2026-03-19,SKU-011,RET-100,9,52.52
2026-03-20,SKU-011,RET-007,19,52.52
2026-03-21,SKU-011,RET-018,14,52.52
2026-03-22,SKU-011,RET-039,12,52.52
2026-03-23,SKU-011,RET-077,17,52.52
2026-03-24,SKU-011,RET-013,17,52.52
2026-03-25,SKU-011,RET-019,14,52.52
2026-03-26,SKU-011,RET-012,23,52.52
2026-03-27,SKU-011,RET-065,15,52.52
2026-03-28,SKU-011,RET-083,22,52.52
2026-03-29,SKU-011,RET-085,11,52.52
2026-03-30,SKU-011,RET-041,11,52.52
2026-03-31,SKU-011,RET-036,12,52.52
2026-04-01,SKU-011,RET-078,14,52.52
2026-04-02,SKU-011,RET-048,15,52.52
2026-04-03,SKU-011,RET-089,7,52.52
2026-04-04,SKU-011,RET-014,15,52.52
2026-04-05,SKU-011,RET-016,13,52.52
2026-04-06,SKU-011,RET-009,11,52.52
2026-04-07,SKU-011,RET-047,15,52.52
2026-04-08,SKU-011,RET-094,10,52.52
2026-04-09,SKU-011,RET-036,15,52.52
2026-04-10,SKU-011,RET-011,14,52.52
2026-04-11,SKU-011,RET-060,16,52.52
2026-04-12,SKU-011,RET-074,9,52.52
2026-04-13,SKU-011,RET-076,11,52.52
2026-04-14,SKU-011,RET-100,14,52.52
2026-04-15,SKU-011,RET-088,20,52.52
2026-04-16,SKU-011,RET-015,14,52.52
2026-04-17,SKU-011,RET-001,19,52.52
2026-04-18,SKU-011,RET-095,18,52.52
2026-04-19,SKU-011,RET-040,21,52.52
2026-04-20,SKU-011,RET-066,14,52.52
2026-04-21,SKU-011,RET-039,20,52.52
2026-04-22,SKU-011,RET-037,23,52.52
2026-04-23,SKU-011,RET-062,16,52.52
2026-04-24,SKU-011,RET-024,21,52.52
2026-04-25,SKU-011,RET-022,20,52.52
2026-04-26,SKU-011,RET-005,17,52.52
2026-04-27,SKU-011,RET-018,18,52.52
2026-04-28,SKU-011,RET-046,16,52.52
2026-04-29,SKU-011,RET-066,18,52.52
2026-04-30,SKU-011,RET-028,10,52.52
2026-05-01,SKU-011,RET-024,12,52.52
2026-05-02,SKU-011,RET-065,14,52.52
2026-05-03,SKU-011,RET-093,26,52.52
2026-05-04,SKU-011,RET-025,21,52.52
2026-05-05,SKU-011,RET-077,12,52.52
2026-05-06,SKU-011,RET-068,18,52.52
2026-05-07,SKU-011,RET-090,13,52.52
2026-05-08,SKU-011,RET-067,15,52.52
2026-05-09,SKU-011,RET-020,19,52.52
2026-05-10,SKU-011,RET-099,14,52.52
2026-05-11,SKU-011,RET-079,13,52.52
2026-05-12,SKU-011,RET-023,21,52.52
2026-05-13,SKU-011,RET-062,23,52.52
2026-05-14,SKU-011,RET-003,16,52.52
2026-05-15,SKU-011,RET-001,22,52.52
2026-05-16,SKU-011,RET-028,20,52.52
2026-05-17,SKU-011,RET-002,12,52.52
2026-05-18,SKU-011,RET-045,11,52.52
2026-05-19,SKU-011,RET-066,16,52.52
2026-05-20,SKU-011,RET-061,23,52.52
2026-05-21,SKU-011,RET-016,13,52.52
2026-05-22,SKU-011,RET-060,20,52.52
2026-05-23,SKU-011,RET-078,13,52.52
2026-05-24,SKU-011,RET-043,13,52.52
2026-05-25,SKU-011,RET-077,5,52.52
2026-05-26,SKU-011,RET-080,12,52.52
2026-05-27,SKU-011,RET-051,12,52.52
2026-05-28,SKU-011,RET-015,14,52.52
2026-05-29,SKU-011,RET-049,16,52.52
2026-05-30,SKU-011,RET-021,23,52.52
2026-05-31,SKU-011,RET-005,9,52.52
2026-06-01,SKU-011,RET-076,7,52.52
2026-06-02,SKU-011,RET-016,18,52.52
2026-06-03,SKU-011,RET-089,17,52.52
2026-06-04,SKU-011,RET-089,17,52.52
2026-06-05,SKU-011,RET-034,22,52.52
2026-06-06,SKU-011,RET-022,10,52.52
2026-06-07,SKU-011,RET-086,8,52.52
2026-06-08,SKU-011,RET-003,13,52.52
2026-06-09,SKU-011,RET-001,13,52.52
2026-06-10,SKU-011,RET-068,16,52.52
2026-06-11,SKU-011,RET-077,14,52.52
2026-06-12,SKU-011,RET-068,13,52.52
2026-06-13,SKU-011,RET-064,14,52.52
2026-06-14,SKU-011,RET-023,13,52.52
2026-06-15,SKU-011,RET-035,18,52.52
2026-06-16,SKU-011,RET-100,17,52.52
2026-06-17,SKU-011,RET-011,9,52.52
2026-06-18,SKU-011,RET-061,10,52.52
2026-06-19,SKU-011,RET-012,16,52.52
2026-06-20,SKU-011,RET-068,9,52.52
2026-06-21,SKU-011,RET-048,10,52.52
2026-06-22,SKU-011,RET-012,10,52.52
2026-06-23,SKU-011,RET-092,10,52.52
2026-06-24,SKU-011,RET-028,10,52.52
2026-06-25,SKU-011,RET-091,19,52.52
2026-06-26,SKU-011,RET-025,17,52.52
2026-06-27,SKU-011,RET-013,17,52.52
2026-06-28,SKU-011,RET-035,23,52.52
2026-06-29,SKU-011,RET-059,12,52.52
2026-06-30,SKU-011,RET-083,13,52.52
2026-07-01,SKU-011,RET-068,11,52.52
2026-07-02,SKU-011,RET-012,16,52.52
2026-07-03,SKU-011,RET-012,15,52.52
2026-07-04,SKU-011,RET-041,11,52.52
2026-07-05,SKU-011,RET-056,6,52.52
2026-07-06,SKU-011,RET-064,12,52.52
2026-07-07,SKU-011,RET-048,9,52.52
2026-07-08,SKU-011,RET-014,16,52.52
2026-07-09,SKU-011,RET-015,13,52.52
2026-07-10,SKU-011,RET-050,16,52.52
2026-07-11,SKU-011,RET-086,18,52.52
2026-07-12,SKU-011,RET-021,15,52.52
2026-07-13,SKU-011,RET-083,10,52.52
2026-07-14,SKU-011,RET-073,5,52.52
2026-07-15,SKU-011,RET-006,12,52.52
2026-07-16,SKU-011,RET-046,14,52.52
2026-07-17,SKU-011,RET-055,24,52.52
2026-07-18,SKU-011,RET-017,12,52.52
2026-07-19,SKU-011,RET-013,11,52.52
2026-07-20,SKU-011,RET-035,8,52.52
2026-07-21,SKU-011,RET-064,11,52.52
2026-07-22,SKU-011,RET-044,10,52.52
2026-07-23,SKU-011,RET-092,7,52.52
2026-07-24,SKU-011,RET-083,13,52.52
2026-07-25,SKU-011,RET-018,12,52.52
2026-07-26,SKU-011,RET-067,8,52.52
2026-07-27,SKU-011,RET-044,10,52.52
2026-07-28,SKU-011,RET-037,11,52.52
2026-07-29,SKU-011,RET-013,12,52.52
2026-07-30,SKU-011,RET-086,10,52.52
2026-07-31,SKU-011,RET-058,14,52.52
2026-08-01,SKU-011,RET-061,19,52.52
2026-08-02,SKU-011,RET-084,9,52.52
2026-08-03,SKU-011,RET-011,15,52.52
2026-08-04,SKU-011,RET-011,13,52.52
2026-08-05,SKU-011,RET-079,6,52.52
2026-08-06,SKU-011,RET-001,17,52.52
2026-08-07,SKU-011,RET-046,12,52.52
2026-08-08,SKU-011,RET-069,10,52.52
2026-08-09,SKU-011,RET-010,10,52.52
2026-08-10,SKU-011,RET-032,9,52.52
2026-08-11,SKU-011,RET-079,18,52.52
2026-08-12,SKU-011,RET-030,15,52.52
2026-08-13,SKU-011,RET-067,14,52.52
2026-08-14,SKU-011,RET-100,9,52.52
2026-08-15,SKU-011,RET-088,12,52.52
2026-08-16,SKU-011,RET-083,12,52.52
2026-08-17,SKU-011,RET-042,9,52.52
2026-08-18,SKU-011,RET-023,9,52.52
2026-08-19,SKU-011,RET-064,11,52.52
2026-08-20,SKU-011,RET-080,13,52.52
2026-08-21,SKU-011,RET-005,16,52.52
2026-08-22,SKU-011,RET-083,9,52.52
2026-08-23,SKU-011,RET-047,9,52.52
2026-08-24,SKU-011,RET-097,10,52.52
2026-08-25,SKU-011,RET-062,4,52.52
2025-08-26,SKU-012,RET-060,7,201.6
2025-08-27,SKU-012,RET-002,20,201.6
2025-08-28,SKU-012,RET-030,10,201.6
2025-08-29,SKU-012,RET-070,18,201.6
2025-08-30,SKU-012,RET-097,14,201.6
2025-08-31,SKU-012,RET-079,12,201.6
2025-09-01,SKU-012,RET-026,10,201.6
2025-09-02,SKU-012,RET-086,17,201.6
2025-09-03,SKU-012,RET-005,13,201.6
2025-09-04,SKU-012,RET-001,8,201.6
2025-09-05,SKU-012,RET-032,8,201.6
2025-09-06,SKU-012,RET-074,12,201.6
2025-09-07,SKU-012,RET-092,8,201.6
2025-09-08,SKU-012,RET-063,13,201.6
2025-09-09,SKU-012,RET-050,10,201.6
2025-09-10,SKU-012,RET-027,7,201.6
2025-09-11,SKU-012,RET-060,9,201.6
2025-09-12,SKU-012,RET-096,12,201.6
2025-09-13,SKU-012,RET-006,8,201.6
2025-09-14,SKU-012,RET-056,16,201.6
2025-09-15,SKU-012,RET-077,13,201.6
2025-09-16,SKU-012,RET-058,16,201.6
2025-09-17,SKU-012,RET-017,16,201.6
2025-09-18,SKU-012,RET-020,10,201.6
2025-09-19,SKU-012,RET-012,13,201.6
2025-09-20,SKU-012,RET-018,8,201.6
2025-09-21,SKU-012,RET-098,13,201.6
2025-09-22,SKU-012,RET-017,10,201.6
2025-09-23,SKU-012,RET-090,9,201.6
2025-09-24,SKU-012,RET-001,12,201.6
2025-09-25,SKU-012,RET-014,7,201.6
2025-09-26,SKU-012,RET-034,8,201.6
2025-09-27,SKU-012,RET-006,10,201.6
2025-09-28,SKU-012,RET-088,8,201.6
2025-09-29,SKU-012,RET-002,10,201.6
2025-09-30,SKU-012,RET-078,4,201.6
2025-10-01,SKU-012,RET-075,21,201.6
2025-10-02,SKU-012,RET-021,12,201.6
2025-10-03,SKU-012,RET-093,11,201.6
2025-10-04,SKU-012,RET-026,18,201.6
2025-10-05,SKU-012,RET-020,14,201.6
2025-10-06,SKU-012,RET-069,15,201.6
2025-10-07,SKU-012,RET-032,19,201.6
2025-10-08,SKU-012,RET-043,13,201.6
2025-10-09,SKU-012,RET-037,13,201.6
2025-10-10,SKU-012,RET-095,18,201.6
2025-10-11,SKU-012,RET-091,18,201.6
2025-10-12,SKU-012,RET-072,14,201.6
2025-10-13,SKU-012,RET-078,18,201.6
2025-10-14,SKU-012,RET-017,14,201.6
2025-10-15,SKU-012,RET-079,14,201.6
2025-10-16,SKU-012,RET-010,11,201.6
2025-10-17,SKU-012,RET-078,25,201.6
2025-10-18,SKU-012,RET-020,15,201.6
2025-10-19,SKU-012,RET-041,14,201.6
2025-10-20,SKU-012,RET-032,15,201.6
2025-10-21,SKU-012,RET-088,15,201.6
2025-10-22,SKU-012,RET-034,12,201.6
2025-10-23,SKU-012,RET-082,12,201.6
2025-10-24,SKU-012,RET-053,22,201.6
2025-10-25,SKU-012,RET-031,16,201.6
2025-10-26,SKU-012,RET-017,15,201.6
2025-10-27,SKU-012,RET-058,16,201.6
2025-10-28,SKU-012,RET-024,9,201.6
2025-10-29,SKU-012,RET-068,13,201.6
2025-10-30,SKU-012,RET-027,15,201.6
2025-10-31,SKU-012,RET-077,18,201.6
2025-11-01,SKU-012,RET-040,12,201.6
2025-11-02,SKU-012,RET-036,12,201.6
2025-11-03,SKU-012,RET-012,14,201.6
2025-11-04,SKU-012,RET-038,11,201.6
2025-11-05,SKU-012,RET-097,8,201.6
2025-11-06,SKU-012,RET-080,16,201.6
2025-11-07,SKU-012,RET-052,28,201.6
2025-11-08,SKU-012,RET-001,22,201.6
2025-11-09,SKU-012,RET-081,12,201.6
2025-11-10,SKU-012,RET-013,8,201.6
2025-11-11,SKU-012,RET-035,16,201.6
2025-11-12,SKU-012,RET-034,18,201.6
2025-11-13,SKU-012,RET-079,18,201.6
2025-11-14,SKU-012,RET-087,17,201.6
2025-11-15,SKU-012,RET-012,18,201.6
2025-11-16,SKU-012,RET-038,15,201.6
2025-11-17,SKU-012,RET-012,17,201.6
2025-11-18,SKU-012,RET-084,19,201.6
2025-11-19,SKU-012,RET-050,14,201.6
2025-11-20,SKU-012,RET-002,13,201.6
2025-11-21,SKU-012,RET-058,24,201.6
2025-11-22,SKU-012,RET-011,17,201.6
2025-11-23,SKU-012,RET-046,18,201.6
2025-11-24,SKU-012,RET-061,14,201.6
2025-11-25,SKU-012,RET-013,16,201.6
2025-11-26,SKU-012,RET-047,13,201.6
2025-11-27,SKU-012,RET-090,20,201.6
2025-11-28,SKU-012,RET-097,15,201.6
2025-11-29,SKU-012,RET-028,21,201.6
2025-11-30,SKU-012,RET-042,17,201.6
2025-12-01,SKU-012,RET-048,10,201.6
2025-12-02,SKU-012,RET-029,11,201.6
2025-12-03,SKU-012,RET-076,10,201.6
2025-12-04,SKU-012,RET-065,10,201.6
2025-12-05,SKU-012,RET-034,16,201.6
2025-12-06,SKU-012,RET-010,14,201.6
2025-12-07,SKU-012,RET-094,11,201.6
2025-12-08,SKU-012,RET-039,11,201.6
2025-12-09,SKU-012,RET-068,13,201.6
2025-12-10,SKU-012,RET-001,12,201.6
2025-12-11,SKU-012,RET-096,15,201.6
2025-12-12,SKU-012,RET-096,16,201.6
2025-12-13,SKU-012,RET-040,12,201.6
2025-12-14,SKU-012,RET-094,13,201.6
2025-12-15,SKU-012,RET-056,13,201.6
2025-12-16,SKU-012,RET-049,15,201.6
2025-12-17,SKU-012,RET-086,10,201.6
2025-12-18,SKU-012,RET-052,10,201.6
2025-12-19,SKU-012,RET-021,19,201.6
2025-12-20,SKU-012,RET-022,23,201.6
2025-12-21,SKU-012,RET-091,13,201.6
2025-12-22,SKU-012,RET-094,11,201.6
2025-12-23,SKU-012,RET-016,19,201.6
2025-12-24,SKU-012,RET-062,17,201.6
2025-12-25,SKU-012,RET-085,21,201.6
2025-12-26,SKU-012,RET-024,17,201.6
2025-12-27,SKU-012,RET-081,19,201.6
2025-12-28,SKU-012,RET-013,13,201.6
2025-12-29,SKU-012,RET-081,11,201.6
2025-12-30,SKU-012,RET-034,9,201.6
2025-12-31,SKU-012,RET-001,13,201.6
2026-01-01,SKU-012,RET-061,11,201.6
2026-01-02,SKU-012,RET-028,15,201.6
2026-01-03,SKU-012,RET-097,15,201.6
2026-01-04,SKU-012,RET-072,15,201.6
2026-01-05,SKU-012,RET-060,18,201.6
2026-01-06,SKU-012,RET-079,12,201.6
2026-01-07,SKU-012,RET-026,10,201.6
2026-01-08,SKU-012,RET-083,15,201.6
2026-01-09,SKU-012,RET-034,18,201.6
2026-01-10,SKU-012,RET-056,14,201.6
2026-01-11,SKU-012,RET-035,16,201.6
2026-01-12,SKU-012,RET-070,10,201.6
2026-01-13,SKU-012,RET-067,14,201.6
2026-01-14,SKU-012,RET-092,11,201.6
2026-01-15,SKU-012,RET-052,11,201.6
2026-01-16,SKU-012,RET-083,20,201.6
2026-01-17,SKU-012,RET-080,15,201.6
2026-01-18,SKU-012,RET-031,17,201.6
2026-01-19,SKU-012,RET-036,6,201.6
2026-01-20,SKU-012,RET-038,8,201.6
2026-01-21,SKU-012,RET-040,9,201.6
2026-01-22,SKU-012,RET-076,12,201.6
2026-01-23,SKU-012,RET-056,20,201.6
2026-01-24,SKU-012,RET-075,19,201.6
2026-01-25,SKU-012,RET-079,13,201.6
2026-01-26,SKU-012,RET-047,12,201.6
2026-01-27,SKU-012,RET-039,12,201.6
2026-01-28,SKU-012,RET-058,13,201.6
2026-01-29,SKU-012,RET-086,12,201.6
2026-01-30,SKU-012,RET-071,14,201.6
2026-01-31,SKU-012,RET-030,10,201.6
2026-02-01,SKU-012,RET-019,14,201.6
2026-02-02,SKU-012,RET-056,21,201.6
2026-02-03,SKU-012,RET-004,12,201.6
2026-02-04,SKU-012,RET-049,14,201.6
2026-02-05,SKU-012,RET-025,19,201.6
2026-02-06,SKU-012,RET-018,20,201.6
2026-02-07,SKU-012,RET-039,16,201.6
2026-02-08,SKU-012,RET-010,10,201.6
2026-02-09,SKU-012,RET-007,19,201.6
2026-02-10,SKU-012,RET-090,16,201.6
2026-02-11,SKU-012,RET-048,11,201.6
2026-02-12,SKU-012,RET-050,14,201.6
2026-02-13,SKU-012,RET-095,15,201.6
2026-02-14,SKU-012,RET-034,24,201.6
2026-02-15,SKU-012,RET-087,15,201.6
2026-02-16,SKU-012,RET-048,14,201.6
2026-02-17,SKU-012,RET-098,11,201.6
2026-02-18,SKU-012,RET-095,14,201.6
2026-02-19,SKU-012,RET-065,18,201.6
2026-02-20,SKU-012,RET-028,22,201.6
2026-02-21,SKU-012,RET-092,19,201.6
2026-02-22,SKU-012,RET-030,12,201.6
2026-02-23,SKU-012,RET-091,6,201.6
2026-02-24,SKU-012,RET-052,22,201.6
2026-02-25,SKU-012,RET-063,9,201.6
2026-02-26,SKU-012,RET-025,15,201.6
2026-02-27,SKU-012,RET-055,14,201.6
2026-02-28,SKU-012,RET-030,18,201.6
2026-03-01,SKU-012,RET-049,15,201.6
2026-03-02,SKU-012,RET-009,14,201.6
2026-03-03,SKU-012,RET-049,19,201.6
2026-03-04,SKU-012,RET-021,10,201.6
2026-03-05,SKU-012,RET-044,20,201.6
2026-03-06,SKU-012,RET-016,13,201.6
2026-03-07,SKU-012,RET-094,19,201.6
2026-03-08,SKU-012,RET-014,9,201.6
2026-03-09,SKU-012,RET-097,6,201.6
2026-03-10,SKU-012,RET-099,18,201.6
2026-03-11,SKU-012,RET-009,12,201.6
2026-03-12,SKU-012,RET-099,16,201.6
2026-03-13,SKU-012,RET-002,17,201.6
2026-03-14,SKU-012,RET-083,22,201.6
2026-03-15,SKU-012,RET-093,11,201.6
2026-03-16,SKU-012,RET-047,11,201.6
2026-03-17,SKU-012,RET-045,23,201.6
2026-03-18,SKU-012,RET-035,16,201.6
2026-03-19,SKU-012,RET-006,11,201.6
2026-03-20,SKU-012,RET-010,19,201.6
2026-03-21,SKU-012,RET-042,21,201.6
2026-03-22,SKU-012,RET-005,17,201.6
2026-03-23,SKU-012,RET-091,23,201.6
2026-03-24,SKU-012,RET-073,14,201.6
2026-03-25,SKU-012,RET-085,15,201.6
2026-03-26,SKU-012,RET-041,11,201.6
2026-03-27,SKU-012,RET-070,20,201.6
2026-03-28,SKU-012,RET-021,23,201.6
2026-03-29,SKU-012,RET-054,21,201.6
2026-03-30,SKU-012,RET-085,14,201.6
2026-03-31,SKU-012,RET-069,10,201.6
2026-04-01,SKU-012,RET-020,14,201.6
2026-04-02,SKU-012,RET-019,18,201.6
2026-04-03,SKU-012,RET-041,18,201.6
2026-04-04,SKU-012,RET-056,11,201.6
2026-04-05,SKU-012,RET-050,13,201.6
2026-04-06,SKU-012,RET-042,16,201.6
2026-04-07,SKU-012,RET-048,14,201.6
2026-04-08,SKU-012,RET-014,13,201.6
2026-04-09,SKU-012,RET-059,17,201.6
2026-04-10,SKU-012,RET-028,26,201.6
2026-04-11,SKU-012,RET-068,17,201.6
2026-04-12,SKU-012,RET-004,11,201.6
2026-04-13,SKU-012,RET-034,8,201.6
2026-04-14,SKU-012,RET-072,16,201.6
2026-04-15,SKU-012,RET-076,16,201.6
2026-04-16,SKU-012,RET-087,13,201.6
2026-04-17,SKU-012,RET-033,20,201.6
2026-04-18,SKU-012,RET-018,30,201.6
2026-04-19,SKU-012,RET-086,11,201.6
2026-04-20,SKU-012,RET-008,4,201.6
2026-04-21,SKU-012,RET-054,9,201.6
2026-04-22,SKU-012,RET-083,13,201.6
2026-04-23,SKU-012,RET-059,16,201.6
2026-04-24,SKU-012,RET-044,16,201.6
2026-04-25,SKU-012,RET-032,16,201.6
2026-04-26,SKU-012,RET-089,15,201.6
2026-04-27,SKU-012,RET-063,9,201.6
2026-04-28,SKU-012,RET-016,15,201.6
2026-04-29,SKU-012,RET-090,20,201.6
2026-04-30,SKU-012,RET-035,21,201.6
2026-05-01,SKU-012,RET-083,13,201.6
2026-05-02,SKU-012,RET-029,17,201.6
2026-05-03,SKU-012,RET-052,13,201.6
2026-05-04,SKU-012,RET-011,15,201.6
2026-05-05,SKU-012,RET-066,12,201.6
2026-05-06,SKU-012,RET-069,13,201.6
2026-05-07,SKU-012,RET-070,11,201.6
2026-05-08,SKU-012,RET-014,13,201.6
2026-05-09,SKU-012,RET-083,12,201.6
2026-05-10,SKU-012,RET-090,20,201.6
2026-05-11,SKU-012,RET-024,16,201.6
2026-05-12,SKU-012,RET-070,12,201.6
2026-05-13,SKU-012,RET-080,8,201.6
2026-05-14,SKU-012,RET-086,17,201.6
2026-05-15,SKU-012,RET-025,18,201.6
2026-05-16,SKU-012,RET-095,13,201.6
2026-05-17,SKU-012,RET-082,9,201.6
2026-05-18,SKU-012,RET-040,16,201.6
2026-05-19,SKU-012,RET-013,16,201.6
2026-05-20,SKU-012,RET-088,9,201.6
2026-05-21,SKU-012,RET-026,12,201.6
2026-05-22,SKU-012,RET-022,19,201.6
2026-05-23,SKU-012,RET-087,12,201.6
2026-05-24,SKU-012,RET-034,16,201.6
2026-05-25,SKU-012,RET-080,15,201.6
2026-05-26,SKU-012,RET-080,20,201.6
2026-05-27,SKU-012,RET-055,15,201.6
2026-05-28,SKU-012,RET-022,11,201.6
2026-05-29,SKU-012,RET-086,18,201.6
2026-05-30,SKU-012,RET-067,18,201.6
2026-05-31,SKU-012,RET-094,11,201.6
2026-06-01,SKU-012,RET-067,9,201.6
2026-06-02,SKU-012,RET-052,12,201.6
2026-06-03,SKU-012,RET-015,17,201.6
2026-06-04,SKU-012,RET-069,18,201.6
2026-06-05,SKU-012,RET-047,20,201.6
2026-06-06,SKU-012,RET-024,21,201.6
2026-06-07,SKU-012,RET-051,15,201.6
2026-06-08,SKU-012,RET-080,17,201.6
2026-06-09,SKU-012,RET-010,16,201.6
2026-06-10,SKU-012,RET-025,11,201.6
2026-06-11,SKU-012,RET-100,10,201.6
2026-06-12,SKU-012,RET-052,23,201.6
2026-06-13,SKU-012,RET-093,16,201.6
2026-06-14,SKU-012,RET-066,14,201.6
2026-06-15,SKU-012,RET-078,15,201.6
2026-06-16,SKU-012,RET-039,14,201.6
2026-06-17,SKU-012,RET-005,7,201.6
2026-06-18,SKU-012,RET-058,11,201.6
2026-06-19,SKU-012,RET-020,21,201.6
2026-06-20,SKU-012,RET-028,11,201.6
2026-06-21,SKU-012,RET-010,14,201.6
2026-06-22,SKU-012,RET-033,19,201.6
2026-06-23,SKU-012,RET-036,18,201.6
2026-06-24,SKU-012,RET-052,13,201.6
2026-06-25,SKU-012,RET-004,7,201.6
2026-06-26,SKU-012,RET-004,13,201.6
2026-06-27,SKU-012,RET-043,20,201.6
2026-06-28,SKU-012,RET-043,15,201.6
2026-06-29,SKU-012,RET-084,8,201.6
2026-06-30,SKU-012,RET-003,15,201.6
2026-07-01,SKU-012,RET-067,8,201.6
2026-07-02,SKU-012,RET-019,10,201.6
2026-07-03,SKU-012,RET-023,15,201.6
2026-07-04,SKU-012,RET-064,17,201.6
2026-07-05,SKU-012,RET-011,10,201.6
2026-07-06,SKU-012,RET-045,10,201.6
2026-07-07,SKU-012,RET-066,16,201.6
2026-07-08,SKU-012,RET-032,15,201.6
2026-07-09,SKU-012,RET-065,12,201.6
2026-07-10,SKU-012,RET-008,21,201.6
2026-07-11,SKU-012,RET-066,11,201.6
2026-07-12,SKU-012,RET-093,12,201.6
2026-07-13,SKU-012,RET-073,17,201.6
2026-07-14,SKU-012,RET-027,16,201.6
2026-07-15,SKU-012,RET-054,10,201.6
2026-07-16,SKU-012,RET-034,16,201.6
2026-07-17,SKU-012,RET-036,17,201.6
2026-07-18,SKU-012,RET-087,10,201.6
2026-07-19,SKU-012,RET-053,15,201.6
2026-07-20,SKU-012,RET-064,14,201.6
2026-07-21,SKU-012,RET-022,15,201.6
2026-07-22,SKU-012,RET-060,13,201.6
2026-07-23,SKU-012,RET-056,10,201.6
2026-07-24,SKU-012,RET-046,16,201.6
2026-07-25,SKU-012,RET-066,17,201.6
2026-07-26,SKU-012,RET-035,18,201.6
2026-07-27,SKU-012,RET-084,13,201.6
2026-07-28,SKU-012,RET-087,11,201.6
2026-07-29,SKU-012,RET-009,10,201.6
2026-07-30,SKU-012,RET-037,9,201.6
2026-07-31,SKU-012,RET-048,17,201.6
2026-08-01,SKU-012,RET-011,8,201.6
2026-08-02,SKU-012,RET-046,8,201.6
2026-08-03,SKU-012,RET-048,6,201.6
2026-08-04,SKU-012,RET-073,7,201.6
2026-08-05,SKU-012,RET-084,10,201.6
2026-08-06,SKU-012,RET-023,12,201.6
2026-08-07,SKU-012,RET-030,10,201.6
2026-08-08,SKU-012,RET-071,10,201.6
2026-08-09,SKU-012,RET-069,11,201.6
2026-08-10,SKU-012,RET-098,13,201.6
2026-08-11,SKU-012,RET-065,9,201.6
2026-08-12,SKU-012,RET-069,7,201.6
2026-08-13,SKU-012,RET-018,17,201.6
2026-08-14,SKU-012,RET-066,16,201.6
2026-08-15,SKU-012,RET-087,11,201.6
2026-08-16,SKU-012,RET-023,13,201.6
2026-08-17,SKU-012,RET-090,7,201.6
2026-08-18,SKU-012,RET-054,11,201.6
2026-08-19,SKU-012,RET-079,8,201.6
2026-08-20,SKU-012,RET-075,13,201.6
2026-08-21,SKU-012,RET-078,16,201.6
2026-08-22,SKU-012,RET-035,17,201.6
2026-08-23,SKU-012,RET-031,11,201.6
2026-08-24,SKU-012,RET-055,17,201.6
2026-08-25,SKU-012,RET-043,9,201.6
2025-08-26,SKU-013,RET-096,26,98.06
2025-08-27,SKU-013,RET-034,29,98.06
2025-08-28,SKU-013,RET-093,37,98.06
2025-08-29,SKU-013,RET-006,47,98.06
2025-08-30,SKU-013,RET-043,36,98.06
2025-08-31,SKU-013,RET-068,32,98.06
2025-09-01,SKU-013,RET-021,36,98.06
2025-09-02,SKU-013,RET-077,31,98.06
2025-09-03,SKU-013,RET-032,27,98.06
2025-09-04,SKU-013,RET-079,30,98.06
2025-09-05,SKU-013,RET-084,27,98.06
2025-09-06,SKU-013,RET-086,33,98.06
2025-09-07,SKU-013,RET-001,32,98.06
2025-09-08,SKU-013,RET-051,32,98.06
2025-09-09,SKU-013,RET-012,29,98.06
2025-09-10,SKU-013,RET-043,38,98.06
2025-09-11,SKU-013,RET-056,35,98.06
2025-09-12,SKU-013,RET-080,36,98.06
2025-09-13,SKU-013,RET-049,29,98.06
2025-09-14,SKU-013,RET-005,32,98.06
2025-09-15,SKU-013,RET-068,27,98.06
2025-09-16,SKU-013,RET-085,32,98.06
2025-09-17,SKU-013,RET-052,26,98.06
2025-09-18,SKU-013,RET-012,29,98.06
2025-09-19,SKU-013,RET-095,37,98.06
2025-09-20,SKU-013,RET-025,35,98.06
2025-09-21,SKU-013,RET-049,22,98.06
2025-09-22,SKU-013,RET-077,38,98.06
2025-09-23,SKU-013,RET-057,37,98.06
2025-09-24,SKU-013,RET-003,38,98.06
2025-09-25,SKU-013,RET-060,27,98.06
2025-09-26,SKU-013,RET-043,23,98.06
2025-09-27,SKU-013,RET-042,34,98.06
2025-09-28,SKU-013,RET-078,16,98.06
2025-09-29,SKU-013,RET-021,29,98.06
2025-09-30,SKU-013,RET-008,23,98.06
2025-10-01,SKU-013,RET-075,43,98.06
2025-10-02,SKU-013,RET-077,47,98.06
2025-10-03,SKU-013,RET-062,42,98.06
2025-10-04,SKU-013,RET-032,47,98.06
2025-10-05,SKU-013,RET-069,36,98.06
2025-10-06,SKU-013,RET-058,32,98.06
2025-10-07,SKU-013,RET-044,35,98.06
2025-10-08,SKU-013,RET-098,51,98.06
2025-10-09,SKU-013,RET-058,38,98.06
2025-10-10,SKU-013,RET-019,60,98.06
2025-10-11,SKU-013,RET-010,54,98.06
2025-10-12,SKU-013,RET-012,45,98.06
2025-10-13,SKU-013,RET-011,45,98.06
2025-10-14,SKU-013,RET-049,41,98.06
2025-10-15,SKU-013,RET-086,37,98.06
2025-10-16,SKU-013,RET-040,47,98.06
2025-10-17,SKU-013,RET-088,34,98.06
2025-10-18,SKU-013,RET-024,56,98.06
2025-10-19,SKU-013,RET-010,37,98.06
2025-10-20,SKU-013,RET-031,42,98.06
2025-10-21,SKU-013,RET-011,38,98.06
2025-10-22,SKU-013,RET-014,35,98.06
2025-10-23,SKU-013,RET-062,38,98.06
2025-10-24,SKU-013,RET-016,42,98.06
2025-10-25,SKU-013,RET-025,56,98.06
2025-10-26,SKU-013,RET-018,39,98.06
2025-10-27,SKU-013,RET-039,35,98.06
2025-10-28,SKU-013,RET-077,43,98.06
2025-10-29,SKU-013,RET-081,39,98.06
2025-10-30,SKU-013,RET-066,36,98.06
2025-10-31,SKU-013,RET-084,35,98.06
2025-11-01,SKU-013,RET-018,43,98.06
2025-11-02,SKU-013,RET-092,43,98.06
2025-11-03,SKU-013,RET-026,46,98.06
2025-11-04,SKU-013,RET-002,40,98.06
2025-11-05,SKU-013,RET-056,39,98.06
2025-11-06,SKU-013,RET-071,40,98.06
2025-11-07,SKU-013,RET-088,54,98.06
2025-11-08,SKU-013,RET-018,46,98.06
2025-11-09,SKU-013,RET-042,36,98.06
2025-11-10,SKU-013,RET-014,41,98.06
2025-11-11,SKU-013,RET-073,46,98.06
2025-11-12,SKU-013,RET-080,45,98.06
2025-11-13,SKU-013,RET-043,48,98.06
2025-11-14,SKU-013,RET-075,47,98.06
2025-11-15,SKU-013,RET-029,61,98.06
2025-11-16,SKU-013,RET-003,44,98.06
2025-11-17,SKU-013,RET-002,38,98.06
2025-11-18,SKU-013,RET-085,52,98.06
2025-11-19,SKU-013,RET-022,35,98.06
2025-11-20,SKU-013,RET-078,50,98.06
2025-11-21,SKU-013,RET-075,41,98.06
2025-11-22,SKU-013,RET-086,48,98.06
2025-11-23,SKU-013,RET-057,38,98.06
2025-11-24,SKU-013,RET-050,35,98.06
2025-11-25,SKU-013,RET-034,57,98.06
2025-11-26,SKU-013,RET-045,34,98.06
2025-11-27,SKU-013,RET-091,49,98.06
2025-11-28,SKU-013,RET-044,62,98.06
2025-11-29,SKU-013,RET-072,61,98.06
2025-11-30,SKU-013,RET-035,48,98.06
2025-12-01,SKU-013,RET-039,39,98.06
2025-12-02,SKU-013,RET-026,33,98.06
2025-12-03,SKU-013,RET-086,35,98.06
2025-12-04,SKU-013,RET-048,27,98.06
2025-12-05,SKU-013,RET-074,49,98.06
2025-12-06,SKU-013,RET-087,28,98.06
2025-12-07,SKU-013,RET-033,40,98.06
2025-12-08,SKU-013,RET-083,25,98.06
2025-12-09,SKU-013,RET-044,36,98.06
2025-12-10,SKU-013,RET-010,31,98.06
2025-12-11,SKU-013,RET-053,41,98.06
2025-12-12,SKU-013,RET-057,51,98.06
2025-12-13,SKU-013,RET-067,43,98.06
2025-12-14,SKU-013,RET-051,37,98.06
2025-12-15,SKU-013,RET-097,41,98.06
2025-12-16,SKU-013,RET-046,29,98.06
2025-12-17,SKU-013,RET-009,36,98.06
2025-12-18,SKU-013,RET-057,39,98.06
2025-12-19,SKU-013,RET-055,33,98.06
2025-12-20,SKU-013,RET-055,40,98.06
2025-12-21,SKU-013,RET-084,32,98.06
2025-12-22,SKU-013,RET-015,41,98.06
2025-12-23,SKU-013,RET-014,36,98.06
2025-12-24,SKU-013,RET-064,30,98.06
2025-12-25,SKU-013,RET-096,37,98.06
2025-12-26,SKU-013,RET-072,46,98.06
2025-12-27,SKU-013,RET-025,38,98.06
2025-12-28,SKU-013,RET-040,41,98.06
2025-12-29,SKU-013,RET-028,35,98.06
2025-12-30,SKU-013,RET-047,32,98.06
2025-12-31,SKU-013,RET-080,44,98.06
2026-01-01,SKU-013,RET-037,36,98.06
2026-01-02,SKU-013,RET-022,40,98.06
2026-01-03,SKU-013,RET-015,52,98.06
2026-01-04,SKU-013,RET-074,38,98.06
2026-01-05,SKU-013,RET-019,31,98.06
2026-01-06,SKU-013,RET-050,43,98.06
2026-01-07,SKU-013,RET-080,37,98.06
2026-01-08,SKU-013,RET-070,39,98.06
2026-01-09,SKU-013,RET-025,52,98.06
2026-01-10,SKU-013,RET-066,47,98.06
2026-01-11,SKU-013,RET-005,37,98.06
2026-01-12,SKU-013,RET-049,54,98.06
2026-01-13,SKU-013,RET-095,45,98.06
2026-01-14,SKU-013,RET-007,40,98.06
2026-01-15,SKU-013,RET-032,36,98.06
2026-01-16,SKU-013,RET-090,39,98.06
2026-01-17,SKU-013,RET-025,52,98.06
2026-01-18,SKU-013,RET-024,39,98.06
2026-01-19,SKU-013,RET-020,42,98.06
2026-01-20,SKU-013,RET-075,42,98.06
2026-01-21,SKU-013,RET-068,37,98.06
2026-01-22,SKU-013,RET-011,35,98.06
2026-01-23,SKU-013,RET-057,42,98.06
2026-01-24,SKU-013,RET-093,55,98.06
2026-01-25,SKU-013,RET-061,34,98.06
2026-01-26,SKU-013,RET-080,28,98.06
2026-01-27,SKU-013,RET-033,36,98.06
2026-01-28,SKU-013,RET-050,30,98.06
2026-01-29,SKU-013,RET-059,30,98.06
2026-01-30,SKU-013,RET-027,51,98.06
2026-01-31,SKU-013,RET-022,52,98.06
2026-02-01,SKU-013,RET-070,48,98.06
2026-02-02,SKU-013,RET-076,45,98.06
2026-02-03,SKU-013,RET-031,43,98.06
2026-02-04,SKU-013,RET-028,40,98.06
2026-02-05,SKU-013,RET-064,46,98.06
2026-02-06,SKU-013,RET-051,42,98.06
2026-02-07,SKU-013,RET-043,54,98.06
2026-02-08,SKU-013,RET-055,37,98.06
2026-02-09,SKU-013,RET-037,46,98.06
2026-02-10,SKU-013,RET-078,44,98.06
2026-02-11,SKU-013,RET-091,36,98.06
2026-02-12,SKU-013,RET-004,52,98.06
2026-02-13,SKU-013,RET-010,53,98.06
2026-02-14,SKU-013,RET-029,53,98.06
2026-02-15,SKU-013,RET-031,48,98.06
2026-02-16,SKU-013,RET-059,33,98.06
2026-02-17,SKU-013,RET-087,34,98.06
2026-02-18,SKU-013,RET-025,34,98.06
2026-02-19,SKU-013,RET-028,46,98.06
2026-02-20,SKU-013,RET-020,43,98.06
2026-02-21,SKU-013,RET-057,66,98.06
2026-02-22,SKU-013,RET-027,35,98.06
2026-02-23,SKU-013,RET-100,39,98.06
2026-02-24,SKU-013,RET-003,32,98.06
2026-02-25,SKU-013,RET-019,47,98.06
2026-02-26,SKU-013,RET-068,44,98.06
2026-02-27,SKU-013,RET-067,44,98.06
2026-02-28,SKU-013,RET-087,59,98.06
2026-03-01,SKU-013,RET-047,35,98.06
2026-03-02,SKU-013,RET-041,47,98.06
2026-03-03,SKU-013,RET-006,47,98.06
2026-03-04,SKU-013,RET-091,36,98.06
2026-03-05,SKU-013,RET-016,36,98.06
2026-03-06,SKU-013,RET-099,42,98.06
2026-03-07,SKU-013,RET-024,59,98.06
2026-03-08,SKU-013,RET-023,46,98.06
2026-03-09,SKU-013,RET-011,50,98.06
2026-03-10,SKU-013,RET-029,45,98.06
2026-03-11,SKU-013,RET-032,40,98.06
2026-03-12,SKU-013,RET-042,44,98.06
2026-03-13,SKU-013,RET-033,38,98.06
2026-03-14,SKU-013,RET-010,58,98.06
2026-03-15,SKU-013,RET-098,40,98.06
2026-03-16,SKU-013,RET-093,39,98.06
2026-03-17,SKU-013,RET-097,33,98.06
2026-03-18,SKU-013,RET-027,51,98.06
2026-03-19,SKU-013,RET-025,38,98.06
2026-03-20,SKU-013,RET-062,46,98.06
2026-03-21,SKU-013,RET-008,54,98.06
2026-03-22,SKU-013,RET-098,44,98.06
2026-03-23,SKU-013,RET-027,42,98.06
2026-03-24,SKU-013,RET-047,39,98.06
2026-03-25,SKU-013,RET-017,45,98.06
2026-03-26,SKU-013,RET-074,33,98.06
2026-03-27,SKU-013,RET-090,57,98.06
2026-03-28,SKU-013,RET-085,52,98.06
2026-03-29,SKU-013,RET-025,53,98.06
2026-03-30,SKU-013,RET-090,50,98.06
2026-03-31,SKU-013,RET-012,39,98.06
2026-04-01,SKU-013,RET-088,40,98.06
2026-04-02,SKU-013,RET-068,40,98.06
2026-04-03,SKU-013,RET-004,50,98.06
2026-04-04,SKU-013,RET-024,48,98.06
2026-04-05,SKU-013,RET-090,51,98.06
2026-04-06,SKU-013,RET-035,45,98.06
2026-04-07,SKU-013,RET-022,45,98.06
2026-04-08,SKU-013,RET-004,43,98.06
2026-04-09,SKU-013,RET-086,44,98.06
2026-04-10,SKU-013,RET-031,66,98.06
2026-04-11,SKU-013,RET-027,72,98.06
2026-04-12,SKU-013,RET-007,39,98.06
2026-04-13,SKU-013,RET-017,47,98.06
2026-04-14,SKU-013,RET-072,53,98.06
2026-04-15,SKU-013,RET-018,40,98.06
2026-04-16,SKU-013,RET-007,57,98.06
2026-04-17,SKU-013,RET-080,58,98.06
2026-04-18,SKU-013,RET-079,43,98.06
2026-04-19,SKU-013,RET-083,40,98.06
2026-04-20,SKU-013,RET-060,46,98.06
2026-04-21,SKU-013,RET-055,41,98.06
2026-04-22,SKU-013,RET-003,47,98.06
2026-04-23,SKU-013,RET-079,49,98.06
2026-04-24,SKU-013,RET-061,66,98.06
2026-04-25,SKU-013,RET-022,50,98.06
2026-04-26,SKU-013,RET-096,43,98.06
2026-04-27,SKU-013,RET-062,39,98.06
2026-04-28,SKU-013,RET-042,47,98.06
2026-04-29,SKU-013,RET-091,39,98.06
2026-04-30,SKU-013,RET-038,42,98.06
2026-05-01,SKU-013,RET-027,48,98.06
2026-05-02,SKU-013,RET-067,62,98.06
2026-05-03,SKU-013,RET-021,39,98.06
2026-05-04,SKU-013,RET-019,42,98.06
2026-05-05,SKU-013,RET-057,48,98.06
2026-05-06,SKU-013,RET-060,49,98.06
2026-05-07,SKU-013,RET-089,26,98.06
2026-05-08,SKU-013,RET-055,44,98.06
2026-05-09,SKU-013,RET-041,52,98.06
2026-05-10,SKU-013,RET-043,38,98.06
2026-05-11,SKU-013,RET-012,38,98.06
2026-05-12,SKU-013,RET-097,36,98.06
2026-05-13,SKU-013,RET-013,32,98.06
2026-05-14,SKU-013,RET-036,33,98.06
2026-05-15,SKU-013,RET-036,61,98.06
2026-05-16,SKU-013,RET-095,49,98.06
2026-05-17,SKU-013,RET-068,46,98.06
2026-05-18,SKU-013,RET-088,38,98.06
2026-05-19,SKU-013,RET-060,57,98.06
2026-05-20,SKU-013,RET-053,45,98.06
2026-05-21,SKU-013,RET-033,30,98.06
2026-05-22,SKU-013,RET-026,42,98.06
2026-05-23,SKU-013,RET-058,51,98.06
2026-05-24,SKU-013,RET-057,46,98.06
2026-05-25,SKU-013,RET-063,39,98.06
2026-05-26,SKU-013,RET-032,43,98.06
2026-05-27,SKU-013,RET-045,47,98.06
2026-05-28,SKU-013,RET-091,54,98.06
2026-05-29,SKU-013,RET-095,55,98.06
2026-05-30,SKU-013,RET-008,50,98.06
2026-05-31,SKU-013,RET-059,52,98.06
2026-06-01,SKU-013,RET-039,40,98.06
2026-06-02,SKU-013,RET-055,46,98.06
2026-06-03,SKU-013,RET-092,41,98.06
2026-06-04,SKU-013,RET-075,44,98.06
2026-06-05,SKU-013,RET-085,46,98.06
2026-06-06,SKU-013,RET-066,52,98.06
2026-06-07,SKU-013,RET-021,48,98.06
2026-06-08,SKU-013,RET-006,56,98.06
2026-06-09,SKU-013,RET-045,49,98.06
2026-06-10,SKU-013,RET-092,40,98.06
2026-06-11,SKU-013,RET-072,43,98.06
2026-06-12,SKU-013,RET-037,63,98.06
2026-06-13,SKU-013,RET-044,53,98.06
2026-06-14,SKU-013,RET-031,40,98.06
2026-06-15,SKU-013,RET-046,28,98.06
2026-06-16,SKU-013,RET-070,41,98.06
2026-06-17,SKU-013,RET-067,34,98.06
2026-06-18,SKU-013,RET-080,39,98.06
2026-06-19,SKU-013,RET-069,47,98.06
2026-06-20,SKU-013,RET-065,27,98.06
2026-06-21,SKU-013,RET-056,35,98.06
2026-06-22,SKU-013,RET-067,34,98.06
2026-06-23,SKU-013,RET-059,41,98.06
2026-06-24,SKU-013,RET-056,36,98.06
2026-06-25,SKU-013,RET-027,38,98.06
2026-06-26,SKU-013,RET-057,37,98.06
2026-06-27,SKU-013,RET-093,46,98.06
2026-06-28,SKU-013,RET-062,31,98.06
2026-06-29,SKU-013,RET-021,33,98.06
2026-06-30,SKU-013,RET-041,33,98.06
2026-07-01,SKU-013,RET-076,36,98.06
2026-07-02,SKU-013,RET-074,33,98.06
2026-07-03,SKU-013,RET-043,45,98.06
2026-07-04,SKU-013,RET-089,49,98.06
2026-07-05,SKU-013,RET-014,35,98.06
2026-07-06,SKU-013,RET-004,35,98.06
2026-07-07,SKU-013,RET-026,29,98.06
2026-07-08,SKU-013,RET-079,38,98.06
2026-07-09,SKU-013,RET-063,38,98.06
2026-07-10,SKU-013,RET-086,40,98.06
2026-07-11,SKU-013,RET-020,46,98.06
2026-07-12,SKU-013,RET-079,39,98.06
2026-07-13,SKU-013,RET-016,45,98.06
2026-07-14,SKU-013,RET-019,41,98.06
2026-07-15,SKU-013,RET-082,32,98.06
2026-07-16,SKU-013,RET-007,37,98.06
2026-07-17,SKU-013,RET-059,35,98.06
2026-07-18,SKU-013,RET-082,47,98.06
2026-07-19,SKU-013,RET-002,33,98.06
2026-07-20,SKU-013,RET-081,27,98.06
2026-07-21,SKU-013,RET-088,47,98.06
2026-07-22,SKU-013,RET-026,54,98.06
2026-07-23,SKU-013,RET-002,28,98.06
2026-07-24,SKU-013,RET-079,51,98.06
2026-07-25,SKU-013,RET-035,65,98.06
2026-07-26,SKU-013,RET-062,26,98.06
2026-07-27,SKU-013,RET-024,45,98.06
2026-07-28,SKU-013,RET-083,36,98.06
2026-07-29,SKU-013,RET-060,30,98.06
2026-07-30,SKU-013,RET-098,32,98.06
2026-07-31,SKU-013,RET-071,45,98.06
2026-08-01,SKU-013,RET-031,31,98.06
2026-08-02,SKU-013,RET-007,33,98.06
2026-08-03,SKU-013,RET-087,28,98.06
2026-08-04,SKU-013,RET-052,34,98.06
2026-08-05,SKU-013,RET-070,25,98.06
2026-08-06,SKU-013,RET-067,34,98.06
2026-08-07,SKU-013,RET-076,42,98.06
2026-08-08,SKU-013,RET-009,33,98.06
2026-08-09,SKU-013,RET-070,33,98.06
2026-08-10,SKU-013,RET-065,32,98.06
2026-08-11,SKU-013,RET-047,28,98.06
2026-08-12,SKU-013,RET-028,28,98.06
2026-08-13,SKU-013,RET-100,30,98.06
2026-08-14,SKU-013,RET-043,37,98.06
2026-08-15,SKU-013,RET-001,47,98.06
2026-08-16,SKU-013,RET-027,24,98.06
2026-08-17,SKU-013,RET-085,33,98.06
2026-08-18,SKU-013,RET-017,32,98.06
2026-08-19,SKU-013,RET-050,29,98.06
2026-08-20,SKU-013,RET-039,37,98.06
2026-08-21,SKU-013,RET-089,51,98.06
2026-08-22,SKU-013,RET-050,37,98.06
2026-08-23,SKU-013,RET-005,35,98.06
2026-08-24,SKU-013,RET-066,41,98.06
2026-08-25,SKU-013,RET-057,35,98.06
2025-08-26,SKU-014,RET-005,24,53.43
2025-08-27,SKU-014,RET-063,29,53.43
2025-08-28,SKU-014,RET-046,34,53.43
2025-08-29,SKU-014,RET-052,37,53.43
2025-08-30,SKU-014,RET-096,37,53.43
2025-08-31,SKU-014,RET-088,32,53.43
2025-09-01,SKU-014,RET-080,34,53.43
2025-09-02,SKU-014,RET-094,30,53.43
2025-09-03,SKU-014,RET-015,33,53.43
2025-09-04,SKU-014,RET-088,40,53.43
2025-09-05,SKU-014,RET-001,36,53.43
2025-09-06,SKU-014,RET-043,32,53.43
2025-09-07,SKU-014,RET-095,40,53.43
2025-09-08,SKU-014,RET-027,34,53.43
2025-09-09,SKU-014,RET-013,33,53.43
2025-09-10,SKU-014,RET-071,36,53.43
2025-09-11,SKU-014,RET-052,20,53.43
2025-09-12,SKU-014,RET-005,33,53.43
2025-09-13,SKU-014,RET-089,26,53.43
2025-09-14,SKU-014,RET-097,33,53.43
2025-09-15,SKU-014,RET-037,27,53.43
2025-09-16,SKU-014,RET-083,31,53.43
2025-09-17,SKU-014,RET-074,38,53.43
2025-09-18,SKU-014,RET-096,20,53.43
2025-09-19,SKU-014,RET-061,37,53.43
2025-09-20,SKU-014,RET-069,28,53.43
2025-09-21,SKU-014,RET-005,17,53.43
2025-09-22,SKU-014,RET-014,25,53.43
2025-09-23,SKU-014,RET-045,22,53.43
2025-09-24,SKU-014,RET-043,39,53.43
2025-09-25,SKU-014,RET-029,24,53.43
2025-09-26,SKU-014,RET-096,29,53.43
2025-09-27,SKU-014,RET-044,43,53.43
2025-09-28,SKU-014,RET-075,19,53.43
2025-09-29,SKU-014,RET-008,30,53.43
2025-09-30,SKU-014,RET-083,31,53.43
2025-10-01,SKU-014,RET-056,30,53.43
2025-10-02,SKU-014,RET-050,33,53.43
2025-10-03,SKU-014,RET-089,55,53.43
2025-10-04,SKU-014,RET-074,37,53.43
2025-10-05,SKU-014,RET-075,39,53.43
2025-10-06,SKU-014,RET-071,31,53.43
2025-10-07,SKU-014,RET-020,32,53.43
2025-10-08,SKU-014,RET-057,30,53.43
2025-10-09,SKU-014,RET-013,31,53.43
2025-10-10,SKU-014,RET-089,49,53.43
2025-10-11,SKU-014,RET-013,40,53.43
2025-10-12,SKU-014,RET-076,38,53.43
2025-10-13,SKU-014,RET-082,43,53.43
2025-10-14,SKU-014,RET-024,24,53.43
2025-10-15,SKU-014,RET-009,33,53.43
2025-10-16,SKU-014,RET-071,36,53.43
2025-10-17,SKU-014,RET-003,47,53.43
2025-10-18,SKU-014,RET-088,49,53.43
2025-10-19,SKU-014,RET-091,32,53.43
2025-10-20,SKU-014,RET-073,38,53.43
2025-10-21,SKU-014,RET-072,36,53.43
2025-10-22,SKU-014,RET-097,28,53.43
2025-10-23,SKU-014,RET-065,37,53.43
2025-10-24,SKU-014,RET-096,42,53.43
2025-10-25,SKU-014,RET-092,44,53.43
2025-10-26,SKU-014,RET-037,32,53.43
2025-10-27,SKU-014,RET-099,43,53.43
2025-10-28,SKU-014,RET-053,41,53.43
2025-10-29,SKU-014,RET-020,36,53.43
2025-10-30,SKU-014,RET-023,38,53.43
2025-10-31,SKU-014,RET-032,39,53.43
2025-11-01,SKU-014,RET-095,46,53.43
2025-11-02,SKU-014,RET-076,44,53.43
2025-11-03,SKU-014,RET-031,33,53.43
2025-11-04,SKU-014,RET-074,32,53.43
2025-11-05,SKU-014,RET-052,37,53.43
2025-11-06,SKU-014,RET-082,33,53.43
2025-11-07,SKU-014,RET-064,45,53.43
2025-11-08,SKU-014,RET-029,57,53.43
2025-11-09,SKU-014,RET-072,42,53.43
2025-11-10,SKU-014,RET-088,43,53.43
2025-11-11,SKU-014,RET-043,38,53.43
2025-11-12,SKU-014,RET-071,40,53.43
2025-11-13,SKU-014,RET-035,52,53.43
2025-11-14,SKU-014,RET-049,54,53.43
2025-11-15,SKU-014,RET-003,46,53.43
2025-11-16,SKU-014,RET-010,42,53.43
2025-11-17,SKU-014,RET-008,36,53.43
2025-11-18,SKU-014,RET-007,26,53.43
2025-11-19,SKU-014,RET-071,42,53.43
2025-11-20,SKU-014,RET-034,44,53.43
2025-11-21,SKU-014,RET-032,43,53.43
2025-11-22,SKU-014,RET-055,43,53.43
2025-11-23,SKU-014,RET-009,43,53.43
2025-11-24,SKU-014,RET-048,35,53.43
2025-11-25,SKU-014,RET-062,34,53.43
2025-11-26,SKU-014,RET-074,43,53.43
2025-11-27,SKU-014,RET-091,47,53.43
2025-11-28,SKU-014,RET-057,61,53.43
2025-11-29,SKU-014,RET-030,64,53.43
2025-11-30,SKU-014,RET-080,33,53.43
2025-12-01,SKU-014,RET-080,39,53.43
2025-12-02,SKU-014,RET-046,29,53.43
2025-12-03,SKU-014,RET-003,38,53.43
2025-12-04,SKU-014,RET-093,26,53.43
2025-12-05,SKU-014,RET-072,47,53.43
2025-12-06,SKU-014,RET-096,40,53.43
2025-12-07,SKU-014,RET-020,27,53.43
2025-12-08,SKU-014,RET-064,26,53.43
2025-12-09,SKU-014,RET-012,27,53.43
2025-12-10,SKU-014,RET-060,30,53.43
2025-12-11,SKU-014,RET-046,38,53.43
2025-12-12,SKU-014,RET-004,55,53.43
2025-12-13,SKU-014,RET-025,42,53.43
2025-12-14,SKU-014,RET-038,23,53.43
2025-12-15,SKU-014,RET-061,38,53.43
2025-12-16,SKU-014,RET-078,43,53.43
2025-12-17,SKU-014,RET-008,31,53.43
2025-12-18,SKU-014,RET-011,42,53.43
2025-12-19,SKU-014,RET-069,44,53.43
2025-12-20,SKU-014,RET-003,52,53.43
2025-12-21,SKU-014,RET-074,33,53.43
2025-12-22,SKU-014,RET-076,35,53.43
2025-12-23,SKU-014,RET-095,27,53.43
2025-12-24,SKU-014,RET-074,39,53.43
2025-12-25,SKU-014,RET-058,35,53.43
2025-12-26,SKU-014,RET-047,34,53.43
2025-12-27,SKU-014,RET-025,42,53.43
2025-12-28,SKU-014,RET-030,38,53.43
2025-12-29,SKU-014,RET-054,47,53.43
2025-12-30,SKU-014,RET-071,36,53.43
2025-12-31,SKU-014,RET-074,34,53.43
2026-01-01,SKU-014,RET-078,37,53.43
2026-01-02,SKU-014,RET-044,45,53.43
2026-01-03,SKU-014,RET-065,37,53.43
2026-01-04,SKU-014,RET-052,41,53.43
2026-01-05,SKU-014,RET-038,43,53.43
2026-01-06,SKU-014,RET-092,29,53.43
2026-01-07,SKU-014,RET-015,42,53.43
2026-01-08,SKU-014,RET-012,49,53.43
2026-01-09,SKU-014,RET-097,40,53.43
2026-01-10,SKU-014,RET-008,41,53.43
2026-01-11,SKU-014,RET-071,29,53.43
2026-01-12,SKU-014,RET-047,24,53.43
2026-01-13,SKU-014,RET-035,28,53.43
2026-01-14,SKU-014,RET-009,51,53.43
2026-01-15,SKU-014,RET-038,49,53.43
2026-01-16,SKU-014,RET-067,37,53.43
2026-01-17,SKU-014,RET-039,47,53.43
2026-01-18,SKU-014,RET-013,39,53.43
2026-01-19,SKU-014,RET-074,33,53.43
2026-01-20,SKU-014,RET-073,39,53.43
2026-01-21,SKU-014,RET-037,37,53.43
2026-01-22,SKU-014,RET-051,34,53.43
2026-01-23,SKU-014,RET-056,40,53.43
2026-01-24,SKU-014,RET-043,43,53.43
2026-01-25,SKU-014,RET-096,53,53.43
2026-01-26,SKU-014,RET-041,31,53.43
2026-01-27,SKU-014,RET-065,36,53.43
2026-01-28,SKU-014,RET-088,42,53.43
2026-01-29,SKU-014,RET-022,37,53.43
2026-01-30,SKU-014,RET-096,50,53.43
2026-01-31,SKU-014,RET-007,50,53.43
2026-02-01,SKU-014,RET-042,34,53.43
2026-02-02,SKU-014,RET-096,40,53.43
2026-02-03,SKU-014,RET-061,30,53.43
2026-02-04,SKU-014,RET-021,39,53.43
2026-02-05,SKU-014,RET-015,28,53.43
2026-02-06,SKU-014,RET-077,48,53.43
2026-02-07,SKU-014,RET-078,52,53.43
2026-02-08,SKU-014,RET-024,38,53.43
2026-02-09,SKU-014,RET-054,41,53.43
2026-02-10,SKU-014,RET-093,36,53.43
2026-02-11,SKU-014,RET-050,34,53.43
2026-02-12,SKU-014,RET-043,42,53.43
2026-02-13,SKU-014,RET-077,44,53.43
2026-02-14,SKU-014,RET-095,59,53.43
2026-02-15,SKU-014,RET-032,47,53.43
2026-02-16,SKU-014,RET-100,35,53.43
2026-02-17,SKU-014,RET-042,39,53.43
2026-02-18,SKU-014,RET-028,34,53.43
2026-02-19,SKU-014,RET-065,48,53.43
2026-02-20,SKU-014,RET-054,51,53.43
2026-02-21,SKU-014,RET-017,43,53.43
2026-02-22,SKU-014,RET-006,36,53.43
2026-02-23,SKU-014,RET-009,38,53.43
2026-02-24,SKU-014,RET-013,33,53.43
2026-02-25,SKU-014,RET-066,39,53.43
2026-02-26,SKU-014,RET-091,49,53.43
2026-02-27,SKU-014,RET-099,35,53.43
2026-02-28,SKU-014,RET-086,46,53.43
2026-03-01,SKU-014,RET-055,41,53.43
2026-03-02,SKU-014,RET-013,35,53.43
2026-03-03,SKU-014,RET-056,39,53.43
2026-03-04,SKU-014,RET-055,36,53.43
2026-03-05,SKU-014,RET-077,39,53.43
2026-03-06,SKU-014,RET-038,54,53.43
2026-03-07,SKU-014,RET-095,49,53.43
2026-03-08,SKU-014,RET-068,39,53.43
2026-03-09,SKU-014,RET-044,44,53.43
2026-03-10,SKU-014,RET-053,40,53.43
2026-03-11,SKU-014,RET-013,37,53.43
2026-03-12,SKU-014,RET-030,31,53.43
2026-03-13,SKU-014,RET-076,43,53.43
2026-03-14,SKU-014,RET-015,60,53.43
2026-03-15,SKU-014,RET-071,39,53.43
2026-03-16,SKU-014,RET-078,40,53.43
2026-03-17,SKU-014,RET-030,50,53.43
2026-03-18,SKU-014,RET-037,47,53.43
2026-03-19,SKU-014,RET-065,39,53.43
2026-03-20,SKU-014,RET-031,40,53.43
2026-03-21,SKU-014,RET-077,54,53.43
2026-03-22,SKU-014,RET-085,40,53.43
2026-03-23,SKU-014,RET-072,49,53.43
2026-03-24,SKU-014,RET-062,32,53.43
2026-03-25,SKU-014,RET-032,45,53.43
2026-03-26,SKU-014,RET-094,36,53.43
2026-03-27,SKU-014,RET-079,49,53.43
2026-03-28,SKU-014,RET-002,57,53.43
2026-03-29,SKU-014,RET-075,38,53.43
2026-03-30,SKU-014,RET-087,47,53.43
2026-03-31,SKU-014,RET-022,40,53.43
2026-04-01,SKU-014,RET-051,40,53.43
2026-04-02,SKU-014,RET-055,43,53.43
2026-04-03,SKU-014,RET-048,44,53.43
2026-04-04,SKU-014,RET-080,57,53.43
2026-04-05,SKU-014,RET-053,32,53.43
2026-04-06,SKU-014,RET-045,46,53.43
2026-04-07,SKU-014,RET-060,34,53.43
2026-04-08,SKU-014,RET-012,36,53.43
2026-04-09,SKU-014,RET-056,37,53.43
2026-04-10,SKU-014,RET-013,52,53.43
2026-04-11,SKU-014,RET-010,50,53.43
2026-04-12,SKU-014,RET-067,48,53.43
2026-04-13,SKU-014,RET-068,47,53.43
2026-04-14,SKU-014,RET-049,40,53.43
2026-04-15,SKU-014,RET-007,30,53.43
2026-04-16,SKU-014,RET-004,41,53.43
2026-04-17,SKU-014,RET-085,45,53.43
2026-04-18,SKU-014,RET-041,59,53.43
2026-04-19,SKU-014,RET-041,40,53.43
2026-04-20,SKU-014,RET-090,51,53.43
2026-04-21,SKU-014,RET-088,36,53.43
2026-04-22,SKU-014,RET-022,40,53.43
2026-04-23,SKU-014,RET-048,42,53.43
2026-04-24,SKU-014,RET-097,57,53.43
2026-04-25,SKU-014,RET-079,42,53.43
2026-04-26,SKU-014,RET-026,37,53.43
2026-04-27,SKU-014,RET-005,43,53.43
2026-04-28,SKU-014,RET-052,49,53.43
2026-04-29,SKU-014,RET-056,42,53.43
2026-04-30,SKU-014,RET-071,36,53.43
2026-05-01,SKU-014,RET-036,37,53.43
2026-05-02,SKU-014,RET-004,54,53.43
2026-05-03,SKU-014,RET-081,45,53.43
2026-05-04,SKU-014,RET-089,43,53.43
2026-05-05,SKU-014,RET-040,34,53.43
2026-05-06,SKU-014,RET-038,36,53.43
2026-05-07,SKU-014,RET-065,47,53.43
2026-05-08,SKU-014,RET-034,42,53.43
2026-05-09,SKU-014,RET-005,38,53.43
2026-05-10,SKU-014,RET-011,55,53.43
2026-05-11,SKU-014,RET-039,36,53.43
2026-05-12,SKU-014,RET-012,42,53.43
2026-05-13,SKU-014,RET-074,45,53.43
2026-05-14,SKU-014,RET-088,41,53.43
2026-05-15,SKU-014,RET-008,51,53.43
2026-05-16,SKU-014,RET-069,51,53.43
2026-05-17,SKU-014,RET-072,42,53.43
2026-05-18,SKU-014,RET-055,29,53.43
2026-05-19,SKU-014,RET-015,39,53.43
2026-05-20,SKU-014,RET-099,45,53.43
2026-05-21,SKU-014,RET-093,37,53.43
2026-05-22,SKU-014,RET-037,46,53.43
2026-05-23,SKU-014,RET-062,49,53.43
2026-05-24,SKU-014,RET-071,34,53.43
2026-05-25,SKU-014,RET-070,55,53.43
2026-05-26,SKU-014,RET-079,44,53.43
2026-05-27,SKU-014,RET-005,28,53.43
2026-05-28,SKU-014,RET-041,32,53.43
2026-05-29,SKU-014,RET-075,45,53.43
2026-05-30,SKU-014,RET-099,40,53.43
2026-05-31,SKU-014,RET-047,40,53.43
2026-06-01,SKU-014,RET-074,40,53.43
2026-06-02,SKU-014,RET-026,47,53.43
2026-06-03,SKU-014,RET-037,37,53.43
2026-06-04,SKU-014,RET-005,43,53.43
2026-06-05,SKU-014,RET-089,43,53.43
2026-06-06,SKU-014,RET-066,47,53.43
2026-06-07,SKU-014,RET-063,35,53.43
2026-06-08,SKU-014,RET-046,51,53.43
2026-06-09,SKU-014,RET-052,41,53.43
2026-06-10,SKU-014,RET-009,42,53.43
2026-06-11,SKU-014,RET-015,44,53.43
2026-06-12,SKU-014,RET-080,37,53.43
2026-06-13,SKU-014,RET-079,57,53.43
2026-06-14,SKU-014,RET-093,26,53.43
2026-06-15,SKU-014,RET-066,34,53.43
2026-06-16,SKU-014,RET-048,33,53.43
2026-06-17,SKU-014,RET-065,36,53.43
2026-06-18,SKU-014,RET-060,35,53.43
2026-06-19,SKU-014,RET-055,34,53.43
2026-06-20,SKU-014,RET-017,44,53.43
2026-06-21,SKU-014,RET-063,33,53.43
2026-06-22,SKU-014,RET-029,38,53.43
2026-06-23,SKU-014,RET-016,41,53.43
2026-06-24,SKU-014,RET-048,45,53.43
2026-06-25,SKU-014,RET-088,41,53.43
2026-06-26,SKU-014,RET-011,43,53.43
2026-06-27,SKU-014,RET-050,40,53.43
2026-06-28,SKU-014,RET-077,41,53.43
2026-06-29,SKU-014,RET-073,37,53.43
2026-06-30,SKU-014,RET-092,36,53.43
2026-07-01,SKU-014,RET-059,37,53.43
2026-07-02,SKU-014,RET-032,28,53.43
2026-07-03,SKU-014,RET-035,45,53.43
2026-07-04,SKU-014,RET-017,41,53.43
2026-07-05,SKU-014,RET-053,33,53.43
2026-07-06,SKU-014,RET-015,42,53.43
2026-07-07,SKU-014,RET-032,37,53.43
2026-07-08,SKU-014,RET-054,44,53.43
2026-07-09,SKU-014,RET-015,33,53.43
2026-07-10,SKU-014,RET-061,44,53.43
2026-07-11,SKU-014,RET-052,49,53.43
2026-07-12,SKU-014,RET-049,26,53.43
2026-07-13,SKU-014,RET-057,30,53.43
2026-07-14,SKU-014,RET-041,37,53.43
2026-07-15,SKU-014,RET-065,34,53.43
2026-07-16,SKU-014,RET-090,34,53.43
2026-07-17,SKU-014,RET-058,41,53.43
2026-07-18,SKU-014,RET-096,38,53.43
2026-07-19,SKU-014,RET-046,31,53.43
2026-07-20,SKU-014,RET-090,36,53.43
2026-07-21,SKU-014,RET-091,34,53.43
2026-07-22,SKU-014,RET-059,35,53.43
2026-07-23,SKU-014,RET-093,33,53.43
2026-07-24,SKU-014,RET-049,42,53.43
2026-07-25,SKU-014,RET-017,49,53.43
2026-07-26,SKU-014,RET-017,35,53.43
2026-07-27,SKU-014,RET-077,34,53.43
2026-07-28,SKU-014,RET-040,35,53.43
2026-07-29,SKU-014,RET-083,39,53.43
2026-07-30,SKU-014,RET-065,31,53.43
2026-07-31,SKU-014,RET-035,46,53.43
2026-08-01,SKU-014,RET-048,36,53.43
2026-08-02,SKU-014,RET-066,37,53.43
2026-08-03,SKU-014,RET-078,27,53.43
2026-08-04,SKU-014,RET-017,29,53.43
2026-08-05,SKU-014,RET-006,31,53.43
2026-08-06,SKU-014,RET-063,36,53.43
2026-08-07,SKU-014,RET-051,32,53.43
2026-08-08,SKU-014,RET-003,46,53.43
2026-08-09,SKU-014,RET-025,30,53.43
2026-08-10,SKU-014,RET-058,19,53.43
2026-08-11,SKU-014,RET-022,42,53.43
2026-08-12,SKU-014,RET-047,19,53.43
2026-08-13,SKU-014,RET-002,19,53.43
2026-08-14,SKU-014,RET-062,31,53.43
2026-08-15,SKU-014,RET-048,39,53.43
2026-08-16,SKU-014,RET-054,26,53.43
2026-08-17,SKU-014,RET-027,38,53.43
2026-08-18,SKU-014,RET-079,23,53.43
2026-08-19,SKU-014,RET-055,27,53.43
2026-08-20,SKU-014,RET-008,34,53.43
2026-08-21,SKU-014,RET-052,35,53.43
2026-08-22,SKU-014,RET-002,36,53.43
2026-08-23,SKU-014,RET-023,25,53.43
2026-08-24,SKU-014,RET-044,37,53.43
2026-08-25,SKU-014,RET-056,33,53.43
2025-08-26,SKU-015,RET-038,21,69.21
2025-08-27,SKU-015,RET-086,16,69.21
2025-08-28,SKU-015,RET-014,12,69.21
2025-08-29,SKU-015,RET-053,26,69.21
2025-08-30,SKU-015,RET-073,18,69.21
2025-08-31,SKU-015,RET-012,11,69.21
2025-09-01,SKU-015,RET-054,19,69.21
2025-09-02,SKU-015,RET-081,21,69.21
2025-09-03,SKU-015,RET-086,18,69.21
2025-09-04,SKU-015,RET-014,16,69.21
2025-09-05,SKU-015,RET-019,23,69.21
2025-09-06,SKU-015,RET-029,16,69.21
2025-09-07,SKU-015,RET-077,19,69.21
2025-09-08,SKU-015,RET-009,23,69.21
2025-09-09,SKU-015,RET-074,15,69.21
2025-09-10,SKU-015,RET-001,23,69.21
2025-09-11,SKU-015,RET-099,12,69.21
2025-09-12,SKU-015,RET-067,16,69.21
2025-09-13,SKU-015,RET-006,22,69.21
2025-09-14,SKU-015,RET-060,11,69.21
2025-09-15,SKU-015,RET-057,20,69.21
2025-09-16,SKU-015,RET-004,14,69.21
2025-09-17,SKU-015,RET-069,14,69.21
2025-09-18,SKU-015,RET-061,25,69.21
2025-09-19,SKU-015,RET-021,21,69.21
2025-09-20,SKU-015,RET-009,14,69.21
2025-09-21,SKU-015,RET-096,17,69.21
2025-09-22,SKU-015,RET-003,21,69.21
2025-09-23,SKU-015,RET-064,14,69.21
2025-09-24,SKU-015,RET-051,18,69.21
2025-09-25,SKU-015,RET-003,20,69.21
2025-09-26,SKU-015,RET-030,23,69.21
2025-09-27,SKU-015,RET-063,8,69.21
2025-09-28,SKU-015,RET-072,21,69.21
2025-09-29,SKU-015,RET-002,23,69.21
2025-09-30,SKU-015,RET-099,18,69.21
2025-10-01,SKU-015,RET-075,22,69.21
2025-10-02,SKU-015,RET-078,16,69.21
2025-10-03,SKU-015,RET-074,26,69.21
2025-10-04,SKU-015,RET-026,20,69.21
2025-10-05,SKU-015,RET-070,28,69.21
2025-10-06,SKU-015,RET-015,19,69.21
2025-10-07,SKU-015,RET-029,21,69.21
2025-10-08,SKU-015,RET-076,20,69.21
2025-10-09,SKU-015,RET-099,16,69.21
2025-10-10,SKU-015,RET-045,28,69.21
2025-10-11,SKU-015,RET-030,23,69.21
2025-10-12,SKU-015,RET-094,21,69.21
2025-10-13,SKU-015,RET-007,20,69.21
2025-10-14,SKU-015,RET-013,20,69.21
2025-10-15,SKU-015,RET-029,22,69.21
2025-10-16,SKU-015,RET-014,25,69.21
2025-10-17,SKU-015,RET-087,31,69.21
2025-10-18,SKU-015,RET-060,27,69.21
2025-10-19,SKU-015,RET-097,19,69.21
2025-10-20,SKU-015,RET-074,13,69.21
2025-10-21,SKU-015,RET-088,23,69.21
2025-10-22,SKU-015,RET-054,25,69.21
2025-10-23,SKU-015,RET-079,19,69.21
2025-10-24,SKU-015,RET-070,26,69.21
2025-10-25,SKU-015,RET-097,32,69.21
2025-10-26,SKU-015,RET-065,19,69.21
2025-10-27,SKU-015,RET-099,20,69.21
2025-10-28,SKU-015,RET-018,20,69.21
2025-10-29,SKU-015,RET-094,15,69.21
2025-10-30,SKU-015,RET-008,30,69.21
2025-10-31,SKU-015,RET-019,29,69.21
2025-11-01,SKU-015,RET-011,34,69.21
2025-11-02,SKU-015,RET-053,31,69.21
2025-11-03,SKU-015,RET-072,20,69.21
2025-11-04,SKU-015,RET-013,29,69.21
2025-11-05,SKU-015,RET-047,24,69.21
2025-11-06,SKU-015,RET-100,23,69.21
2025-11-07,SKU-015,RET-001,29,69.21
2025-11-08,SKU-015,RET-064,26,69.21
2025-11-09,SKU-015,RET-060,26,69.21
2025-11-10,SKU-015,RET-012,18,69.21
2025-11-11,SKU-015,RET-050,17,69.21
2025-11-12,SKU-015,RET-072,21,69.21
2025-11-13,SKU-015,RET-053,21,69.21
2025-11-14,SKU-015,RET-061,25,69.21
2025-11-15,SKU-015,RET-018,18,69.21
2025-11-16,SKU-015,RET-055,16,69.21
2025-11-17,SKU-015,RET-100,25,69.21
2025-11-18,SKU-015,RET-027,20,69.21
2025-11-19,SKU-015,RET-052,29,69.21
2025-11-20,SKU-015,RET-025,21,69.21
2025-11-21,SKU-015,RET-023,36,69.21
2025-11-22,SKU-015,RET-066,22,69.21
2025-11-23,SKU-015,RET-097,28,69.21
2025-11-24,SKU-015,RET-095,18,69.21
2025-11-25,SKU-015,RET-095,21,69.21
2025-11-26,SKU-015,RET-009,22,69.21
2025-11-27,SKU-015,RET-044,21,69.21
2025-11-28,SKU-015,RET-027,32,69.21
2025-11-29,SKU-015,RET-046,27,69.21
2025-11-30,SKU-015,RET-095,28,69.21
2025-12-01,SKU-015,RET-061,22,69.21
2025-12-02,SKU-015,RET-007,21,69.21
2025-12-03,SKU-015,RET-021,16,69.21
2025-12-04,SKU-015,RET-024,20,69.21
2025-12-05,SKU-015,RET-076,25,69.21
2025-12-06,SKU-015,RET-032,15,69.21
2025-12-07,SKU-015,RET-072,17,69.21
2025-12-08,SKU-015,RET-064,15,69.21
2025-12-09,SKU-015,RET-048,19,69.21
2025-12-10,SKU-015,RET-033,17,69.21
2025-12-11,SKU-015,RET-026,21,69.21
2025-12-12,SKU-015,RET-012,25,69.21
2025-12-13,SKU-015,RET-023,24,69.21
2025-12-14,SKU-015,RET-029,23,69.21
2025-12-15,SKU-015,RET-074,18,69.21
2025-12-16,SKU-015,RET-013,18,69.21
2025-12-17,SKU-015,RET-042,6,69.21
2025-12-18,SKU-015,RET-094,35,69.21
2025-12-19,SKU-015,RET-096,31,69.21
2025-12-20,SKU-015,RET-057,27,69.21
2025-12-21,SKU-015,RET-070,20,69.21
2025-12-22,SKU-015,RET-020,19,69.21
2025-12-23,SKU-015,RET-013,17,69.21
2025-12-24,SKU-015,RET-027,18,69.21
2025-12-25,SKU-015,RET-086,19,69.21
2025-12-26,SKU-015,RET-092,22,69.21
2025-12-27,SKU-015,RET-074,28,69.21
2025-12-28,SKU-015,RET-020,27,69.21
2025-12-29,SKU-015,RET-012,27,69.21
2025-12-30,SKU-015,RET-022,19,69.21
2025-12-31,SKU-015,RET-075,37,69.21
2026-01-01,SKU-015,RET-028,21,69.21
2026-01-02,SKU-015,RET-028,25,69.21
2026-01-03,SKU-015,RET-013,23,69.21
2026-01-04,SKU-015,RET-048,28,69.21
2026-01-05,SKU-015,RET-063,15,69.21
2026-01-06,SKU-015,RET-019,19,69.21
2026-01-07,SKU-015,RET-059,23,69.21
2026-01-08,SKU-015,RET-049,15,69.21
2026-01-09,SKU-015,RET-028,26,69.21
2026-01-10,SKU-015,RET-066,19,69.21
2026-01-11,SKU-015,RET-100,22,69.21
2026-01-12,SKU-015,RET-041,31,69.21
2026-01-13,SKU-015,RET-021,15,69.21
2026-01-14,SKU-015,RET-022,18,69.21
2026-01-15,SKU-015,RET-045,25,69.21
2026-01-16,SKU-015,RET-083,25,69.21
2026-01-17,SKU-015,RET-093,31,69.21
2026-01-18,SKU-015,RET-024,21,69.21
2026-01-19,SKU-015,RET-049,30,69.21
2026-01-20,SKU-015,RET-015,16,69.21
2026-01-21,SKU-015,RET-075,24,69.21
2026-01-22,SKU-015,RET-084,19,69.21
2026-01-23,SKU-015,RET-003,28,69.21
2026-01-24,SKU-015,RET-022,32,69.21
2026-01-25,SKU-015,RET-085,26,69.21
2026-01-26,SKU-015,RET-007,18,69.21
2026-01-27,SKU-015,RET-062,18,69.21
2026-01-28,SKU-015,RET-097,31,69.21
2026-01-29,SKU-015,RET-074,33,69.21
2026-01-30,SKU-015,RET-003,23,69.21
2026-01-31,SKU-015,RET-044,20,69.21
2026-02-01,SKU-015,RET-095,23,69.21
2026-02-02,SKU-015,RET-032,31,69.21
2026-02-03,SKU-015,RET-073,20,69.21
2026-02-04,SKU-015,RET-017,17,69.21
2026-02-05,SKU-015,RET-047,19,69.21
2026-02-06,SKU-015,RET-050,26,69.21
2026-02-07,SKU-015,RET-074,35,69.21
2026-02-08,SKU-015,RET-024,24,69.21
2026-02-09,SKU-015,RET-034,27,69.21
2026-02-10,SKU-015,RET-035,20,69.21
2026-02-11,SKU-015,RET-011,21,69.21
2026-02-12,SKU-015,RET-002,33,69.21
2026-02-13,SKU-015,RET-092,32,69.21
2026-02-14,SKU-015,RET-067,20,69.21
2026-02-15,SKU-015,RET-091,19,69.21
2026-02-16,SKU-015,RET-055,17,69.21
2026-02-17,SKU-015,RET-097,27,69.21
2026-02-18,SKU-015,RET-097,20,69.21
2026-02-19,SKU-015,RET-069,25,69.21
2026-02-20,SKU-015,RET-066,32,69.21
2026-02-21,SKU-015,RET-056,29,69.21
2026-02-22,SKU-015,RET-041,14,69.21
2026-02-23,SKU-015,RET-068,19,69.21
2026-02-24,SKU-015,RET-075,27,69.21
2026-02-25,SKU-015,RET-045,28,69.21
2026-02-26,SKU-015,RET-051,20,69.21
2026-02-27,SKU-015,RET-007,33,69.21
2026-02-28,SKU-015,RET-025,28,69.21
2026-03-01,SKU-015,RET-062,16,69.21
2026-03-02,SKU-015,RET-035,26,69.21
2026-03-03,SKU-015,RET-074,20,69.21
2026-03-04,SKU-015,RET-010,29,69.21
2026-03-05,SKU-015,RET-011,25,69.21
2026-03-06,SKU-015,RET-061,25,69.21
2026-03-07,SKU-015,RET-033,35,69.21
2026-03-08,SKU-015,RET-050,25,69.21
2026-03-09,SKU-015,RET-084,30,69.21
2026-03-10,SKU-015,RET-095,30,69.21
2026-03-11,SKU-015,RET-001,22,69.21
2026-03-12,SKU-015,RET-076,19,69.21
2026-03-13,SKU-015,RET-029,22,69.21
2026-03-14,SKU-015,RET-072,24,69.21
2026-03-15,SKU-015,RET-063,19,69.21
2026-03-16,SKU-015,RET-035,26,69.21
2026-03-17,SKU-015,RET-053,19,69.21
2026-03-18,SKU-015,RET-055,18,69.21
2026-03-19,SKU-015,RET-082,18,69.21
2026-03-20,SKU-015,RET-041,21,69.21
2026-03-21,SKU-015,RET-010,21,69.21
2026-03-22,SKU-015,RET-088,26,69.21
2026-03-23,SKU-015,RET-006,22,69.21
2026-03-24,SKU-015,RET-050,18,69.21
2026-03-25,SKU-015,RET-051,24,69.21
2026-03-26,SKU-015,RET-059,29,69.21
2026-03-27,SKU-015,RET-084,30,69.21
2026-03-28,SKU-015,RET-002,31,69.21
2026-03-29,SKU-015,RET-044,23,69.21
2026-03-30,SKU-015,RET-017,15,69.21
2026-03-31,SKU-015,RET-021,18,69.21
2026-04-01,SKU-015,RET-049,17,69.21
2026-04-02,SKU-015,RET-086,32,69.21
2026-04-03,SKU-015,RET-006,41,69.21
2026-04-04,SKU-015,RET-066,29,69.21
2026-04-05,SKU-015,RET-024,19,69.21
2026-04-06,SKU-015,RET-006,15,69.21
2026-04-07,SKU-015,RET-085,17,69.21
2026-04-08,SKU-015,RET-004,23,69.21
2026-04-09,SKU-015,RET-054,20,69.21
2026-04-10,SKU-015,RET-006,27,69.21
2026-04-11,SKU-015,RET-092,24,69.21
2026-04-12,SKU-015,RET-062,19,69.21
2026-04-13,SKU-015,RET-068,23,69.21
2026-04-14,SKU-015,RET-053,25,69.21
2026-04-15,SKU-015,RET-018,26,69.21
2026-04-16,SKU-015,RET-029,30,69.21
2026-04-17,SKU-015,RET-095,29,69.21
2026-04-18,SKU-015,RET-045,23,69.21
2026-04-19,SKU-015,RET-052,21,69.21
2026-04-20,SKU-015,RET-076,29,69.21
2026-04-21,SKU-015,RET-073,16,69.21
2026-04-22,SKU-015,RET-083,19,69.21
2026-04-23,SKU-015,RET-060,22,69.21
2026-04-24,SKU-015,RET-051,18,69.21
2026-04-25,SKU-015,RET-021,22,69.21
2026-04-26,SKU-015,RET-018,19,69.21
2026-04-27,SKU-015,RET-035,23,69.21
2026-04-28,SKU-015,RET-044,26,69.21
2026-04-29,SKU-015,RET-049,22,69.21
2026-04-30,SKU-015,RET-049,27,69.21
2026-05-01,SKU-015,RET-085,30,69.21
2026-05-02,SKU-015,RET-036,29,69.21
2026-05-03,SKU-015,RET-043,22,69.21
2026-05-04,SKU-015,RET-046,25,69.21
2026-05-05,SKU-015,RET-027,19,69.21
2026-05-06,SKU-015,RET-035,20,69.21
2026-05-07,SKU-015,RET-002,23,69.21
2026-05-08,SKU-015,RET-083,26,69.21
2026-05-09,SKU-015,RET-073,28,69.21
2026-05-10,SKU-015,RET-066,37,69.21
2026-05-11,SKU-015,RET-002,28,69.21
2026-05-12,SKU-015,RET-030,24,69.21
2026-05-13,SKU-015,RET-085,23,69.21
2026-05-14,SKU-015,RET-005,26,69.21
2026-05-15,SKU-015,RET-057,23,69.21
2026-05-16,SKU-015,RET-095,31,69.21
2026-05-17,SKU-015,RET-071,20,69.21
2026-05-18,SKU-015,RET-025,26,69.21
2026-05-19,SKU-015,RET-097,21,69.21
2026-05-20,SKU-015,RET-035,27,69.21
2026-05-21,SKU-015,RET-094,25,69.21
2026-05-22,SKU-015,RET-009,28,69.21
2026-05-23,SKU-015,RET-073,22,69.21
2026-05-24,SKU-015,RET-052,22,69.21
2026-05-25,SKU-015,RET-093,26,69.21
2026-05-26,SKU-015,RET-096,21,69.21
2026-05-27,SKU-015,RET-035,33,69.21
2026-05-28,SKU-015,RET-050,21,69.21
2026-05-29,SKU-015,RET-037,35,69.21
2026-05-30,SKU-015,RET-061,27,69.21
2026-05-31,SKU-015,RET-043,16,69.21
2026-06-01,SKU-015,RET-097,21,69.21
2026-06-02,SKU-015,RET-028,23,69.21
2026-06-03,SKU-015,RET-081,21,69.21
2026-06-04,SKU-015,RET-023,27,69.21
2026-06-05,SKU-015,RET-019,28,69.21
2026-06-06,SKU-015,RET-007,24,69.21
2026-06-07,SKU-015,RET-017,29,69.21
2026-06-08,SKU-015,RET-098,22,69.21
2026-06-09,SKU-015,RET-049,20,69.21
2026-06-10,SKU-015,RET-084,11,69.21
2026-06-11,SKU-015,RET-065,16,69.21
2026-06-12,SKU-015,RET-052,37,69.21
2026-06-13,SKU-015,RET-063,27,69.21
2026-06-14,SKU-015,RET-043,25,69.21
2026-06-15,SKU-015,RET-070,26,69.21
2026-06-16,SKU-015,RET-079,21,69.21
2026-06-17,SKU-015,RET-001,26,69.21
2026-06-18,SKU-015,RET-063,17,69.21
2026-06-19,SKU-015,RET-090,24,69.21
2026-06-20,SKU-015,RET-020,24,69.21
2026-06-21,SKU-015,RET-022,22,69.21
2026-06-22,SKU-015,RET-024,20,69.21
2026-06-23,SKU-015,RET-007,19,69.21
2026-06-24,SKU-015,RET-015,21,69.21
2026-06-25,SKU-015,RET-057,22,69.21
2026-06-26,SKU-015,RET-002,25,69.21
2026-06-27,SKU-015,RET-006,29,69.21
2026-06-28,SKU-015,RET-041,25,69.21
2026-06-29,SKU-015,RET-016,24,69.21
2026-06-30,SKU-015,RET-093,12,69.21
2026-07-01,SKU-015,RET-002,21,69.21
2026-07-02,SKU-015,RET-064,16,69.21
2026-07-03,SKU-015,RET-017,29,69.21
2026-07-04,SKU-015,RET-073,27,69.21
2026-07-05,SKU-015,RET-007,25,69.21
2026-07-06,SKU-015,RET-054,27,69.21
2026-07-07,SKU-015,RET-006,17,69.21
2026-07-08,SKU-015,RET-069,27,69.21
2026-07-09,SKU-015,RET-066,21,69.21
2026-07-10,SKU-015,RET-010,18,69.21
2026-07-11,SKU-015,RET-091,23,69.21
2026-07-12,SKU-015,RET-054,19,69.21
2026-07-13,SKU-015,RET-001,22,69.21
2026-07-14,SKU-015,RET-038,14,69.21
2026-07-15,SKU-015,RET-078,31,69.21
2026-07-16,SKU-015,RET-018,14,69.21
2026-07-17,SKU-015,RET-095,23,69.21
2026-07-18,SKU-015,RET-050,38,69.21
2026-07-19,SKU-015,RET-011,23,69.21
2026-07-20,SKU-015,RET-063,21,69.21
2026-07-21,SKU-015,RET-015,27,69.21
2026-07-22,SKU-015,RET-074,19,69.21
2026-07-23,SKU-015,RET-010,19,69.21
2026-07-24,SKU-015,RET-060,21,69.21
2026-07-25,SKU-015,RET-040,22,69.21
2026-07-26,SKU-015,RET-092,21,69.21
2026-07-27,SKU-015,RET-009,18,69.21
2026-07-28,SKU-015,RET-009,31,69.21
2026-07-29,SKU-015,RET-039,19,69.21
2026-07-30,SKU-015,RET-065,17,69.21
2026-07-31,SKU-015,RET-016,23,69.21
2026-08-01,SKU-015,RET-002,18,69.21
2026-08-02,SKU-015,RET-006,23,69.21
2026-08-03,SKU-015,RET-054,15,69.21
2026-08-04,SKU-015,RET-062,11,69.21
2026-08-05,SKU-015,RET-100,15,69.21
2026-08-06,SKU-015,RET-030,20,69.21
2026-08-07,SKU-015,RET-093,21,69.21
2026-08-08,SKU-015,RET-085,21,69.21
2026-08-09,SKU-015,RET-092,19,69.21
2026-08-10,SKU-015,RET-046,20,69.21
2026-08-11,SKU-015,RET-088,25,69.21
2026-08-12,SKU-015,RET-066,24,69.21
2026-08-13,SKU-015,RET-099,18,69.21
2026-08-14,SKU-015,RET-073,26,69.21
2026-08-15,SKU-015,RET-033,24,69.21
2026-08-16,SKU-015,RET-092,20,69.21
2026-08-17,SKU-015,RET-015,19,69.21
2026-08-18,SKU-015,RET-036,15,69.21
2026-08-19,SKU-015,RET-080,24,69.21
2026-08-20,SKU-015,RET-023,11,69.21
2026-08-21,SKU-015,RET-077,27,69.21
2026-08-22,SKU-015,RET-090,12,69.21
2026-08-23,SKU-015,RET-060,25,69.21
2026-08-24,SKU-015,RET-029,19,69.21
2026-08-25,SKU-015,RET-089,22,69.21
2025-08-26,SKU-016,RET-073,26,122.16
2025-08-27,SKU-016,RET-056,27,122.16
2025-08-28,SKU-016,RET-097,40,122.16
2025-08-29,SKU-016,RET-092,29,122.16
2025-08-30,SKU-016,RET-038,31,122.16
2025-08-31,SKU-016,RET-087,25,122.16
2025-09-01,SKU-016,RET-037,33,122.16
2025-09-02,SKU-016,RET-028,32,122.16
2025-09-03,SKU-016,RET-022,17,122.16
2025-09-04,SKU-016,RET-063,24,122.16
2025-09-05,SKU-016,RET-084,24,122.16
2025-09-06,SKU-016,RET-044,36,122.16
2025-09-07,SKU-016,RET-087,28,122.16
2025-09-08,SKU-016,RET-087,22,122.16
2025-09-09,SKU-016,RET-091,27,122.16
2025-09-10,SKU-016,RET-052,33,122.16
2025-09-11,SKU-016,RET-045,22,122.16
2025-09-12,SKU-016,RET-046,35,122.16
2025-09-13,SKU-016,RET-086,29,122.16
2025-09-14,SKU-016,RET-099,31,122.16
2025-09-15,SKU-016,RET-008,36,122.16
2025-09-16,SKU-016,RET-096,18,122.16
2025-09-17,SKU-016,RET-078,31,122.16
2025-09-18,SKU-016,RET-038,28,122.16
2025-09-19,SKU-016,RET-012,26,122.16
2025-09-20,SKU-016,RET-041,22,122.16
2025-09-21,SKU-016,RET-007,24,122.16
2025-09-22,SKU-016,RET-042,22,122.16
2025-09-23,SKU-016,RET-058,18,122.16
2025-09-24,SKU-016,RET-021,26,122.16
2025-09-25,SKU-016,RET-065,23,122.16
2025-09-26,SKU-016,RET-084,32,122.16
2025-09-27,SKU-016,RET-055,24,122.16
2025-09-28,SKU-016,RET-028,17,122.16
2025-09-29,SKU-016,RET-081,27,122.16
2025-09-30,SKU-016,RET-032,24,122.16
2025-10-01,SKU-016,RET-055,31,122.16
2025-10-02,SKU-016,RET-031,31,122.16
2025-10-03,SKU-016,RET-022,31,122.16
2025-10-04,SKU-016,RET-100,37,122.16
2025-10-05,SKU-016,RET-019,33,122.16
2025-10-06,SKU-016,RET-096,27,122.16
2025-10-07,SKU-016,RET-096,38,122.16
2025-10-08,SKU-016,RET-015,19,122.16
2025-10-09,SKU-016,RET-008,31,122.16
2025-10-10,SKU-016,RET-075,36,122.16
2025-10-11,SKU-016,RET-079,43,122.16
2025-10-12,SKU-016,RET-002,35,122.16
2025-10-13,SKU-016,RET-016,41,122.16
2025-10-14,SKU-016,RET-038,14,122.16
2025-10-15,SKU-016,RET-004,30,122.16
2025-10-16,SKU-016,RET-085,29,122.16
2025-10-17,SKU-016,RET-005,38,122.16
2025-10-18,SKU-016,RET-064,30,122.16
2025-10-19,SKU-016,RET-023,32,122.16
2025-10-20,SKU-016,RET-084,42,122.16
2025-10-21,SKU-016,RET-043,26,122.16
2025-10-22,SKU-016,RET-030,30,122.16
2025-10-23,SKU-016,RET-093,21,122.16
2025-10-24,SKU-016,RET-011,45,122.16
2025-10-25,SKU-016,RET-071,35,122.16
2025-10-26,SKU-016,RET-002,29,122.16
2025-10-27,SKU-016,RET-023,41,122.16
2025-10-28,SKU-016,RET-004,25,122.16
2025-10-29,SKU-016,RET-047,26,122.16
2025-10-30,SKU-016,RET-089,39,122.16
2025-10-31,SKU-016,RET-051,32,122.16
2025-11-01,SKU-016,RET-024,42,122.16
2025-11-02,SKU-016,RET-010,25,122.16
2025-11-03,SKU-016,RET-047,37,122.16
2025-11-04,SKU-016,RET-020,29,122.16
2025-11-05,SKU-016,RET-072,22,122.16
2025-11-06,SKU-016,RET-047,37,122.16
2025-11-07,SKU-016,RET-065,43,122.16
2025-11-08,SKU-016,RET-088,42,122.16
2025-11-09,SKU-016,RET-003,31,122.16
2025-11-10,SKU-016,RET-064,32,122.16
2025-11-11,SKU-016,RET-018,37,122.16
2025-11-12,SKU-016,RET-008,33,122.16
2025-11-13,SKU-016,RET-029,28,122.16
2025-11-14,SKU-016,RET-088,40,122.16
2025-11-15,SKU-016,RET-087,36,122.16
2025-11-16,SKU-016,RET-022,33,122.16
2025-11-17,SKU-016,RET-074,36,122.16
2025-11-18,SKU-016,RET-027,34,122.16
2025-11-19,SKU-016,RET-045,36,122.16
2025-11-20,SKU-016,RET-027,32,122.16
2025-11-21,SKU-016,RET-068,32,122.16
2025-11-22,SKU-016,RET-025,35,122.16
2025-11-23,SKU-016,RET-033,37,122.16
2025-11-24,SKU-016,RET-041,29,122.16
2025-11-25,SKU-016,RET-034,45,122.16
2025-11-26,SKU-016,RET-042,38,122.16
2025-11-27,SKU-016,RET-045,39,122.16
2025-11-28,SKU-016,RET-011,49,122.16
2025-11-29,SKU-016,RET-036,51,122.16
2025-11-30,SKU-016,RET-002,29,122.16
2025-12-01,SKU-016,RET-082,21,122.16
2025-12-02,SKU-016,RET-065,20,122.16
2025-12-03,SKU-016,RET-051,30,122.16
2025-12-04,SKU-016,RET-098,28,122.16
2025-12-05,SKU-016,RET-042,28,122.16
2025-12-06,SKU-016,RET-015,30,122.16
2025-12-07,SKU-016,RET-021,24,122.16
2025-12-08,SKU-016,RET-035,34,122.16
2025-12-09,SKU-016,RET-082,26,122.16
2025-12-10,SKU-016,RET-026,29,122.16
2025-12-11,SKU-016,RET-056,23,122.16
2025-12-12,SKU-016,RET-044,31,122.16
2025-12-13,SKU-016,RET-026,33,122.16
2025-12-14,SKU-016,RET-038,30,122.16
2025-12-15,SKU-016,RET-049,25,122.16
2025-12-16,SKU-016,RET-042,22,122.16
2025-12-17,SKU-016,RET-074,24,122.16
2025-12-18,SKU-016,RET-017,32,122.16
2025-12-19,SKU-016,RET-033,32,122.16
2025-12-20,SKU-016,RET-091,35,122.16
2025-12-21,SKU-016,RET-032,24,122.16
2025-12-22,SKU-016,RET-042,21,122.16
2025-12-23,SKU-016,RET-061,22,122.16
2025-12-24,SKU-016,RET-039,31,122.16
2025-12-25,SKU-016,RET-097,27,122.16
2025-12-26,SKU-016,RET-071,35,122.16
2025-12-27,SKU-016,RET-046,27,122.16
2025-12-28,SKU-016,RET-042,25,122.16
2025-12-29,SKU-016,RET-061,25,122.16
2025-12-30,SKU-016,RET-041,35,122.16
2025-12-31,SKU-016,RET-024,26,122.16
2026-01-01,SKU-016,RET-038,29,122.16
2026-01-02,SKU-016,RET-091,34,122.16
2026-01-03,SKU-016,RET-096,34,122.16
2026-01-04,SKU-016,RET-006,24,122.16
2026-01-05,SKU-016,RET-087,27,122.16
2026-01-06,SKU-016,RET-011,31,122.16
2026-01-07,SKU-016,RET-035,29,122.16
2026-01-08,SKU-016,RET-069,35,122.16
2026-01-09,SKU-016,RET-032,46,122.16
2026-01-10,SKU-016,RET-069,34,122.16
2026-01-11,SKU-016,RET-036,41,122.16
2026-01-12,SKU-016,RET-051,32,122.16
2026-01-13,SKU-016,RET-087,31,122.16
2026-01-14,SKU-016,RET-086,32,122.16
2026-01-15,SKU-016,RET-068,39,122.16
2026-01-16,SKU-016,RET-017,28,122.16
2026-01-17,SKU-016,RET-020,44,122.16
2026-01-18,SKU-016,RET-050,20,122.16
2026-01-19,SKU-016,RET-053,28,122.16
2026-01-20,SKU-016,RET-094,33,122.16
2026-01-21,SKU-016,RET-097,39,122.16
2026-01-22,SKU-016,RET-075,27,122.16
2026-01-23,SKU-016,RET-058,38,122.16
2026-01-24,SKU-016,RET-039,34,122.16
2026-01-25,SKU-016,RET-086,36,122.16
2026-01-26,SKU-016,RET-027,22,122.16
2026-01-27,SKU-016,RET-040,30,122.16
2026-01-28,SKU-016,RET-077,38,122.16
2026-01-29,SKU-016,RET-075,34,122.16
2026-01-30,SKU-016,RET-094,40,122.16
2026-01-31,SKU-016,RET-029,30,122.16
2026-02-01,SKU-016,RET-037,31,122.16
2026-02-02,SKU-016,RET-001,37,122.16
2026-02-03,SKU-016,RET-088,27,122.16
2026-02-04,SKU-016,RET-053,25,122.16
2026-02-05,SKU-016,RET-090,29,122.16
2026-02-06,SKU-016,RET-057,29,122.16
2026-02-07,SKU-016,RET-091,40,122.16
2026-02-08,SKU-016,RET-015,37,122.16
2026-02-09,SKU-016,RET-012,35,122.16
2026-02-10,SKU-016,RET-076,37,122.16
2026-02-11,SKU-016,RET-041,27,122.16
2026-02-12,SKU-016,RET-004,37,122.16
2026-02-13,SKU-016,RET-097,43,122.16
2026-02-14,SKU-016,RET-015,38,122.16
2026-02-15,SKU-016,RET-093,25,122.16
2026-02-16,SKU-016,RET-030,31,122.16
2026-02-17,SKU-016,RET-030,35,122.16
2026-02-18,SKU-016,RET-017,30,122.16
2026-02-19,SKU-016,RET-031,39,122.16
2026-02-20,SKU-016,RET-025,35,122.16
2026-02-21,SKU-016,RET-071,45,122.16
2026-02-22,SKU-016,RET-080,39,122.16
2026-02-23,SKU-016,RET-013,39,122.16
2026-02-24,SKU-016,RET-017,37,122.16
2026-02-25,SKU-016,RET-034,26,122.16
2026-02-26,SKU-016,RET-024,35,122.16
2026-02-27,SKU-016,RET-032,46,122.16
2026-02-28,SKU-016,RET-025,45,122.16
2026-03-01,SKU-016,RET-001,35,122.16
2026-03-02,SKU-016,RET-033,36,122.16
2026-03-03,SKU-016,RET-082,33,122.16
2026-03-04,SKU-016,RET-081,35,122.16
2026-03-05,SKU-016,RET-068,35,122.16
2026-03-06,SKU-016,RET-061,44,122.16
2026-03-07,SKU-016,RET-092,38,122.16
2026-03-08,SKU-016,RET-100,39,122.16
2026-03-09,SKU-016,RET-100,32,122.16
2026-03-10,SKU-016,RET-063,22,122.16
2026-03-11,SKU-016,RET-010,30,122.16
2026-03-12,SKU-016,RET-026,29,122.16
2026-03-13,SKU-016,RET-008,35,122.16
2026-03-14,SKU-016,RET-041,33,122.16
2026-03-15,SKU-016,RET-093,29,122.16
2026-03-16,SKU-016,RET-051,37,122.16
2026-03-17,SKU-016,RET-005,39,122.16
2026-03-18,SKU-016,RET-052,35,122.16
2026-03-19,SKU-016,RET-041,42,122.16
2026-03-20,SKU-016,RET-033,38,122.16
2026-03-21,SKU-016,RET-059,42,122.16
2026-03-22,SKU-016,RET-022,28,122.16
2026-03-23,SKU-016,RET-002,35,122.16
2026-03-24,SKU-016,RET-089,31,122.16
2026-03-25,SKU-016,RET-023,28,122.16
2026-03-26,SKU-016,RET-005,29,122.16
2026-03-27,SKU-016,RET-072,48,122.16
2026-03-28,SKU-016,RET-070,30,122.16
2026-03-29,SKU-016,RET-030,36,122.16
2026-03-30,SKU-016,RET-035,31,122.16
2026-03-31,SKU-016,RET-015,28,122.16
2026-04-01,SKU-016,RET-017,39,122.16
2026-04-02,SKU-016,RET-024,42,122.16
2026-04-03,SKU-016,RET-019,49,122.16
2026-04-04,SKU-016,RET-036,42,122.16
2026-04-05,SKU-016,RET-007,25,122.16
2026-04-06,SKU-016,RET-067,32,122.16
2026-04-07,SKU-016,RET-029,30,122.16
2026-04-08,SKU-016,RET-060,35,122.16
2026-04-09,SKU-016,RET-084,37,122.16
2026-04-10,SKU-016,RET-065,58,122.16
2026-04-11,SKU-016,RET-054,44,122.16
2026-04-12,SKU-016,RET-082,36,122.16
2026-04-13,SKU-016,RET-009,37,122.16
2026-04-14,SKU-016,RET-052,43,122.16
2026-04-15,SKU-016,RET-097,24,122.16
2026-04-16,SKU-016,RET-051,20,122.16
2026-04-17,SKU-016,RET-074,38,122.16
2026-04-18,SKU-016,RET-048,41,122.16
2026-04-19,SKU-016,RET-065,30,122.16
2026-04-20,SKU-016,RET-037,32,122.16
2026-04-21,SKU-016,RET-067,30,122.16
2026-04-22,SKU-016,RET-043,34,122.16
2026-04-23,SKU-016,RET-045,42,122.16
2026-04-24,SKU-016,RET-050,40,122.16
2026-04-25,SKU-016,RET-042,42,122.16
2026-04-26,SKU-016,RET-090,34,122.16
2026-04-27,SKU-016,RET-023,27,122.16
2026-04-28,SKU-016,RET-094,40,122.16
2026-04-29,SKU-016,RET-100,37,122.16
2026-04-30,SKU-016,RET-023,33,122.16
2026-05-01,SKU-016,RET-018,50,122.16
2026-05-02,SKU-016,RET-090,44,122.16
2026-05-03,SKU-016,RET-056,22,122.16
2026-05-04,SKU-016,RET-003,32,122.16
2026-05-05,SKU-016,RET-020,32,122.16
2026-05-06,SKU-016,RET-041,30,122.16
2026-05-07,SKU-016,RET-017,31,122.16
2026-05-08,SKU-016,RET-085,51,122.16
2026-05-09,SKU-016,RET-032,30,122.16
2026-05-10,SKU-016,RET-049,29,122.16
2026-05-11,SKU-016,RET-055,28,122.16
2026-05-12,SKU-016,RET-002,37,122.16
2026-05-13,SKU-016,RET-042,31,122.16
2026-05-14,SKU-016,RET-022,41,122.16
2026-05-15,SKU-016,RET-088,48,122.16
2026-05-16,SKU-016,RET-044,35,122.16
2026-05-17,SKU-016,RET-096,34,122.16
2026-05-18,SKU-016,RET-015,28,122.16
2026-05-19,SKU-016,RET-064,29,122.16
2026-05-20,SKU-016,RET-096,26,122.16
2026-05-21,SKU-016,RET-041,29,122.16
2026-05-22,SKU-016,RET-070,47,122.16
2026-05-23,SKU-016,RET-030,50,122.16
2026-05-24,SKU-016,RET-100,26,122.16
2026-05-25,SKU-016,RET-003,43,122.16
2026-05-26,SKU-016,RET-021,20,122.16
2026-05-27,SKU-016,RET-002,29,122.16
2026-05-28,SKU-016,RET-055,38,122.16
2026-05-29,SKU-016,RET-048,46,122.16
2026-05-30,SKU-016,RET-076,29,122.16
2026-05-31,SKU-016,RET-017,41,122.16
2026-06-01,SKU-016,RET-010,33,122.16
2026-06-02,SKU-016,RET-005,27,122.16
2026-06-03,SKU-016,RET-085,32,122.16
2026-06-04,SKU-016,RET-085,32,122.16
2026-06-05,SKU-016,RET-041,41,122.16
2026-06-06,SKU-016,RET-057,46,122.16
2026-06-07,SKU-016,RET-081,31,122.16
2026-06-08,SKU-016,RET-001,35,122.16
2026-06-09,SKU-016,RET-052,19,122.16
2026-06-10,SKU-016,RET-095,34,122.16
2026-06-11,SKU-016,RET-042,23,122.16
2026-06-12,SKU-016,RET-002,36,122.16
2026-06-13,SKU-016,RET-090,51,122.16
2026-06-14,SKU-016,RET-017,27,122.16
2026-06-15,SKU-016,RET-065,34,122.16
2026-06-16,SKU-016,RET-098,30,122.16
2026-06-17,SKU-016,RET-097,26,122.16
2026-06-18,SKU-016,RET-024,34,122.16
2026-06-19,SKU-016,RET-093,44,122.16
2026-06-20,SKU-016,RET-065,28,122.16
2026-06-21,SKU-016,RET-069,22,122.16
2026-06-22,SKU-016,RET-071,28,122.16
2026-06-23,SKU-016,RET-073,30,122.16
2026-06-24,SKU-016,RET-022,30,122.16
2026-06-25,SKU-016,RET-008,29,122.16
2026-06-26,SKU-016,RET-024,33,122.16
2026-06-27,SKU-016,RET-039,37,122.16
2026-06-28,SKU-016,RET-063,33,122.16
2026-06-29,SKU-016,RET-017,32,122.16
2026-06-30,SKU-016,RET-037,19,122.16
2026-07-01,SKU-016,RET-080,28,122.16
2026-07-02,SKU-016,RET-075,30,122.16
2026-07-03,SKU-016,RET-026,31,122.16
2026-07-04,SKU-016,RET-073,33,122.16
2026-07-05,SKU-016,RET-006,24,122.16
2026-07-06,SKU-016,RET-079,29,122.16
2026-07-07,SKU-016,RET-035,33,122.16
2026-07-08,SKU-016,RET-073,26,122.16
2026-07-09,SKU-016,RET-003,27,122.16
2026-07-10,SKU-016,RET-036,28,122.16
2026-07-11,SKU-016,RET-020,45,122.16
2026-07-12,SKU-016,RET-021,32,122.16
2026-07-13,SKU-016,RET-088,29,122.16
2026-07-14,SKU-016,RET-030,32,122.16
2026-07-15,SKU-016,RET-069,26,122.16
2026-07-16,SKU-016,RET-023,25,122.16
2026-07-17,SKU-016,RET-040,40,122.16
2026-07-18,SKU-016,RET-041,28,122.16
2026-07-19,SKU-016,RET-079,35,122.16
2026-07-20,SKU-016,RET-086,36,122.16
2026-07-21,SKU-016,RET-068,32,122.16
2026-07-22,SKU-016,RET-005,25,122.16
2026-07-23,SKU-016,RET-016,31,122.16
2026-07-24,SKU-016,RET-081,38,122.16
2026-07-25,SKU-016,RET-053,26,122.16
2026-07-26,SKU-016,RET-023,20,122.16
2026-07-27,SKU-016,RET-011,28,122.16
2026-07-28,SKU-016,RET-035,19,122.16
2026-07-29,SKU-016,RET-042,28,122.16
2026-07-30,SKU-016,RET-082,26,122.16
2026-07-31,SKU-016,RET-035,32,122.16
2026-08-01,SKU-016,RET-033,33,122.16
2026-08-02,SKU-016,RET-061,31,122.16
2026-08-03,SKU-016,RET-071,33,122.16
2026-08-04,SKU-016,RET-046,28,122.16
2026-08-05,SKU-016,RET-011,36,122.16
2026-08-06,SKU-016,RET-056,27,122.16
2026-08-07,SKU-016,RET-015,35,122.16
2026-08-08,SKU-016,RET-068,33,122.16
2026-08-09,SKU-016,RET-058,20,122.16
2026-08-10,SKU-016,RET-062,22,122.16
2026-08-11,SKU-016,RET-024,21,122.16
2026-08-12,SKU-016,RET-047,28,122.16
2026-08-13,SKU-016,RET-089,31,122.16
2026-08-14,SKU-016,RET-010,25,122.16
2026-08-15,SKU-016,RET-040,37,122.16
2026-08-16,SKU-016,RET-076,21,122.16
2026-08-17,SKU-016,RET-086,26,122.16
2026-08-18,SKU-016,RET-057,22,122.16
2026-08-19,SKU-016,RET-024,24,122.16
2026-08-20,SKU-016,RET-085,26,122.16
2026-08-21,SKU-016,RET-091,28,122.16
2026-08-22,SKU-016,RET-043,24,122.16
2026-08-23,SKU-016,RET-085,28,122.16
2026-08-24,SKU-016,RET-054,26,122.16
2026-08-25,SKU-016,RET-046,22,122.16
2025-08-26,SKU-017,RET-045,27,92.19
2025-08-27,SKU-017,RET-083,29,92.19
2025-08-28,SKU-017,RET-089,29,92.19
2025-08-29,SKU-017,RET-092,39,92.19
2025-08-30,SKU-017,RET-038,36,92.19
2025-08-31,SKU-017,RET-001,32,92.19
2025-09-01,SKU-017,RET-085,26,92.19
2025-09-02,SKU-017,RET-087,29,92.19
2025-09-03,SKU-017,RET-044,35,92.19
2025-09-04,SKU-017,RET-055,23,92.19
2025-09-05,SKU-017,RET-047,34,92.19
2025-09-06,SKU-017,RET-002,30,92.19
2025-09-07,SKU-017,RET-042,30,92.19
2025-09-08,SKU-017,RET-044,18,92.19
2025-09-09,SKU-017,RET-067,28,92.19
2025-09-10,SKU-017,RET-003,23,92.19
2025-09-11,SKU-017,RET-037,30,92.19
2025-09-12,SKU-017,RET-036,25,92.19
2025-09-13,SKU-017,RET-068,30,92.19
2025-09-14,SKU-017,RET-064,24,92.19
2025-09-15,SKU-017,RET-021,21,92.19
2025-09-16,SKU-017,RET-064,21,92.19
2025-09-17,SKU-017,RET-027,31,92.19
2025-09-18,SKU-017,RET-040,34,92.19
2025-09-19,SKU-017,RET-054,29,92.19
2025-09-20,SKU-017,RET-065,41,92.19
2025-09-21,SKU-017,RET-006,31,92.19
2025-09-22,SKU-017,RET-006,39,92.19
2025-09-23,SKU-017,RET-079,25,92.19
2025-09-24,SKU-017,RET-065,25,92.19
2025-09-25,SKU-017,RET-014,35,92.19
2025-09-26,SKU-017,RET-014,39,92.19
2025-09-27,SKU-017,RET-050,34,92.19
2025-09-28,SKU-017,RET-080,24,92.19
2025-09-29,SKU-017,RET-070,27,92.19
2025-09-30,SKU-017,RET-058,27,92.19
2025-10-01,SKU-017,RET-051,41,92.19
2025-10-02,SKU-017,RET-093,32,92.19
2025-10-03,SKU-017,RET-090,38,92.19
2025-10-04,SKU-017,RET-048,36,92.19
2025-10-05,SKU-017,RET-023,38,92.19
2025-10-06,SKU-017,RET-035,30,92.19
2025-10-07,SKU-017,RET-088,42,92.19
2025-10-08,SKU-017,RET-099,37,92.19
2025-10-09,SKU-017,RET-053,34,92.19
2025-10-10,SKU-017,RET-067,58,92.19
2025-10-11,SKU-017,RET-014,46,92.19
2025-10-12,SKU-017,RET-015,34,92.19
2025-10-13,SKU-017,RET-054,32,92.19
2025-10-14,SKU-017,RET-018,34,92.19
2025-10-15,SKU-017,RET-001,43,92.19
2025-10-16,SKU-017,RET-006,36,92.19
2025-10-17,SKU-017,RET-091,56,92.19
2025-10-18,SKU-017,RET-090,39,92.19
2025-10-19,SKU-017,RET-035,38,92.19
2025-10-20,SKU-017,RET-047,38,92.19
2025-10-21,SKU-017,RET-036,41,92.19
2025-10-22,SKU-017,RET-089,40,92.19
2025-10-23,SKU-017,RET-057,31,92.19
2025-10-24,SKU-017,RET-064,47,92.19
2025-10-25,SKU-017,RET-085,49,92.19
2025-10-26,SKU-017,RET-058,38,92.19
2025-10-27,SKU-017,RET-003,37,92.19
2025-10-28,SKU-017,RET-004,28,92.19
2025-10-29,SKU-017,RET-026,38,92.19
2025-10-30,SKU-017,RET-051,31,92.19
2025-10-31,SKU-017,RET-033,45,92.19
2025-11-01,SKU-017,RET-087,39,92.19
2025-11-02,SKU-017,RET-057,40,92.19
2025-11-03,SKU-017,RET-002,28,92.19
2025-11-04,SKU-017,RET-096,36,92.19
2025-11-05,SKU-017,RET-065,18,92.19
2025-11-06,SKU-017,RET-008,42,92.19
2025-11-07,SKU-017,RET-082,39,92.19
2025-11-08,SKU-017,RET-003,44,92.19
2025-11-09,SKU-017,RET-037,39,92.19
2025-11-10,SKU-017,RET-046,42,92.19
2025-11-11,SKU-017,RET-083,41,92.19
2025-11-12,SKU-017,RET-028,30,92.19
2025-11-13,SKU-017,RET-025,45,92.19
2025-11-14,SKU-017,RET-005,38,92.19
2025-11-15,SKU-017,RET-019,41,92.19
2025-11-16,SKU-017,RET-040,46,92.19
2025-11-17,SKU-017,RET-058,34,92.19
2025-11-18,SKU-017,RET-017,40,92.19
2025-11-19,SKU-017,RET-015,28,92.19
2025-11-20,SKU-017,RET-079,41,92.19
2025-11-21,SKU-017,RET-088,39,92.19
2025-11-22,SKU-017,RET-016,49,92.19
2025-11-23,SKU-017,RET-048,33,92.19
2025-11-24,SKU-017,RET-059,36,92.19
2025-11-25,SKU-017,RET-033,41,92.19
2025-11-26,SKU-017,RET-041,44,92.19
2025-11-27,SKU-017,RET-039,46,92.19
2025-11-28,SKU-017,RET-066,48,92.19
2025-11-29,SKU-017,RET-029,56,92.19
2025-11-30,SKU-017,RET-044,45,92.19
2025-12-01,SKU-017,RET-040,36,92.19
2025-12-02,SKU-017,RET-023,32,92.19
2025-12-03,SKU-017,RET-099,26,92.19
2025-12-04,SKU-017,RET-087,39,92.19
2025-12-05,SKU-017,RET-046,43,92.19
2025-12-06,SKU-017,RET-044,38,92.19
2025-12-07,SKU-017,RET-027,43,92.19
2025-12-08,SKU-017,RET-079,30,92.19
2025-12-09,SKU-017,RET-069,34,92.19
2025-12-10,SKU-017,RET-031,28,92.19
2025-12-11,SKU-017,RET-019,24,92.19
2025-12-12,SKU-017,RET-046,37,92.19
2025-12-13,SKU-017,RET-008,37,92.19
2025-12-14,SKU-017,RET-086,31,92.19
2025-12-15,SKU-017,RET-084,42,92.19
2025-12-16,SKU-017,RET-054,33,92.19
2025-12-17,SKU-017,RET-004,38,92.19
2025-12-18,SKU-017,RET-063,25,92.19
2025-12-19,SKU-017,RET-060,40,92.19
2025-12-20,SKU-017,RET-068,39,92.19
2025-12-21,SKU-017,RET-036,30,92.19
2025-12-22,SKU-017,RET-087,46,92.19
2025-12-23,SKU-017,RET-075,24,92.19
2025-12-24,SKU-017,RET-064,31,92.19
2025-12-25,SKU-017,RET-054,30,92.19
2025-12-26,SKU-017,RET-060,46,92.19
2025-12-27,SKU-017,RET-036,43,92.19
2025-12-28,SKU-017,RET-022,30,92.19
2025-12-29,SKU-017,RET-099,26,92.19
2025-12-30,SKU-017,RET-027,27,92.19
2025-12-31,SKU-017,RET-053,42,92.19
2026-01-01,SKU-017,RET-093,37,92.19
2026-01-02,SKU-017,RET-039,41,92.19
2026-01-03,SKU-017,RET-011,60,92.19
2026-01-04,SKU-017,RET-018,31,92.19
2026-01-05,SKU-017,RET-078,33,92.19
2026-01-06,SKU-017,RET-065,29,92.19
2026-01-07,SKU-017,RET-070,34,92.19
2026-01-08,SKU-017,RET-094,34,92.19
2026-01-09,SKU-017,RET-009,39,92.19
2026-01-10,SKU-017,RET-055,46,92.19
2026-01-11,SKU-017,RET-014,44,92.19
2026-01-12,SKU-017,RET-082,41,92.19
2026-01-13,SKU-017,RET-031,51,92.19
2026-01-14,SKU-017,RET-065,30,92.19
2026-01-15,SKU-017,RET-092,24,92.19
2026-01-16,SKU-017,RET-023,44,92.19
2026-01-17,SKU-017,RET-061,37,92.19
2026-01-18,SKU-017,RET-095,32,92.19
2026-01-19,SKU-017,RET-042,43,92.19
2026-01-20,SKU-017,RET-067,31,92.19
2026-01-21,SKU-017,RET-016,30,92.19
2026-01-22,SKU-017,RET-043,38,92.19
2026-01-23,SKU-017,RET-027,51,92.19
2026-01-24,SKU-017,RET-014,52,92.19
2026-01-25,SKU-017,RET-029,41,92.19
2026-01-26,SKU-017,RET-046,30,92.19
2026-01-27,SKU-017,RET-060,37,92.19
2026-01-28,SKU-017,RET-020,26,92.19
2026-01-29,SKU-017,RET-007,38,92.19
2026-01-30,SKU-017,RET-046,39,92.19
2026-01-31,SKU-017,RET-002,55,92.19
2026-02-01,SKU-017,RET-071,19,92.19
2026-02-02,SKU-017,RET-079,28,92.19
2026-02-03,SKU-017,RET-099,45,92.19
2026-02-04,SKU-017,RET-087,28,92.19
2026-02-05,SKU-017,RET-078,40,92.19
2026-02-06,SKU-017,RET-030,39,92.19
2026-02-07,SKU-017,RET-050,39,92.19
2026-02-08,SKU-017,RET-030,39,92.19
2026-02-09,SKU-017,RET-058,33,92.19
2026-02-10,SKU-017,RET-045,34,92.19
2026-02-11,SKU-017,RET-033,39,92.19
2026-02-12,SKU-017,RET-046,33,92.19
2026-02-13,SKU-017,RET-072,46,92.19
2026-02-14,SKU-017,RET-099,34,92.19
2026-02-15,SKU-017,RET-090,32,92.19
2026-02-16,SKU-017,RET-016,45,92.19
2026-02-17,SKU-017,RET-038,35,92.19
2026-02-18,SKU-017,RET-028,47,92.19
2026-02-19,SKU-017,RET-095,33,92.19
2026-02-20,SKU-017,RET-064,51,92.19
2026-02-21,SKU-017,RET-005,37,92.19
2026-02-22,SKU-017,RET-006,35,92.19
2026-02-23,SKU-017,RET-040,38,92.19
2026-02-24,SKU-017,RET-077,45,92.19
2026-02-25,SKU-017,RET-079,47,92.19
2026-02-26,SKU-017,RET-070,34,92.19
2026-02-27,SKU-017,RET-036,42,92.19
2026-02-28,SKU-017,RET-004,51,92.19
2026-03-01,SKU-017,RET-097,35,92.19
2026-03-02,SKU-017,RET-001,37,92.19
2026-03-03,SKU-017,RET-017,40,92.19
2026-03-04,SKU-017,RET-051,42,92.19
2026-03-05,SKU-017,RET-038,32,92.19
2026-03-06,SKU-017,RET-012,47,92.19
2026-03-07,SKU-017,RET-048,48,92.19
2026-03-08,SKU-017,RET-021,36,92.19
2026-03-09,SKU-017,RET-061,35,92.19
2026-03-10,SKU-017,RET-005,31,92.19
2026-03-11,SKU-017,RET-086,49,92.19
2026-03-12,SKU-017,RET-073,32,92.19
2026-03-13,SKU-017,RET-016,50,92.19
2026-03-14,SKU-017,RET-029,50,92.19
2026-03-15,SKU-017,RET-011,38,92.19
2026-03-16,SKU-017,RET-048,38,92.19
2026-03-17,SKU-017,RET-078,38,92.19
2026-03-18,SKU-017,RET-093,43,92.19
2026-03-19,SKU-017,RET-049,45,92.19
2026-03-20,SKU-017,RET-067,51,92.19
2026-03-21,SKU-017,RET-055,52,92.19
2026-03-22,SKU-017,RET-007,38,92.19
2026-03-23,SKU-017,RET-085,44,92.19
2026-03-24,SKU-017,RET-034,47,92.19
2026-03-25,SKU-017,RET-064,35,92.19
2026-03-26,SKU-017,RET-026,56,92.19
2026-03-27,SKU-017,RET-045,48,92.19
2026-03-28,SKU-017,RET-032,46,92.19
2026-03-29,SKU-017,RET-036,41,92.19
2026-03-30,SKU-017,RET-032,42,92.19
2026-03-31,SKU-017,RET-097,42,92.19
2026-04-01,SKU-017,RET-064,55,92.19
2026-04-02,SKU-017,RET-083,35,92.19
2026-04-03,SKU-017,RET-081,39,92.19
2026-04-04,SKU-017,RET-046,43,92.19
2026-04-05,SKU-017,RET-065,37,92.19
2026-04-06,SKU-017,RET-099,45,92.19
2026-04-07,SKU-017,RET-074,34,92.19
2026-04-08,SKU-017,RET-028,38,92.19
2026-04-09,SKU-017,RET-013,35,92.19
2026-04-10,SKU-017,RET-077,50,92.19
2026-04-11,SKU-017,RET-057,50,92.19
2026-04-12,SKU-017,RET-043,38,92.19
2026-04-13,SKU-017,RET-038,36,92.19
2026-04-14,SKU-017,RET-028,28,92.19
2026-04-15,SKU-017,RET-063,36,92.19
2026-04-16,SKU-017,RET-040,30,92.19
2026-04-17,SKU-017,RET-085,53,92.19
2026-04-18,SKU-017,RET-051,43,92.19
2026-04-19,SKU-017,RET-035,38,92.19
2026-04-20,SKU-017,RET-009,44,92.19
2026-04-21,SKU-017,RET-014,33,92.19
2026-04-22,SKU-017,RET-100,33,92.19
2026-04-23,SKU-017,RET-024,40,92.19
2026-04-24,SKU-017,RET-074,50,92.19
2026-04-25,SKU-017,RET-007,52,92.19
2026-04-26,SKU-017,RET-005,43,92.19
2026-04-27,SKU-017,RET-048,37,92.19
2026-04-28,SKU-017,RET-009,42,92.19
2026-04-29,SKU-017,RET-071,33,92.19
2026-04-30,SKU-017,RET-087,37,92.19
2026-05-01,SKU-017,RET-095,60,92.19
2026-05-02,SKU-017,RET-016,43,92.19
2026-05-03,SKU-017,RET-098,32,92.19
2026-05-04,SKU-017,RET-028,47,92.19
2026-05-05,SKU-017,RET-094,41,92.19
2026-05-06,SKU-017,RET-086,45,92.19
2026-05-07,SKU-017,RET-094,38,92.19
2026-05-08,SKU-017,RET-077,43,92.19
2026-05-09,SKU-017,RET-100,63,92.19
2026-05-10,SKU-017,RET-030,46,92.19
2026-05-11,SKU-017,RET-072,43,92.19
2026-05-12,SKU-017,RET-052,46,92.19
2026-05-13,SKU-017,RET-085,32,92.19
2026-05-14,SKU-017,RET-071,42,92.19
2026-05-15,SKU-017,RET-091,42,92.19
2026-05-16,SKU-017,RET-060,47,92.19
2026-05-17,SKU-017,RET-098,46,92.19
2026-05-18,SKU-017,RET-013,46,92.19
2026-05-19,SKU-017,RET-093,39,92.19
2026-05-20,SKU-017,RET-040,39,92.19
2026-05-21,SKU-017,RET-025,28,92.19
2026-05-22,SKU-017,RET-027,62,92.19
2026-05-23,SKU-017,RET-015,49,92.19
2026-05-24,SKU-017,RET-021,34,92.19
2026-05-25,SKU-017,RET-049,34,92.19
2026-05-26,SKU-017,RET-076,34,92.19
2026-05-27,SKU-017,RET-029,30,92.19
2026-05-28,SKU-017,RET-042,37,92.19
2026-05-29,SKU-017,RET-084,49,92.19
2026-05-30,SKU-017,RET-100,32,92.19
2026-05-31,SKU-017,RET-032,35,92.19
2026-06-01,SKU-017,RET-046,31,92.19
2026-06-02,SKU-017,RET-100,39,92.19
2026-06-03,SKU-017,RET-017,52,92.19
2026-06-04,SKU-017,RET-005,35,92.19
2026-06-05,SKU-017,RET-001,51,92.19
2026-06-06,SKU-017,RET-082,52,92.19
2026-06-07,SKU-017,RET-096,38,92.19
2026-06-08,SKU-017,RET-064,36,92.19
2026-06-09,SKU-017,RET-099,28,92.19
2026-06-10,SKU-017,RET-099,35,92.19
2026-06-11,SKU-017,RET-039,33,92.19
2026-06-12,SKU-017,RET-100,47,92.19
2026-06-13,SKU-017,RET-065,40,92.19
2026-06-14,SKU-017,RET-066,39,92.19
2026-06-15,SKU-017,RET-098,32,92.19
2026-06-16,SKU-017,RET-083,37,92.19
2026-06-17,SKU-017,RET-037,49,92.19
2026-06-18,SKU-017,RET-022,39,92.19
2026-06-19,SKU-017,RET-075,37,92.19
2026-06-20,SKU-017,RET-067,37,92.19
2026-06-21,SKU-017,RET-072,40,92.19
2026-06-22,SKU-017,RET-037,38,92.19
2026-06-23,SKU-017,RET-098,38,92.19
2026-06-24,SKU-017,RET-018,35,92.19
2026-06-25,SKU-017,RET-074,35,92.19
2026-06-26,SKU-017,RET-044,48,92.19
2026-06-27,SKU-017,RET-018,43,92.19
2026-06-28,SKU-017,RET-054,40,92.19
2026-06-29,SKU-017,RET-004,41,92.19
2026-06-30,SKU-017,RET-015,19,92.19
2026-07-01,SKU-017,RET-048,35,92.19
2026-07-02,SKU-017,RET-064,35,92.19
2026-07-03,SKU-017,RET-052,29,92.19
2026-07-04,SKU-017,RET-087,38,92.19
2026-07-05,SKU-017,RET-026,33,92.19
2026-07-06,SKU-017,RET-072,35,92.19
2026-07-07,SKU-017,RET-035,40,92.19
2026-07-08,SKU-017,RET-002,40,92.19
2026-07-09,SKU-017,RET-100,30,92.19
2026-07-10,SKU-017,RET-070,36,92.19
2026-07-11,SKU-017,RET-042,40,92.19
2026-07-12,SKU-017,RET-027,37,92.19
2026-07-13,SKU-017,RET-097,31,92.19
2026-07-14,SKU-017,RET-015,29,92.19
2026-07-15,SKU-017,RET-084,24,92.19
2026-07-16,SKU-017,RET-061,39,92.19
2026-07-17,SKU-017,RET-020,31,92.19
2026-07-18,SKU-017,RET-030,42,92.19
2026-07-19,SKU-017,RET-036,22,92.19
2026-07-20,SKU-017,RET-004,38,92.19
2026-07-21,SKU-017,RET-045,31,92.19
2026-07-22,SKU-017,RET-049,35,92.19
2026-07-23,SKU-017,RET-044,18,92.19
2026-07-24,SKU-017,RET-100,35,92.19
2026-07-25,SKU-017,RET-065,33,92.19
2026-07-26,SKU-017,RET-005,21,92.19
2026-07-27,SKU-017,RET-004,33,92.19
2026-07-28,SKU-017,RET-024,48,92.19
2026-07-29,SKU-017,RET-024,29,92.19
2026-07-30,SKU-017,RET-076,35,92.19
2026-07-31,SKU-017,RET-004,34,92.19
2026-08-01,SKU-017,RET-036,34,92.19
2026-08-02,SKU-017,RET-099,34,92.19
2026-08-03,SKU-017,RET-048,34,92.19
2026-08-04,SKU-017,RET-085,28,92.19
2026-08-05,SKU-017,RET-041,33,92.19
2026-08-06,SKU-017,RET-087,28,92.19
2026-08-07,SKU-017,RET-042,34,92.19
2026-08-08,SKU-017,RET-088,40,92.19
2026-08-09,SKU-017,RET-095,25,92.19
2026-08-10,SKU-017,RET-041,16,92.19
2026-08-11,SKU-017,RET-037,33,92.19
2026-08-12,SKU-017,RET-003,26,92.19
2026-08-13,SKU-017,RET-023,31,92.19
2026-08-14,SKU-017,RET-084,32,92.19
2026-08-15,SKU-017,RET-057,42,92.19
2026-08-16,SKU-017,RET-079,33,92.19
2026-08-17,SKU-017,RET-048,29,92.19
2026-08-18,SKU-017,RET-079,33,92.19
2026-08-19,SKU-017,RET-013,34,92.19
2026-08-20,SKU-017,RET-040,36,92.19
2026-08-21,SKU-017,RET-006,34,92.19
2026-08-22,SKU-017,RET-043,35,92.19
2026-08-23,SKU-017,RET-004,23,92.19
2026-08-24,SKU-017,RET-088,27,92.19
2026-08-25,SKU-017,RET-097,31,92.19
2025-08-26,SKU-018,RET-068,28,190.81
2025-08-27,SKU-018,RET-081,18,190.81
2025-08-28,SKU-018,RET-060,15,190.81
2025-08-29,SKU-018,RET-089,32,190.81
2025-08-30,SKU-018,RET-086,30,190.81
2025-08-31,SKU-018,RET-048,23,190.81
2025-09-01,SKU-018,RET-071,18,190.81
2025-09-02,SKU-018,RET-067,21,190.81
2025-09-03,SKU-018,RET-006,23,190.81
2025-09-04,SKU-018,RET-007,21,190.81
2025-09-05,SKU-018,RET-008,21,190.81
2025-09-06,SKU-018,RET-092,31,190.81
2025-09-07,SKU-018,RET-064,21,190.81
2025-09-08,SKU-018,RET-064,27,190.81
2025-09-09,SKU-018,RET-082,24,190.81
2025-09-10,SKU-018,RET-099,29,190.81
2025-09-11,SKU-018,RET-018,24,190.81
2025-09-12,SKU-018,RET-087,21,190.81
2025-09-13,SKU-018,RET-023,26,190.81
2025-09-14,SKU-018,RET-025,21,190.81
2025-09-15,SKU-018,RET-072,20,190.81
2025-09-16,SKU-018,RET-017,13,190.81
2025-09-17,SKU-018,RET-009,23,190.81
2025-09-18,SKU-018,RET-021,20,190.81
2025-09-19,SKU-018,RET-067,23,190.81
2025-09-20,SKU-018,RET-093,21,190.81
2025-09-21,SKU-018,RET-045,23,190.81
2025-09-22,SKU-018,RET-020,28,190.81
2025-09-23,SKU-018,RET-032,13,190.81
2025-09-24,SKU-018,RET-085,12,190.81
2025-09-25,SKU-018,RET-045,12,190.81
2025-09-26,SKU-018,RET-076,27,190.81
2025-09-27,SKU-018,RET-016,19,190.81
2025-09-28,SKU-018,RET-013,17,190.81
2025-09-29,SKU-018,RET-070,11,190.81
2025-09-30,SKU-018,RET-070,11,190.81
2025-10-01,SKU-018,RET-077,23,190.81
2025-10-02,SKU-018,RET-080,30,190.81
2025-10-03,SKU-018,RET-051,37,190.81
2025-10-04,SKU-018,RET-038,22,190.81
2025-10-05,SKU-018,RET-089,22,190.81
2025-10-06,SKU-018,RET-093,36,190.81
2025-10-07,SKU-018,RET-011,29,190.81
2025-10-08,SKU-018,RET-021,22,190.81
2025-10-09,SKU-018,RET-073,21,190.81
2025-10-10,SKU-018,RET-027,31,190.81
2025-10-11,SKU-018,RET-095,42,190.81
2025-10-12,SKU-018,RET-089,27,190.81
2025-10-13,SKU-018,RET-062,20,190.81
2025-10-14,SKU-018,RET-087,30,190.81
2025-10-15,SKU-018,RET-019,34,190.81
2025-10-16,SKU-018,RET-012,27,190.81
2025-10-17,SKU-018,RET-045,37,190.81
2025-10-18,SKU-018,RET-023,30,190.81
2025-10-19,SKU-018,RET-095,18,190.81
2025-10-20,SKU-018,RET-051,20,190.81
2025-10-21,SKU-018,RET-090,16,190.81
2025-10-22,SKU-018,RET-080,33,190.81
2025-10-23,SKU-018,RET-038,22,190.81
2025-10-24,SKU-018,RET-085,32,190.81
2025-10-25,SKU-018,RET-089,20,190.81
2025-10-26,SKU-018,RET-010,23,190.81
2025-10-27,SKU-018,RET-048,34,190.81
2025-10-28,SKU-018,RET-029,32,190.81
2025-10-29,SKU-018,RET-028,25,190.81
2025-10-30,SKU-018,RET-013,22,190.81
2025-10-31,SKU-018,RET-066,35,190.81
2025-11-01,SKU-018,RET-089,37,190.81
2025-11-02,SKU-018,RET-058,26,190.81
2025-11-03,SKU-018,RET-074,20,190.81
2025-11-04,SKU-018,RET-026,26,190.81
2025-11-05,SKU-018,RET-096,27,190.81
2025-11-06,SKU-018,RET-057,32,190.81
2025-11-07,SKU-018,RET-063,25,190.81
2025-11-08,SKU-018,RET-044,28,190.81
2025-11-09,SKU-018,RET-004,22,190.81
2025-11-10,SKU-018,RET-025,35,190.81
2025-11-11,SKU-018,RET-071,29,190.81
2025-11-12,SKU-018,RET-056,26,190.81
2025-11-13,SKU-018,RET-025,30,190.81
2025-11-14,SKU-018,RET-006,42,190.81
2025-11-15,SKU-018,RET-094,35,190.81
2025-11-16,SKU-018,RET-085,32,190.81
2025-11-17,SKU-018,RET-082,29,190.81
2025-11-18,SKU-018,RET-052,33,190.81
2025-11-19,SKU-018,RET-004,24,190.81
2025-11-20,SKU-018,RET-069,29,190.81
2025-11-21,SKU-018,RET-039,33,190.81
2025-11-22,SKU-018,RET-045,38,190.81
2025-11-23,SKU-018,RET-003,27,190.81
2025-11-24,SKU-018,RET-088,22,190.81
2025-11-25,SKU-018,RET-017,23,190.81
2025-11-26,SKU-018,RET-067,25,190.81
2025-11-27,SKU-018,RET-048,18,190.81
2025-11-28,SKU-018,RET-086,27,190.81
2025-11-29,SKU-018,RET-092,39,190.81
2025-11-30,SKU-018,RET-047,34,190.81
2025-12-01,SKU-018,RET-057,25,190.81
2025-12-02,SKU-018,RET-093,25,190.81
2025-12-03,SKU-018,RET-096,36,190.81
2025-12-04,SKU-018,RET-017,24,190.81
2025-12-05,SKU-018,RET-068,26,190.81
2025-12-06,SKU-018,RET-051,18,190.81
2025-12-07,SKU-018,RET-081,18,190.81
2025-12-08,SKU-018,RET-033,23,190.81
2025-12-09,SKU-018,RET-059,19,190.81
2025-12-10,SKU-018,RET-076,18,190.81
2025-12-11,SKU-018,RET-098,14,190.81
2025-12-12,SKU-018,RET-016,32,190.81
2025-12-13,SKU-018,RET-049,34,190.81
2025-12-14,SKU-018,RET-085,18,190.81
2025-12-15,SKU-018,RET-063,20,190.81
2025-12-16,SKU-018,RET-059,20,190.81
2025-12-17,SKU-018,RET-097,32,190.81
2025-12-18,SKU-018,RET-082,22,190.81
2025-12-19,SKU-018,RET-048,25,190.81
2025-12-20,SKU-018,RET-079,25,190.81
2025-12-21,SKU-018,RET-045,23,190.81
2025-12-22,SKU-018,RET-040,24,190.81
2025-12-23,SKU-018,RET-006,21,190.81
2025-12-24,SKU-018,RET-086,28,190.81
2025-12-25,SKU-018,RET-050,25,190.81
2025-12-26,SKU-018,RET-083,20,190.81
2025-12-27,SKU-018,RET-052,30,190.81
2025-12-28,SKU-018,RET-067,26,190.81
2025-12-29,SKU-018,RET-075,26,190.81
2025-12-30,SKU-018,RET-095,29,190.81
2025-12-31,SKU-018,RET-060,25,190.81
2026-01-01,SKU-018,RET-084,34,190.81
2026-01-02,SKU-018,RET-008,29,190.81
2026-01-03,SKU-018,RET-083,27,190.81
2026-01-04,SKU-018,RET-031,27,190.81
2026-01-05,SKU-018,RET-072,22,190.81
2026-01-06,SKU-018,RET-048,18,190.81
2026-01-07,SKU-018,RET-030,27,190.81
2026-01-08,SKU-018,RET-016,26,190.81
2026-01-09,SKU-018,RET-035,28,190.81
2026-01-10,SKU-018,RET-100,29,190.81
2026-01-11,SKU-018,RET-057,33,190.81
2026-01-12,SKU-018,RET-079,26,190.81
2026-01-13,SKU-018,RET-100,34,190.81
2026-01-14,SKU-018,RET-091,25,190.81
2026-01-15,SKU-018,RET-086,24,190.81
2026-01-16,SKU-018,RET-007,42,190.81
2026-01-17,SKU-018,RET-014,38,190.81
2026-01-18,SKU-018,RET-028,23,190.81
2026-01-19,SKU-018,RET-090,25,190.81
2026-01-20,SKU-018,RET-088,25,190.81
2026-01-21,SKU-018,RET-046,27,190.81
2026-01-22,SKU-018,RET-069,26,190.81
2026-01-23,SKU-018,RET-037,29,190.81
2026-01-24,SKU-018,RET-033,40,190.81
2026-01-25,SKU-018,RET-024,29,190.81
2026-01-26,SKU-018,RET-011,20,190.81
2026-01-27,SKU-018,RET-084,28,190.81
2026-01-28,SKU-018,RET-079,30,190.81
2026-01-29,SKU-018,RET-076,24,190.81
2026-01-30,SKU-018,RET-064,32,190.81
2026-01-31,SKU-018,RET-092,37,190.81
2026-02-01,SKU-018,RET-010,29,190.81
2026-02-02,SKU-018,RET-098,24,190.81
2026-02-03,SKU-018,RET-025,35,190.81
2026-02-04,SKU-018,RET-051,23,190.81
2026-02-05,SKU-018,RET-070,29,190.81
2026-02-06,SKU-018,RET-007,29,190.81
2026-02-07,SKU-018,RET-075,33,190.81
2026-02-08,SKU-018,RET-006,17,190.81
2026-02-09,SKU-018,RET-096,24,190.81
2026-02-10,SKU-018,RET-088,27,190.81
2026-02-11,SKU-018,RET-017,24,190.81
2026-02-12,SKU-018,RET-078,29,190.81
2026-02-13,SKU-018,RET-040,31,190.81
2026-02-14,SKU-018,RET-019,35,190.81
2026-02-15,SKU-018,RET-084,30,190.81
2026-02-16,SKU-018,RET-057,38,190.81
2026-02-17,SKU-018,RET-087,26,190.81
2026-02-18,SKU-018,RET-046,30,190.81
2026-02-19,SKU-018,RET-008,26,190.81
2026-02-20,SKU-018,RET-001,29,190.81
2026-02-21,SKU-018,RET-023,36,190.81
2026-02-22,SKU-018,RET-084,27,190.81
2026-02-23,SKU-018,RET-029,24,190.81
2026-02-24,SKU-018,RET-036,30,190.81
2026-02-25,SKU-018,RET-078,24,190.81
2026-02-26,SKU-018,RET-037,21,190.81
2026-02-27,SKU-018,RET-100,27,190.81
2026-02-28,SKU-018,RET-097,37,190.81
2026-03-01,SKU-018,RET-053,30,190.81
2026-03-02,SKU-018,RET-028,25,190.81
2026-03-03,SKU-018,RET-056,24,190.81
2026-03-04,SKU-018,RET-096,24,190.81
2026-03-05,SKU-018,RET-013,20,190.81
2026-03-06,SKU-018,RET-011,40,190.81
2026-03-07,SKU-018,RET-027,35,190.81
2026-03-08,SKU-018,RET-015,25,190.81
2026-03-09,SKU-018,RET-068,27,190.81
2026-03-10,SKU-018,RET-048,28,190.81
2026-03-11,SKU-018,RET-034,31,190.81
2026-03-12,SKU-018,RET-073,19,190.81
2026-03-13,SKU-018,RET-072,28,190.81
2026-03-14,SKU-018,RET-061,31,190.81
2026-03-15,SKU-018,RET-100,38,190.81
2026-03-16,SKU-018,RET-031,15,190.81
2026-03-17,SKU-018,RET-068,37,190.81
2026-03-18,SKU-018,RET-066,25,190.81
2026-03-19,SKU-018,RET-100,31,190.81
2026-03-20,SKU-018,RET-024,35,190.81
2026-03-21,SKU-018,RET-071,36,190.81
2026-03-22,SKU-018,RET-100,24,190.81
2026-03-23,SKU-018,RET-083,26,190.81
2026-03-24,SKU-018,RET-032,26,190.81
2026-03-25,SKU-018,RET-017,28,190.81
2026-03-26,SKU-018,RET-012,32,190.81
2026-03-27,SKU-018,RET-055,34,190.81
2026-03-28,SKU-018,RET-043,30,190.81
2026-03-29,SKU-018,RET-041,31,190.81
2026-03-30,SKU-018,RET-100,30,190.81
2026-03-31,SKU-018,RET-029,26,190.81
2026-04-01,SKU-018,RET-096,31,190.81
2026-04-02,SKU-018,RET-068,28,190.81
2026-04-03,SKU-018,RET-063,29,190.81
2026-04-04,SKU-018,RET-007,31,190.81
2026-04-05,SKU-018,RET-050,21,190.81
2026-04-06,SKU-018,RET-013,24,190.81
2026-04-07,SKU-018,RET-069,23,190.81
2026-04-08,SKU-018,RET-023,29,190.81
2026-04-09,SKU-018,RET-074,32,190.81
2026-04-10,SKU-018,RET-048,31,190.81
2026-04-11,SKU-018,RET-046,31,190.81
2026-04-12,SKU-018,RET-033,26,190.81
2026-04-13,SKU-018,RET-077,30,190.81
2026-04-14,SKU-018,RET-005,35,190.81
2026-04-15,SKU-018,RET-096,30,190.81
2026-04-16,SKU-018,RET-062,30,190.81
2026-04-17,SKU-018,RET-085,35,190.81
2026-04-18,SKU-018,RET-010,39,190.81
2026-04-19,SKU-018,RET-082,35,190.81
2026-04-20,SKU-018,RET-069,28,190.81
2026-04-21,SKU-018,RET-069,26,190.81
2026-04-22,SKU-018,RET-085,14,190.81
2026-04-23,SKU-018,RET-064,27,190.81
2026-04-24,SKU-018,RET-001,35,190.81
2026-04-25,SKU-018,RET-066,36,190.81
2026-04-26,SKU-018,RET-045,29,190.81
2026-04-27,SKU-018,RET-065,35,190.81
2026-04-28,SKU-018,RET-095,27,190.81
2026-04-29,SKU-018,RET-064,29,190.81
2026-04-30,SKU-018,RET-081,28,190.81
2026-05-01,SKU-018,RET-038,39,190.81
2026-05-02,SKU-018,RET-006,48,190.81
2026-05-03,SKU-018,RET-035,24,190.81
2026-05-04,SKU-018,RET-009,27,190.81
2026-05-05,SKU-018,RET-019,35,190.81
2026-05-06,SKU-018,RET-030,28,190.81
2026-05-07,SKU-018,RET-008,31,190.81
2026-05-08,SKU-018,RET-061,32,190.81
2026-05-09,SKU-018,RET-077,32,190.81
2026-05-10,SKU-018,RET-038,19,190.81
2026-05-11,SKU-018,RET-100,27,190.81
2026-05-12,SKU-018,RET-100,27,190.81
2026-05-13,SKU-018,RET-085,29,190.81
2026-05-14,SKU-018,RET-023,27,190.81
2026-05-15,SKU-018,RET-009,28,190.81
2026-05-16,SKU-018,RET-015,39,190.81
2026-05-17,SKU-018,RET-099,23,190.81
2026-05-18,SKU-018,RET-074,31,190.81
2026-05-19,SKU-018,RET-015,24,190.81
2026-05-20,SKU-018,RET-056,31,190.81
2026-05-21,SKU-018,RET-048,23,190.81
2026-05-22,SKU-018,RET-031,32,190.81
2026-05-23,SKU-018,RET-041,30,190.81
2026-05-24,SKU-018,RET-067,30,190.81
2026-05-25,SKU-018,RET-045,25,190.81
2026-05-26,SKU-018,RET-056,17,190.81
2026-05-27,SKU-018,RET-057,29,190.81
2026-05-28,SKU-018,RET-061,30,190.81
2026-05-29,SKU-018,RET-063,31,190.81
2026-05-30,SKU-018,RET-042,40,190.81
2026-05-31,SKU-018,RET-070,25,190.81
2026-06-01,SKU-018,RET-016,21,190.81
2026-06-02,SKU-018,RET-033,22,190.81
2026-06-03,SKU-018,RET-062,15,190.81
2026-06-04,SKU-018,RET-053,32,190.81
2026-06-05,SKU-018,RET-072,23,190.81
2026-06-06,SKU-018,RET-091,31,190.81
2026-06-07,SKU-018,RET-057,24,190.81
2026-06-08,SKU-018,RET-040,20,190.81
2026-06-09,SKU-018,RET-090,31,190.81
2026-06-10,SKU-018,RET-051,19,190.81
2026-06-11,SKU-018,RET-012,30,190.81
2026-06-12,SKU-018,RET-047,30,190.81
2026-06-13,SKU-018,RET-030,38,190.81
2026-06-14,SKU-018,RET-083,23,190.81
2026-06-15,SKU-018,RET-026,26,190.81
2026-06-16,SKU-018,RET-012,26,190.81
2026-06-17,SKU-018,RET-096,24,190.81
2026-06-18,SKU-018,RET-100,27,190.81
2026-06-19,SKU-018,RET-042,25,190.81
2026-06-20,SKU-018,RET-074,34,190.81
2026-06-21,SKU-018,RET-097,24,190.81
2026-06-22,SKU-018,RET-068,22,190.81
2026-06-23,SKU-018,RET-059,22,190.81
2026-06-24,SKU-018,RET-082,25,190.81
2026-06-25,SKU-018,RET-047,22,190.81
2026-06-26,SKU-018,RET-025,34,190.81
2026-06-27,SKU-018,RET-027,30,190.81
2026-06-28,SKU-018,RET-037,34,190.81
2026-06-29,SKU-018,RET-076,24,190.81
2026-06-30,SKU-018,RET-049,23,190.81
2026-07-01,SKU-018,RET-061,28,190.81
2026-07-02,SKU-018,RET-037,23,190.81
2026-07-03,SKU-018,RET-092,28,190.81
2026-07-04,SKU-018,RET-078,20,190.81
2026-07-05,SKU-018,RET-036,25,190.81
2026-07-06,SKU-018,RET-053,30,190.81
2026-07-07,SKU-018,RET-053,18,190.81
2026-07-08,SKU-018,RET-032,20,190.81
2026-07-09,SKU-018,RET-039,23,190.81
2026-07-10,SKU-018,RET-066,22,190.81
2026-07-11,SKU-018,RET-024,29,190.81
2026-07-12,SKU-018,RET-071,29,190.81
2026-07-13,SKU-018,RET-089,17,190.81
2026-07-14,SKU-018,RET-041,24,190.81
2026-07-15,SKU-018,RET-078,16,190.81
2026-07-16,SKU-018,RET-058,20,190.81
2026-07-17,SKU-018,RET-086,27,190.81
2026-07-18,SKU-018,RET-040,37,190.81
2026-07-19,SKU-018,RET-033,22,190.81
2026-07-20,SKU-018,RET-097,22,190.81
2026-07-21,SKU-018,RET-081,24,190.81
2026-07-22,SKU-018,RET-033,16,190.81
2026-07-23,SKU-018,RET-079,23,190.81
2026-07-24,SKU-018,RET-070,28,190.81
2026-07-25,SKU-018,RET-070,30,190.81
2026-07-26,SKU-018,RET-096,25,190.81
2026-07-27,SKU-018,RET-026,26,190.81
2026-07-28,SKU-018,RET-032,21,190.81
2026-07-29,SKU-018,RET-029,27,190.81
2026-07-30,SKU-018,RET-072,22,190.81
2026-07-31,SKU-018,RET-004,24,190.81
2026-08-01,SKU-018,RET-004,22,190.81
2026-08-02,SKU-018,RET-041,21,190.81
2026-08-03,SKU-018,RET-056,20,190.81
2026-08-04,SKU-018,RET-042,34,190.81
2026-08-05,SKU-018,RET-041,23,190.81
2026-08-06,SKU-018,RET-038,22,190.81
2026-08-07,SKU-018,RET-079,22,190.81
2026-08-08,SKU-018,RET-023,26,190.81
2026-08-09,SKU-018,RET-016,20,190.81
2026-08-10,SKU-018,RET-012,16,190.81
2026-08-11,SKU-018,RET-043,21,190.81
2026-08-12,SKU-018,RET-010,17,190.81
2026-08-13,SKU-018,RET-069,20,190.81
2026-08-14,SKU-018,RET-032,36,190.81
2026-08-15,SKU-018,RET-089,32,190.81
2026-08-16,SKU-018,RET-040,26,190.81
2026-08-17,SKU-018,RET-028,18,190.81
2026-08-18,SKU-018,RET-083,22,190.81
2026-08-19,SKU-018,RET-053,33,190.81
2026-08-20,SKU-018,RET-079,15,190.81
2026-08-21,SKU-018,RET-041,26,190.81
2026-08-22,SKU-018,RET-055,32,190.81
2026-08-23,SKU-018,RET-030,22,190.81
2026-08-24,SKU-018,RET-041,17,190.81
2026-08-25,SKU-018,RET-027,18,190.81
2025-08-26,SKU-019,RET-041,16,154.77
2025-08-27,SKU-019,RET-001,18,154.77
2025-08-28,SKU-019,RET-088,26,154.77
2025-08-29,SKU-019,RET-025,31,154.77
2025-08-30,SKU-019,RET-034,25,154.77
2025-08-31,SKU-019,RET-047,29,154.77
2025-09-01,SKU-019,RET-043,22,154.77
2025-09-02,SKU-019,RET-085,19,154.77
2025-09-03,SKU-019,RET-061,24,154.77
2025-09-04,SKU-019,RET-002,18,154.77
2025-09-05,SKU-019,RET-010,25,154.77
2025-09-06,SKU-019,RET-097,30,154.77
2025-09-07,SKU-019,RET-085,16,154.77
2025-09-08,SKU-019,RET-069,20,154.77
2025-09-09,SKU-019,RET-050,21,154.77
2025-09-10,SKU-019,RET-028,19,154.77
2025-09-11,SKU-019,RET-010,21,154.77
2025-09-12,SKU-019,RET-067,26,154.77
2025-09-13,SKU-019,RET-003,31,154.77
2025-09-14,SKU-019,RET-016,13,154.77
2025-09-15,SKU-019,RET-017,24,154.77
2025-09-16,SKU-019,RET-036,22,154.77
2025-09-17,SKU-019,RET-086,17,154.77
2025-09-18,SKU-019,RET-064,20,154.77
2025-09-19,SKU-019,RET-081,19,154.77
2025-09-20,SKU-019,RET-090,18,154.77
2025-09-21,SKU-019,RET-091,23,154.77
2025-09-22,SKU-019,RET-048,16,154.77
2025-09-23,SKU-019,RET-038,16,154.77
2025-09-24,SKU-019,RET-077,15,154.77
2025-09-25,SKU-019,RET-077,14,154.77
2025-09-26,SKU-019,RET-085,22,154.77
2025-09-27,SKU-019,RET-008,21,154.77
2025-09-28,SKU-019,RET-020,20,154.77
2025-09-29,SKU-019,RET-051,18,154.77
2025-09-30,SKU-019,RET-016,23,154.77
2025-10-01,SKU-019,RET-090,27,154.77
2025-10-02,SKU-019,RET-037,30,154.77
2025-10-03,SKU-019,RET-096,26,154.77
2025-10-04,SKU-019,RET-082,28,154.77
2025-10-05,SKU-019,RET-009,18,154.77
2025-10-06,SKU-019,RET-055,32,154.77
2025-10-07,SKU-019,RET-025,24,154.77
2025-10-08,SKU-019,RET-021,25,154.77
2025-10-09,SKU-019,RET-026,25,154.77
2025-10-10,SKU-019,RET-004,33,154.77
2025-10-11,SKU-019,RET-079,35,154.77
2025-10-12,SKU-019,RET-078,20,154.77
2025-10-13,SKU-019,RET-079,26,154.77
2025-10-14,SKU-019,RET-078,18,154.77
2025-10-15,SKU-019,RET-050,35,154.77
2025-10-16,SKU-019,RET-078,29,154.77
2025-10-17,SKU-019,RET-008,37,154.77
2025-10-18,SKU-019,RET-014,41,154.77
2025-10-19,SKU-019,RET-020,32,154.77
2025-10-20,SKU-019,RET-036,24,154.77
2025-10-21,SKU-019,RET-092,22,154.77
2025-10-22,SKU-019,RET-047,18,154.77
2025-10-23,SKU-019,RET-078,22,154.77
2025-10-24,SKU-019,RET-056,33,154.77
2025-10-25,SKU-019,RET-073,33,154.77
2025-10-26,SKU-019,RET-085,35,154.77
2025-10-27,SKU-019,RET-057,20,154.77
2025-10-28,SKU-019,RET-076,28,154.77
2025-10-29,SKU-019,RET-074,26,154.77
2025-10-30,SKU-019,RET-047,25,154.77
2025-10-31,SKU-019,RET-079,30,154.77
2025-11-01,SKU-019,RET-029,29,154.77
2025-11-02,SKU-019,RET-076,27,154.77
2025-11-03,SKU-019,RET-055,22,154.77
2025-11-04,SKU-019,RET-054,23,154.77
2025-11-05,SKU-019,RET-090,31,154.77
2025-11-06,SKU-019,RET-044,32,154.77
2025-11-07,SKU-019,RET-091,28,154.77
2025-11-08,SKU-019,RET-033,32,154.77
2025-11-09,SKU-019,RET-029,24,154.77
2025-11-10,SKU-019,RET-006,24,154.77
2025-11-11,SKU-019,RET-087,18,154.77
2025-11-12,SKU-019,RET-005,38,154.77
2025-11-13,SKU-019,RET-053,25,154.77
2025-11-14,SKU-019,RET-012,25,154.77
2025-11-15,SKU-019,RET-011,35,154.77
2025-11-16,SKU-019,RET-013,30,154.77
2025-11-17,SKU-019,RET-053,22,154.77
2025-11-18,SKU-019,RET-011,24,154.77
2025-11-19,SKU-019,RET-092,29,154.77
2025-11-20,SKU-019,RET-069,29,154.77
2025-11-21,SKU-019,RET-013,34,154.77
2025-11-22,SKU-019,RET-077,29,154.77
2025-11-23,SKU-019,RET-027,24,154.77
2025-11-24,SKU-019,RET-074,29,154.77
2025-11-25,SKU-019,RET-014,26,154.77
2025-11-26,SKU-019,RET-100,27,154.77
2025-11-27,SKU-019,RET-064,25,154.77
2025-11-28,SKU-019,RET-008,41,154.77
2025-11-29,SKU-019,RET-095,32,154.77
2025-11-30,SKU-019,RET-003,28,154.77
2025-12-01,SKU-019,RET-060,20,154.77
2025-12-02,SKU-019,RET-042,23,154.77
2025-12-03,SKU-019,RET-007,20,154.77
2025-12-04,SKU-019,RET-087,20,154.77
2025-12-05,SKU-019,RET-067,32,154.77
2025-12-06,SKU-019,RET-094,27,154.77
2025-12-07,SKU-019,RET-031,11,154.77
2025-12-08,SKU-019,RET-054,17,154.77
2025-12-09,SKU-019,RET-031,19,154.77
2025-12-10,SKU-019,RET-048,24,154.77
2025-12-11,SKU-019,RET-004,27,154.77
2025-12-12,SKU-019,RET-010,26,154.77
2025-12-13,SKU-019,RET-052,34,154.77
2025-12-14,SKU-019,RET-012,16,154.77
2025-12-15,SKU-019,RET-026,27,154.77
2025-12-16,SKU-019,RET-030,17,154.77
2025-12-17,SKU-019,RET-001,23,154.77
2025-12-18,SKU-019,RET-029,24,154.77
2025-12-19,SKU-019,RET-064,19,154.77
2025-12-20,SKU-019,RET-085,17,154.77
2025-12-21,SKU-019,RET-088,23,154.77
2025-12-22,SKU-019,RET-085,17,154.77
2025-12-23,SKU-019,RET-036,17,154.77
2025-12-24,SKU-019,RET-063,29,154.77
2025-12-25,SKU-019,RET-071,25,154.77
2025-12-26,SKU-019,RET-020,30,154.77
2025-12-27,SKU-019,RET-016,24,154.77
2025-12-28,SKU-019,RET-036,23,154.77
2025-12-29,SKU-019,RET-003,18,154.77
2025-12-30,SKU-019,RET-087,29,154.77
2025-12-31,SKU-019,RET-069,16,154.77
2026-01-01,SKU-019,RET-028,29,154.77
2026-01-02,SKU-019,RET-015,36,154.77
2026-01-03,SKU-019,RET-098,34,154.77
2026-01-04,SKU-019,RET-064,34,154.77
2026-01-05,SKU-019,RET-015,24,154.77
2026-01-06,SKU-019,RET-044,31,154.77
2026-01-07,SKU-019,RET-074,20,154.77
2026-01-08,SKU-019,RET-041,26,154.77
2026-01-09,SKU-019,RET-017,35,154.77
2026-01-10,SKU-019,RET-050,30,154.77
2026-01-11,SKU-019,RET-025,29,154.77
2026-01-12,SKU-019,RET-089,26,154.77
2026-01-13,SKU-019,RET-078,24,154.77
2026-01-14,SKU-019,RET-044,23,154.77
2026-01-15,SKU-019,RET-051,32,154.77
2026-01-16,SKU-019,RET-029,26,154.77
2026-01-17,SKU-019,RET-085,29,154.77
2026-01-18,SKU-019,RET-085,18,154.77
2026-01-19,SKU-019,RET-062,11,154.77
2026-01-20,SKU-019,RET-093,24,154.77
2026-01-21,SKU-019,RET-001,30,154.77
2026-01-22,SKU-019,RET-100,34,154.77
2026-01-23,SKU-019,RET-079,33,154.77
2026-01-24,SKU-019,RET-090,43,154.77
2026-01-25,SKU-019,RET-090,25,154.77
2026-01-26,SKU-019,RET-013,31,154.77
2026-01-27,SKU-019,RET-094,22,154.77
2026-01-28,SKU-019,RET-064,30,154.77
2026-01-29,SKU-019,RET-036,23,154.77
2026-01-30,SKU-019,RET-095,27,154.77
2026-01-31,SKU-019,RET-007,36,154.77
2026-02-01,SKU-019,RET-066,26,154.77
2026-02-02,SKU-019,RET-053,32,154.77
2026-02-03,SKU-019,RET-017,26,154.77
2026-02-04,SKU-019,RET-095,27,154.77
2026-02-05,SKU-019,RET-050,25,154.77
2026-02-06,SKU-019,RET-084,36,154.77
2026-02-07,SKU-019,RET-076,29,154.77
2026-02-08,SKU-019,RET-074,31,154.77
2026-02-09,SKU-019,RET-073,22,154.77
2026-02-10,SKU-019,RET-012,27,154.77
2026-02-11,SKU-019,RET-084,24,154.77
2026-02-12,SKU-019,RET-006,31,154.77
2026-02-13,SKU-019,RET-009,33,154.77
2026-02-14,SKU-019,RET-021,38,154.77
2026-02-15,SKU-019,RET-009,28,154.77
2026-02-16,SKU-019,RET-041,21,154.77
2026-02-17,SKU-019,RET-065,17,154.77
2026-02-18,SKU-019,RET-072,26,154.77
2026-02-19,SKU-019,RET-030,37,154.77
2026-02-20,SKU-019,RET-027,32,154.77
2026-02-21,SKU-019,RET-025,34,154.77
2026-02-22,SKU-019,RET-059,30,154.77
2026-02-23,SKU-019,RET-064,32,154.77
2026-02-24,SKU-019,RET-013,23,154.77
2026-02-25,SKU-019,RET-037,36,154.77
2026-02-26,SKU-019,RET-015,26,154.77
2026-02-27,SKU-019,RET-009,27,154.77
2026-02-28,SKU-019,RET-096,36,154.77
2026-03-01,SKU-019,RET-057,25,154.77
2026-03-02,SKU-019,RET-070,21,154.77
2026-03-03,SKU-019,RET-034,32,154.77
2026-03-04,SKU-019,RET-050,25,154.77
2026-03-05,SKU-019,RET-095,31,154.77
2026-03-06,SKU-019,RET-074,38,154.77
2026-03-07,SKU-019,RET-086,31,154.77
2026-03-08,SKU-019,RET-083,25,154.77
2026-03-09,SKU-019,RET-055,35,154.77
2026-03-10,SKU-019,RET-047,35,154.77
2026-03-11,SKU-019,RET-051,33,154.77
2026-03-12,SKU-019,RET-005,38,154.77
2026-03-13,SKU-019,RET-053,26,154.77
2026-03-14,SKU-019,RET-076,44,154.77
2026-03-15,SKU-019,RET-019,27,154.77
2026-03-16,SKU-019,RET-048,30,154.77
2026-03-17,SKU-019,RET-050,30,154.77
2026-03-18,SKU-019,RET-046,36,154.77
2026-03-19,SKU-019,RET-001,29,154.77
2026-03-20,SKU-019,RET-097,30,154.77
2026-03-21,SKU-019,RET-044,35,154.77
2026-03-22,SKU-019,RET-036,23,154.77
2026-03-23,SKU-019,RET-040,31,154.77
2026-03-24,SKU-019,RET-054,32,154.77
2026-03-25,SKU-019,RET-058,23,154.77
2026-03-26,SKU-019,RET-004,22,154.77
2026-03-27,SKU-019,RET-049,35,154.77
2026-03-28,SKU-019,RET-054,33,154.77
2026-03-29,SKU-019,RET-072,23,154.77
2026-03-30,SKU-019,RET-099,29,154.77
2026-03-31,SKU-019,RET-081,33,154.77
2026-04-01,SKU-019,RET-033,39,154.77
2026-04-02,SKU-019,RET-016,21,154.77
2026-04-03,SKU-019,RET-059,36,154.77
2026-04-04,SKU-019,RET-058,38,154.77
2026-04-05,SKU-019,RET-095,24,154.77
2026-04-06,SKU-019,RET-099,29,154.77
2026-04-07,SKU-019,RET-063,24,154.77
2026-04-08,SKU-019,RET-006,22,154.77
2026-04-09,SKU-019,RET-014,25,154.77
2026-04-10,SKU-019,RET-046,40,154.77
2026-04-11,SKU-019,RET-017,24,154.77
2026-04-12,SKU-019,RET-076,23,154.77
2026-04-13,SKU-019,RET-040,19,154.77
2026-04-14,SKU-019,RET-078,28,154.77
2026-04-15,SKU-019,RET-006,21,154.77
2026-04-16,SKU-019,RET-062,26,154.77
2026-04-17,SKU-019,RET-048,35,154.77
2026-04-18,SKU-019,RET-008,34,154.77
2026-04-19,SKU-019,RET-033,30,154.77
2026-04-20,SKU-019,RET-091,39,154.77
2026-04-21,SKU-019,RET-089,27,154.77
2026-04-22,SKU-019,RET-097,30,154.77
2026-04-23,SKU-019,RET-022,28,154.77
2026-04-24,SKU-019,RET-043,29,154.77
2026-04-25,SKU-019,RET-047,36,154.77
2026-04-26,SKU-019,RET-018,26,154.77
2026-04-27,SKU-019,RET-079,28,154.77
2026-04-28,SKU-019,RET-014,25,154.77
2026-04-29,SKU-019,RET-043,26,154.77
2026-04-30,SKU-019,RET-047,29,154.77
2026-05-01,SKU-019,RET-046,45,154.77
2026-05-02,SKU-019,RET-044,31,154.77
2026-05-03,SKU-019,RET-003,34,154.77
2026-05-04,SKU-019,RET-031,25,154.77
2026-05-05,SKU-019,RET-075,37,154.77
2026-05-06,SKU-019,RET-010,25,154.77
2026-05-07,SKU-019,RET-025,37,154.77
2026-05-08,SKU-019,RET-065,37,154.77
2026-05-09,SKU-019,RET-034,30,154.77
2026-05-10,SKU-019,RET-011,22,154.77
2026-05-11,SKU-019,RET-048,21,154.77
2026-05-12,SKU-019,RET-081,26,154.77
2026-05-13,SKU-019,RET-069,31,154.77
2026-05-14,SKU-019,RET-067,27,154.77
2026-05-15,SKU-019,RET-061,37,154.77
2026-05-16,SKU-019,RET-020,39,154.77
2026-05-17,SKU-019,RET-042,26,154.77
2026-05-18,SKU-019,RET-022,19,154.77
2026-05-19,SKU-019,RET-081,32,154.77
2026-05-20,SKU-019,RET-055,32,154.77
2026-05-21,SKU-019,RET-029,18,154.77
2026-05-22,SKU-019,RET-005,35,154.77
2026-05-23,SKU-019,RET-082,33,154.77
2026-05-24,SKU-019,RET-011,26,154.77
2026-05-25,SKU-019,RET-005,24,154.77
2026-05-26,SKU-019,RET-062,22,154.77
2026-05-27,SKU-019,RET-094,32,154.77
2026-05-28,SKU-019,RET-005,27,154.77
2026-05-29,SKU-019,RET-087,23,154.77
2026-05-30,SKU-019,RET-027,26,154.77
2026-05-31,SKU-019,RET-030,28,154.77
2026-06-01,SKU-019,RET-022,34,154.77
2026-06-02,SKU-019,RET-043,20,154.77
2026-06-03,SKU-019,RET-011,19,154.77
2026-06-04,SKU-019,RET-032,26,154.77
2026-06-05,SKU-019,RET-028,42,154.77
2026-06-06,SKU-019,RET-092,27,154.77
2026-06-07,SKU-019,RET-079,29,154.77
2026-06-08,SKU-019,RET-085,22,154.77
2026-06-09,SKU-019,RET-027,23,154.77
2026-06-10,SKU-019,RET-001,21,154.77
2026-06-11,SKU-019,RET-034,28,154.77
2026-06-12,SKU-019,RET-059,23,154.77
2026-06-13,SKU-019,RET-026,27,154.77
2026-06-14,SKU-019,RET-065,23,154.77
2026-06-15,SKU-019,RET-038,9,154.77
2026-06-16,SKU-019,RET-008,30,154.77
2026-06-17,SKU-019,RET-028,19,154.77
2026-06-18,SKU-019,RET-096,26,154.77
2026-06-19,SKU-019,RET-021,25,154.77
2026-06-20,SKU-019,RET-006,26,154.77
2026-06-21,SKU-019,RET-039,20,154.77
2026-06-22,SKU-019,RET-068,20,154.77
2026-06-23,SKU-019,RET-007,16,154.77
2026-06-24,SKU-019,RET-091,26,154.77
2026-06-25,SKU-019,RET-079,19,154.77
2026-06-26,SKU-019,RET-013,35,154.77
2026-06-27,SKU-019,RET-006,33,154.77
2026-06-28,SKU-019,RET-078,20,154.77
2026-06-29,SKU-019,RET-078,19,154.77
2026-06-30,SKU-019,RET-014,26,154.77
2026-07-01,SKU-019,RET-057,22,154.77
2026-07-02,SKU-019,RET-035,21,154.77
2026-07-03,SKU-019,RET-016,16,154.77
2026-07-04,SKU-019,RET-029,25,154.77
2026-07-05,SKU-019,RET-036,27,154.77
2026-07-06,SKU-019,RET-093,27,154.77
2026-07-07,SKU-019,RET-029,30,154.77
2026-07-08,SKU-019,RET-058,21,154.77
2026-07-09,SKU-019,RET-062,17,154.77
2026-07-10,SKU-019,RET-012,28,154.77
2026-07-11,SKU-019,RET-060,22,154.77
2026-07-12,SKU-019,RET-082,19,154.77
2026-07-13,SKU-019,RET-048,21,154.77
2026-07-14,SKU-019,RET-070,24,154.77
2026-07-15,SKU-019,RET-076,25,154.77
2026-07-16,SKU-019,RET-066,29,154.77
2026-07-17,SKU-019,RET-013,24,154.77
2026-07-18,SKU-019,RET-011,32,154.77
2026-07-19,SKU-019,RET-074,26,154.77
2026-07-20,SKU-019,RET-050,21,154.77
2026-07-21,SKU-019,RET-030,18,154.77
2026-07-22,SKU-019,RET-018,20,154.77
2026-07-23,SKU-019,RET-079,23,154.77
2026-07-24,SKU-019,RET-037,26,154.77
2026-07-25,SKU-019,RET-058,15,154.77
2026-07-26,SKU-019,RET-088,15,154.77
2026-07-27,SKU-019,RET-025,17,154.77
2026-07-28,SKU-019,RET-030,22,154.77
2026-07-29,SKU-019,RET-044,28,154.77
2026-07-30,SKU-019,RET-034,27,154.77
2026-07-31,SKU-019,RET-062,19,154.77
2026-08-01,SKU-019,RET-080,24,154.77
2026-08-02,SKU-019,RET-049,24,154.77
2026-08-03,SKU-019,RET-094,24,154.77
2026-08-04,SKU-019,RET-081,21,154.77
2026-08-05,SKU-019,RET-084,24,154.77
2026-08-06,SKU-019,RET-076,23,154.77
2026-08-07,SKU-019,RET-028,30,154.77
2026-08-08,SKU-019,RET-011,29,154.77
2026-08-09,SKU-019,RET-068,19,154.77
2026-08-10,SKU-019,RET-035,22,154.77
2026-08-11,SKU-019,RET-042,19,154.77
2026-08-12,SKU-019,RET-062,17,154.77
2026-08-13,SKU-019,RET-012,28,154.77
2026-08-14,SKU-019,RET-018,31,154.77
2026-08-15,SKU-019,RET-086,32,154.77
2026-08-16,SKU-019,RET-059,15,154.77
2026-08-17,SKU-019,RET-034,18,154.77
2026-08-18,SKU-019,RET-064,18,154.77
2026-08-19,SKU-019,RET-062,21,154.77
2026-08-20,SKU-019,RET-051,17,154.77
2026-08-21,SKU-019,RET-069,22,154.77
2026-08-22,SKU-019,RET-038,16,154.77
2026-08-23,SKU-019,RET-089,14,154.77
2026-08-24,SKU-019,RET-084,20,154.77
2026-08-25,SKU-019,RET-028,22,154.77
2025-08-26,SKU-020,RET-060,29,53.89
2025-08-27,SKU-020,RET-040,25,53.89
2025-08-28,SKU-020,RET-054,32,53.89
2025-08-29,SKU-020,RET-083,32,53.89
2025-08-30,SKU-020,RET-002,37,53.89
2025-08-31,SKU-020,RET-074,23,53.89
2025-09-01,SKU-020,RET-074,35,53.89
2025-09-02,SKU-020,RET-028,28,53.89
2025-09-03,SKU-020,RET-014,32,53.89
2025-09-04,SKU-020,RET-041,32,53.89
2025-09-05,SKU-020,RET-001,35,53.89
2025-09-06,SKU-020,RET-082,30,53.89
2025-09-07,SKU-020,RET-029,36,53.89
2025-09-08,SKU-020,RET-004,21,53.89
2025-09-09,SKU-020,RET-006,28,53.89
2025-09-10,SKU-020,RET-053,31,53.89
2025-09-11,SKU-020,RET-030,28,53.89
2025-09-12,SKU-020,RET-090,39,53.89
2025-09-13,SKU-020,RET-087,31,53.89
2025-09-14,SKU-020,RET-014,31,53.89
2025-09-15,SKU-020,RET-100,28,53.89
2025-09-16,SKU-020,RET-030,35,53.89
2025-09-17,SKU-020,RET-024,32,53.89
2025-09-18,SKU-020,RET-036,22,53.89
2025-09-19,SKU-020,RET-031,26,53.89
2025-09-20,SKU-020,RET-002,38,53.89
2025-09-21,SKU-020,RET-010,36,53.89
2025-09-22,SKU-020,RET-080,34,53.89
2025-09-23,SKU-020,RET-069,22,53.89
2025-09-24,SKU-020,RET-010,25,53.89
2025-09-25,SKU-020,RET-099,22,53.89
2025-09-26,SKU-020,RET-050,37,53.89
2025-09-27,SKU-020,RET-098,33,53.89
2025-09-28,SKU-020,RET-090,27,53.89
2025-09-29,SKU-020,RET-079,35,53.89
2025-09-30,SKU-020,RET-023,21,53.89
2025-10-01,SKU-020,RET-003,42,53.89
2025-10-02,SKU-020,RET-070,42,53.89
2025-10-03,SKU-020,RET-072,49,53.89
2025-10-04,SKU-020,RET-034,46,53.89
2025-10-05,SKU-020,RET-029,27,53.89
2025-10-06,SKU-020,RET-039,42,53.89
2025-10-07,SKU-020,RET-082,44,53.89
2025-10-08,SKU-020,RET-077,36,53.89
2025-10-09,SKU-020,RET-069,36,53.89
2025-10-10,SKU-020,RET-049,40,53.89
2025-10-11,SKU-020,RET-100,45,53.89
2025-10-12,SKU-020,RET-039,40,53.89
2025-10-13,SKU-020,RET-071,43,53.89
2025-10-14,SKU-020,RET-073,39,53.89
2025-10-15,SKU-020,RET-012,32,53.89
2025-10-16,SKU-020,RET-076,42,53.89
2025-10-17,SKU-020,RET-002,53,53.89
2025-10-18,SKU-020,RET-070,41,53.89
2025-10-19,SKU-020,RET-038,43,53.89
2025-10-20,SKU-020,RET-028,34,53.89
2025-10-21,SKU-020,RET-086,34,53.89
2025-10-22,SKU-020,RET-088,39,53.89
2025-10-23,SKU-020,RET-070,40,53.89
2025-10-24,SKU-020,RET-077,44,53.89
2025-10-25,SKU-020,RET-019,52,53.89
2025-10-26,SKU-020,RET-043,30,53.89
2025-10-27,SKU-020,RET-088,25,53.89
2025-10-28,SKU-020,RET-024,53,53.89
2025-10-29,SKU-020,RET-067,38,53.89
2025-10-30,SKU-020,RET-014,35,53.89
2025-10-31,SKU-020,RET-047,49,53.89
2025-11-01,SKU-020,RET-083,54,53.89
2025-11-02,SKU-020,RET-024,36,53.89
2025-11-03,SKU-020,RET-009,38,53.89
2025-11-04,SKU-020,RET-067,41,53.89
2025-11-05,SKU-020,RET-020,39,53.89
2025-11-06,SKU-020,RET-079,44,53.89
2025-11-07,SKU-020,RET-042,50,53.89
2025-11-08,SKU-020,RET-068,48,53.89
2025-11-09,SKU-020,RET-092,39,53.89
2025-11-10,SKU-020,RET-078,41,53.89
2025-11-11,SKU-020,RET-044,47,53.89
2025-11-12,SKU-020,RET-063,43,53.89
2025-11-13,SKU-020,RET-045,40,53.89
2025-11-14,SKU-020,RET-093,39,53.89
2025-11-15,SKU-020,RET-026,47,53.89
2025-11-16,SKU-020,RET-084,33,53.89
2025-11-17,SKU-020,RET-082,35,53.89
2025-11-18,SKU-020,RET-064,40,53.89
2025-11-19,SKU-020,RET-034,39,53.89
2025-11-20,SKU-020,RET-078,38,53.89
2025-11-21,SKU-020,RET-096,54,53.89
2025-11-22,SKU-020,RET-086,43,53.89
2025-11-23,SKU-020,RET-081,36,53.89
2025-11-24,SKU-020,RET-076,41,53.89
2025-11-25,SKU-020,RET-076,28,53.89
2025-11-26,SKU-020,RET-068,40,53.89
2025-11-27,SKU-020,RET-072,41,53.89
2025-11-28,SKU-020,RET-041,48,53.89
2025-11-29,SKU-020,RET-088,50,53.89
2025-11-30,SKU-020,RET-040,38,53.89
2025-12-01,SKU-020,RET-034,30,53.89
2025-12-02,SKU-020,RET-061,36,53.89
2025-12-03,SKU-020,RET-031,29,53.89
2025-12-04,SKU-020,RET-080,33,53.89
2025-12-05,SKU-020,RET-068,38,53.89
2025-12-06,SKU-020,RET-056,32,53.89
2025-12-07,SKU-020,RET-088,32,53.89
2025-12-08,SKU-020,RET-002,26,53.89
2025-12-09,SKU-020,RET-071,36,53.89
2025-12-10,SKU-020,RET-097,33,53.89
2025-12-11,SKU-020,RET-006,29,53.89
2025-12-12,SKU-020,RET-071,34,53.89
2025-12-13,SKU-020,RET-075,51,53.89
2025-12-14,SKU-020,RET-050,29,53.89
2025-12-15,SKU-020,RET-027,23,53.89
2025-12-16,SKU-020,RET-078,36,53.89
2025-12-17,SKU-020,RET-066,33,53.89
2025-12-18,SKU-020,RET-062,33,53.89
2025-12-19,SKU-020,RET-071,34,53.89
2025-12-20,SKU-020,RET-051,57,53.89
2025-12-21,SKU-020,RET-024,45,53.89
2025-12-22,SKU-020,RET-038,38,53.89
2025-12-23,SKU-020,RET-086,28,53.89
2025-12-24,SKU-020,RET-039,30,53.89
2025-12-25,SKU-020,RET-001,30,53.89
2025-12-26,SKU-020,RET-031,42,53.89
2025-12-27,SKU-020,RET-077,54,53.89
2025-12-28,SKU-020,RET-005,34,53.89
2025-12-29,SKU-020,RET-038,29,53.89
2025-12-30,SKU-020,RET-090,38,53.89
2025-12-31,SKU-020,RET-045,30,53.89
2026-01-01,SKU-020,RET-068,32,53.89
2026-01-02,SKU-020,RET-053,41,53.89
2026-01-03,SKU-020,RET-010,53,53.89
2026-01-04,SKU-020,RET-050,33,53.89
2026-01-05,SKU-020,RET-089,35,53.89
2026-01-06,SKU-020,RET-030,26,53.89
2026-01-07,SKU-020,RET-017,33,53.89
2026-01-08,SKU-020,RET-062,29,53.89
2026-01-09,SKU-020,RET-024,37,53.89
2026-01-10,SKU-020,RET-098,47,53.89
2026-01-11,SKU-020,RET-068,34,53.89
2026-01-12,SKU-020,RET-061,36,53.89
2026-01-13,SKU-020,RET-070,27,53.89
2026-01-14,SKU-020,RET-024,41,53.89
2026-01-15,SKU-020,RET-080,35,53.89
2026-01-16,SKU-020,RET-069,42,53.89
2026-01-17,SKU-020,RET-050,38,53.89
2026-01-18,SKU-020,RET-094,45,53.89
2026-01-19,SKU-020,RET-067,37,53.89
2026-01-20,SKU-020,RET-068,39,53.89
2026-01-21,SKU-020,RET-019,48,53.89
2026-01-22,SKU-020,RET-019,37,53.89
2026-01-23,SKU-020,RET-019,45,53.89
2026-01-24,SKU-020,RET-067,45,53.89
2026-01-25,SKU-020,RET-064,35,53.89
2026-01-26,SKU-020,RET-056,27,53.89
2026-01-27,SKU-020,RET-088,42,53.89
2026-01-28,SKU-020,RET-050,54,53.89
2026-01-29,SKU-020,RET-006,47,53.89
2026-01-30,SKU-020,RET-001,47,53.89
2026-01-31,SKU-020,RET-055,56,53.89
2026-02-01,SKU-020,RET-069,41,53.89
2026-02-02,SKU-020,RET-045,43,53.89
2026-02-03,SKU-020,RET-084,39,53.89
2026-02-04,SKU-020,RET-095,38,53.89
2026-02-05,SKU-020,RET-034,37,53.89
2026-02-06,SKU-020,RET-018,53,53.89
2026-02-07,SKU-020,RET-095,46,53.89
2026-02-08,SKU-020,RET-034,41,53.89
2026-02-09,SKU-020,RET-077,53,53.89
2026-02-10,SKU-020,RET-047,36,53.89
2026-02-11,SKU-020,RET-012,38,53.89
2026-02-12,SKU-020,RET-007,53,53.89
2026-02-13,SKU-020,RET-024,36,53.89
2026-02-14,SKU-020,RET-073,41,53.89
2026-02-15,SKU-020,RET-082,36,53.89
2026-02-16,SKU-020,RET-062,30,53.89
2026-02-17,SKU-020,RET-064,39,53.89
2026-02-18,SKU-020,RET-022,36,53.89
2026-02-19,SKU-020,RET-012,40,53.89
2026-02-20,SKU-020,RET-049,42,53.89
2026-02-21,SKU-020,RET-081,48,53.89
2026-02-22,SKU-020,RET-063,41,53.89
2026-02-23,SKU-020,RET-030,38,53.89
2026-02-24,SKU-020,RET-029,37,53.89
2026-02-25,SKU-020,RET-092,45,53.89
2026-02-26,SKU-020,RET-094,50,53.89
2026-02-27,SKU-020,RET-010,43,53.89
2026-02-28,SKU-020,RET-025,52,53.89
2026-03-01,SKU-020,RET-037,30,53.89
2026-03-02,SKU-020,RET-074,38,53.89
2026-03-03,SKU-020,RET-006,46,53.89
2026-03-04,SKU-020,RET-073,41,53.89
2026-03-05,SKU-020,RET-034,37,53.89
2026-03-06,SKU-020,RET-086,53,53.89
2026-03-07,SKU-020,RET-001,51,53.89
2026-03-08,SKU-020,RET-033,39,53.89
2026-03-09,SKU-020,RET-058,42,53.89
2026-03-10,SKU-020,RET-047,47,53.89
2026-03-11,SKU-020,RET-085,50,53.89
2026-03-12,SKU-020,RET-004,43,53.89
2026-03-13,SKU-020,RET-020,47,53.89
2026-03-14,SKU-020,RET-038,50,53.89
2026-03-15,SKU-020,RET-041,33,53.89
2026-03-16,SKU-020,RET-031,42,53.89
2026-03-17,SKU-020,RET-050,44,53.89
2026-03-18,SKU-020,RET-052,52,53.89
2026-03-19,SKU-020,RET-022,39,53.89
2026-03-20,SKU-020,RET-094,54,53.89
2026-03-21,SKU-020,RET-063,61,53.89
2026-03-22,SKU-020,RET-073,28,53.89
2026-03-23,SKU-020,RET-040,38,53.89
2026-03-24,SKU-020,RET-068,36,53.89
2026-03-25,SKU-020,RET-001,47,53.89
2026-03-26,SKU-020,RET-095,40,53.89
2026-03-27,SKU-020,RET-088,40,53.89
2026-03-28,SKU-020,RET-025,65,53.89
2026-03-29,SKU-020,RET-037,35,53.89
2026-03-30,SKU-020,RET-089,48,53.89
2026-03-31,SKU-020,RET-017,41,53.89
2026-04-01,SKU-020,RET-015,43,53.89
2026-04-02,SKU-020,RET-028,47,53.89
2026-04-03,SKU-020,RET-080,55,53.89
2026-04-04,SKU-020,RET-046,46,53.89
2026-04-05,SKU-020,RET-036,46,53.89
2026-04-06,SKU-020,RET-029,33,53.89
2026-04-07,SKU-020,RET-063,42,53.89
2026-04-08,SKU-020,RET-097,44,53.89
2026-04-09,SKU-020,RET-044,40,53.89
2026-04-10,SKU-020,RET-050,45,53.89
2026-04-11,SKU-020,RET-047,43,53.89
2026-04-12,SKU-020,RET-081,39,53.89
2026-04-13,SKU-020,RET-028,49,53.89
2026-04-14,SKU-020,RET-059,40,53.89
2026-04-15,SKU-020,RET-043,39,53.89
2026-04-16,SKU-020,RET-086,46,53.89
2026-04-17,SKU-020,RET-009,52,53.89
2026-04-18,SKU-020,RET-027,47,53.89
2026-04-19,SKU-020,RET-085,41,53.89
2026-04-20,SKU-020,RET-058,38,53.89
2026-04-21,SKU-020,RET-085,30,53.89
2026-04-22,SKU-020,RET-038,52,53.89
2026-04-23,SKU-020,RET-055,46,53.89
2026-04-24,SKU-020,RET-074,48,53.89
2026-04-25,SKU-020,RET-091,47,53.89
2026-04-26,SKU-020,RET-086,48,53.89
2026-04-27,SKU-020,RET-100,43,53.89
2026-04-28,SKU-020,RET-016,43,53.89
2026-04-29,SKU-020,RET-057,46,53.89
2026-04-30,SKU-020,RET-052,29,53.89
2026-05-01,SKU-020,RET-004,46,53.89
2026-05-02,SKU-020,RET-070,46,53.89
2026-05-03,SKU-020,RET-095,32,53.89
2026-05-04,SKU-020,RET-017,56,53.89
2026-05-05,SKU-020,RET-001,30,53.89
2026-05-06,SKU-020,RET-072,35,53.89
2026-05-07,SKU-020,RET-084,38,53.89
2026-05-08,SKU-020,RET-029,56,53.89
2026-05-09,SKU-020,RET-058,53,53.89
2026-05-10,SKU-020,RET-053,37,53.89
2026-05-11,SKU-020,RET-075,31,53.89
2026-05-12,SKU-020,RET-013,44,53.89
2026-05-13,SKU-020,RET-070,39,53.89
2026-05-14,SKU-020,RET-083,31,53.89
2026-05-15,SKU-020,RET-071,54,53.89
2026-05-16,SKU-020,RET-044,46,53.89
2026-05-17,SKU-020,RET-053,35,53.89
2026-05-18,SKU-020,RET-027,37,53.89
2026-05-19,SKU-020,RET-071,42,53.89
2026-05-20,SKU-020,RET-028,36,53.89
2026-05-21,SKU-020,RET-034,36,53.89
2026-05-22,SKU-020,RET-077,48,53.89
2026-05-23,SKU-020,RET-038,59,53.89
2026-05-24,SKU-020,RET-035,50,53.89
2026-05-25,SKU-020,RET-015,41,53.89
2026-05-26,SKU-020,RET-034,46,53.89
2026-05-27,SKU-020,RET-067,34,53.89
2026-05-28,SKU-020,RET-079,37,53.89
2026-05-29,SKU-020,RET-087,42,53.89
2026-05-30,SKU-020,RET-033,34,53.89
2026-05-31,SKU-020,RET-096,33,53.89
2026-06-01,SKU-020,RET-024,37,53.89
2026-06-02,SKU-020,RET-089,30,53.89
2026-06-03,SKU-020,RET-085,39,53.89
2026-06-04,SKU-020,RET-003,44,53.89
2026-06-05,SKU-020,RET-062,47,53.89
2026-06-06,SKU-020,RET-023,45,53.89
2026-06-07,SKU-020,RET-031,34,53.89
2026-06-08,SKU-020,RET-043,52,53.89
2026-06-09,SKU-020,RET-078,21,53.89
2026-06-10,SKU-020,RET-090,33,53.89
2026-06-11,SKU-020,RET-092,30,53.89
2026-06-12,SKU-020,RET-032,43,53.89
2026-06-13,SKU-020,RET-004,52,53.89
2026-06-14,SKU-020,RET-020,46,53.89
2026-06-15,SKU-020,RET-095,35,53.89
2026-06-16,SKU-020,RET-079,41,53.89
2026-06-17,SKU-020,RET-093,34,53.89
2026-06-18,SKU-020,RET-022,28,53.89
2026-06-19,SKU-020,RET-037,42,53.89
2026-06-20,SKU-020,RET-058,48,53.89
2026-06-21,SKU-020,RET-035,30,53.89
2026-06-22,SKU-020,RET-091,36,53.89
2026-06-23,SKU-020,RET-045,49,53.89
2026-06-24,SKU-020,RET-003,41,53.89
2026-06-25,SKU-020,RET-020,43,53.89
2026-06-26,SKU-020,RET-011,51,53.89
2026-06-27,SKU-020,RET-056,42,53.89
2026-06-28,SKU-020,RET-019,40,53.89
2026-06-29,SKU-020,RET-018,21,53.89
2026-06-30,SKU-020,RET-081,30,53.89
2026-07-01,SKU-020,RET-036,38,53.89
2026-07-02,SKU-020,RET-034,32,53.89
2026-07-03,SKU-020,RET-076,40,53.89
2026-07-04,SKU-020,RET-059,42,53.89
2026-07-05,SKU-020,RET-038,49,53.89
2026-07-06,SKU-020,RET-087,26,53.89
2026-07-07,SKU-020,RET-078,35,53.89
2026-07-08,SKU-020,RET-011,26,53.89
2026-07-09,SKU-020,RET-021,35,53.89
2026-07-10,SKU-020,RET-038,41,53.89
2026-07-11,SKU-020,RET-058,33,53.89
2026-07-12,SKU-020,RET-005,34,53.89
2026-07-13,SKU-020,RET-004,35,53.89
2026-07-14,SKU-020,RET-083,25,53.89
2026-07-15,SKU-020,RET-088,36,53.89
2026-07-16,SKU-020,RET-076,29,53.89
2026-07-17,SKU-020,RET-083,48,53.89
2026-07-18,SKU-020,RET-068,45,53.89
2026-07-19,SKU-020,RET-090,22,53.89
2026-07-20,SKU-020,RET-006,36,53.89
2026-07-21,SKU-020,RET-019,34,53.89
2026-07-22,SKU-020,RET-084,31,53.89
2026-07-23,SKU-020,RET-096,48,53.89
2026-07-24,SKU-020,RET-004,50,53.89
2026-07-25,SKU-020,RET-011,39,53.89
2026-07-26,SKU-020,RET-030,31,53.89
2026-07-27,SKU-020,RET-054,40,53.89
2026-07-28,SKU-020,RET-047,29,53.89
2026-07-29,SKU-020,RET-065,38,53.89
2026-07-30,SKU-020,RET-095,29,53.89
2026-07-31,SKU-020,RET-084,37,53.89
2026-08-01,SKU-020,RET-046,44,53.89
2026-08-02,SKU-020,RET-028,32,53.89
2026-08-03,SKU-020,RET-063,34,53.89
2026-08-04,SKU-020,RET-040,29,53.89
2026-08-05,SKU-020,RET-078,29,53.89
2026-08-06,SKU-020,RET-073,29,53.89
2026-08-07,SKU-020,RET-005,38,53.89
2026-08-08,SKU-020,RET-040,43,53.89
2026-08-09,SKU-020,RET-017,26,53.89
2026-08-10,SKU-020,RET-011,26,53.89
2026-08-11,SKU-020,RET-092,31,53.89
2026-08-12,SKU-020,RET-014,22,53.89
2026-08-13,SKU-020,RET-096,31,53.89
2026-08-14,SKU-020,RET-033,33,53.89
2026-08-15,SKU-020,RET-090,35,53.89
2026-08-16,SKU-020,RET-043,32,53.89
2026-08-17,SKU-020,RET-079,34,53.89
2026-08-18,SKU-020,RET-005,35,53.89
2026-08-19,SKU-020,RET-096,27,53.89
2026-08-20,SKU-020,RET-072,26,53.89
2026-08-21,SKU-020,RET-092,34,53.89
2026-08-22,SKU-020,RET-047,45,53.89
2026-08-23,SKU-020,RET-066,31,53.89
2026-08-24,SKU-020,RET-026,23,53.89
2026-08-25,SKU-020,RET-053,22,53.89
2025-08-26,SKU-021,RET-030,29,172.12
2025-08-27,SKU-021,RET-096,24,172.12
2025-08-28,SKU-021,RET-058,22,172.12
2025-08-29,SKU-021,RET-048,32,172.12
2025-08-30,SKU-021,RET-099,27,172.12
2025-08-31,SKU-021,RET-004,25,172.12
2025-09-01,SKU-021,RET-044,32,172.12
2025-09-02,SKU-021,RET-080,30,172.12
2025-09-03,SKU-021,RET-039,40,172.12
2025-09-04,SKU-021,RET-048,33,172.12
2025-09-05,SKU-021,RET-049,39,172.12
2025-09-06,SKU-021,RET-066,25,172.12
2025-09-07,SKU-021,RET-001,27,172.12
2025-09-08,SKU-021,RET-027,28,172.12
2025-09-09,SKU-021,RET-060,30,172.12
2025-09-10,SKU-021,RET-031,28,172.12
2025-09-11,SKU-021,RET-039,31,172.12
2025-09-12,SKU-021,RET-063,38,172.12
2025-09-13,SKU-021,RET-045,41,172.12
2025-09-14,SKU-021,RET-025,25,172.12
2025-09-15,SKU-021,RET-081,35,172.12
2025-09-16,SKU-021,RET-030,22,172.12
2025-09-17,SKU-021,RET-061,26,172.12
2025-09-18,SKU-021,RET-075,36,172.12
2025-09-19,SKU-021,RET-043,38,172.12
2025-09-20,SKU-021,RET-097,23,172.12
2025-09-21,SKU-021,RET-030,34,172.12
2025-09-22,SKU-021,RET-049,28,172.12
2025-09-23,SKU-021,RET-018,33,172.12
2025-09-24,SKU-021,RET-013,28,172.12
2025-09-25,SKU-021,RET-031,28,172.12
2025-09-26,SKU-021,RET-047,30,172.12
2025-09-27,SKU-021,RET-047,29,172.12
2025-09-28,SKU-021,RET-057,24,172.12
2025-09-29,SKU-021,RET-063,31,172.12
2025-09-30,SKU-021,RET-080,29,172.12
2025-10-01,SKU-021,RET-021,38,172.12
2025-10-02,SKU-021,RET-007,44,172.12
2025-10-03,SKU-021,RET-095,48,172.12
2025-10-04,SKU-021,RET-022,41,172.12
2025-10-05,SKU-021,RET-014,36,172.12
2025-10-06,SKU-021,RET-043,40,172.12
2025-10-07,SKU-021,RET-093,32,172.12
2025-10-08,SKU-021,RET-075,42,172.12
2025-10-09,SKU-021,RET-088,39,172.12
2025-10-10,SKU-021,RET-050,39,172.12
2025-10-11,SKU-021,RET-028,46,172.12
2025-10-12,SKU-021,RET-081,46,172.12
2025-10-13,SKU-021,RET-009,34,172.12
2025-10-14,SKU-021,RET-065,35,172.12
2025-10-15,SKU-021,RET-100,31,172.12
2025-10-16,SKU-021,RET-047,42,172.12
2025-10-17,SKU-021,RET-071,47,172.12
2025-10-18,SKU-021,RET-016,64,172.12
2025-10-19,SKU-021,RET-050,36,172.12
2025-10-20,SKU-021,RET-071,33,172.12
2025-10-21,SKU-021,RET-059,45,172.12
2025-10-22,SKU-021,RET-003,40,172.12
2025-10-23,SKU-021,RET-072,36,172.12
2025-10-24,SKU-021,RET-078,51,172.12
2025-10-25,SKU-021,RET-044,49,172.12
2025-10-26,SKU-021,RET-063,40,172.12
2025-10-27,SKU-021,RET-023,28,172.12
2025-10-28,SKU-021,RET-071,41,172.12
2025-10-29,SKU-021,RET-017,32,172.12
2025-10-30,SKU-021,RET-070,49,172.12
2025-10-31,SKU-021,RET-055,44,172.12
2025-11-01,SKU-021,RET-097,43,172.12
2025-11-02,SKU-021,RET-059,36,172.12
2025-11-03,SKU-021,RET-096,39,172.12
2025-11-04,SKU-021,RET-071,40,172.12
2025-11-05,SKU-021,RET-053,43,172.12
2025-11-06,SKU-021,RET-037,35,172.12
2025-11-07,SKU-021,RET-012,48,172.12
2025-11-08,SKU-021,RET-013,53,172.12
2025-11-09,SKU-021,RET-039,42,172.12
2025-11-10,SKU-021,RET-036,34,172.12
2025-11-11,SKU-021,RET-083,32,172.12
2025-11-12,SKU-021,RET-029,38,172.12
2025-11-13,SKU-021,RET-023,55,172.12
2025-11-14,SKU-021,RET-053,64,172.12
2025-11-15,SKU-021,RET-100,49,172.12
2025-11-16,SKU-021,RET-027,27,172.12
2025-11-17,SKU-021,RET-007,33,172.12
2025-11-18,SKU-021,RET-047,37,172.12
2025-11-19,SKU-021,RET-033,53,172.12
2025-11-20,SKU-021,RET-007,47,172.12
2025-11-21,SKU-021,RET-026,40,172.12
2025-11-22,SKU-021,RET-067,45,172.12
2025-11-23,SKU-021,RET-096,36,172.12
2025-11-24,SKU-021,RET-098,39,172.12
2025-11-25,SKU-021,RET-038,48,172.12
2025-11-26,SKU-021,RET-007,35,172.12
2025-11-27,SKU-021,RET-082,41,172.12
2025-11-28,SKU-021,RET-059,44,172.12
2025-11-29,SKU-021,RET-068,57,172.12
2025-11-30,SKU-021,RET-028,38,172.12
2025-12-01,SKU-021,RET-092,26,172.12
2025-12-02,SKU-021,RET-036,20,172.12
2025-12-03,SKU-021,RET-027,34,172.12
2025-12-04,SKU-021,RET-038,35,172.12
2025-12-05,SKU-021,RET-055,41,172.12
2025-12-06,SKU-021,RET-052,57,172.12
2025-12-07,SKU-021,RET-041,35,172.12
2025-12-08,SKU-021,RET-056,26,172.12
2025-12-09,SKU-021,RET-036,36,172.12
2025-12-10,SKU-021,RET-060,33,172.12
2025-12-11,SKU-021,RET-071,30,172.12
2025-12-12,SKU-021,RET-039,32,172.12
2025-12-13,SKU-021,RET-011,40,172.12
2025-12-14,SKU-021,RET-074,28,172.12
2025-12-15,SKU-021,RET-060,38,172.12
2025-12-16,SKU-021,RET-046,30,172.12
2025-12-17,SKU-021,RET-017,43,172.12
2025-12-18,SKU-021,RET-064,32,172.12
2025-12-19,SKU-021,RET-025,26,172.12
2025-12-20,SKU-021,RET-043,36,172.12
2025-12-21,SKU-021,RET-022,34,172.12
2025-12-22,SKU-021,RET-043,39,172.12
2025-12-23,SKU-021,RET-076,33,172.12
2025-12-24,SKU-021,RET-089,25,172.12
2025-12-25,SKU-021,RET-059,30,172.12
2025-12-26,SKU-021,RET-044,37,172.12
2025-12-27,SKU-021,RET-040,42,172.12
2025-12-28,SKU-021,RET-044,34,172.12
2025-12-29,SKU-021,RET-064,42,172.12
2025-12-30,SKU-021,RET-099,38,172.12
2025-12-31,SKU-021,RET-090,24,172.12
2026-01-01,SKU-021,RET-059,35,172.12
2026-01-02,SKU-021,RET-029,41,172.12
2026-01-03,SKU-021,RET-084,50,172.12
2026-01-04,SKU-021,RET-089,27,172.12
2026-01-05,SKU-021,RET-044,41,172.12
2026-01-06,SKU-021,RET-011,37,172.12
2026-01-07,SKU-021,RET-072,28,172.12
2026-01-08,SKU-021,RET-082,29,172.12
2026-01-09,SKU-021,RET-044,46,172.12
2026-01-10,SKU-021,RET-062,39,172.12
2026-01-11,SKU-021,RET-007,30,172.12
2026-01-12,SKU-021,RET-072,44,172.12
2026-01-13,SKU-021,RET-024,34,172.12
2026-01-14,SKU-021,RET-044,41,172.12
2026-01-15,SKU-021,RET-023,35,172.12
2026-01-16,SKU-021,RET-062,44,172.12
2026-01-17,SKU-021,RET-081,45,172.12
2026-01-18,SKU-021,RET-047,34,172.12
2026-01-19,SKU-021,RET-078,46,172.12
2026-01-20,SKU-021,RET-008,36,172.12
2026-01-21,SKU-021,RET-053,39,172.12
2026-01-22,SKU-021,RET-018,35,172.12
2026-01-23,SKU-021,RET-070,41,172.12
2026-01-24,SKU-021,RET-080,42,172.12
2026-01-25,SKU-021,RET-084,38,172.12
2026-01-26,SKU-021,RET-069,31,172.12
2026-01-27,SKU-021,RET-003,39,172.12
2026-01-28,SKU-021,RET-018,29,172.12
2026-01-29,SKU-021,RET-097,38,172.12
2026-01-30,SKU-021,RET-058,44,172.12
2026-01-31,SKU-021,RET-062,41,172.12
2026-02-01,SKU-021,RET-014,38,172.12
2026-02-02,SKU-021,RET-082,40,172.12
2026-02-03,SKU-021,RET-021,38,172.12
2026-02-04,SKU-021,RET-064,35,172.12
2026-02-05,SKU-021,RET-061,39,172.12
2026-02-06,SKU-021,RET-012,56,172.12
2026-02-07,SKU-021,RET-060,42,172.12
2026-02-08,SKU-021,RET-047,50,172.12
2026-02-09,SKU-021,RET-022,35,172.12
2026-02-10,SKU-021,RET-023,41,172.12
2026-02-11,SKU-021,RET-048,43,172.12
2026-02-12,SKU-021,RET-083,40,172.12
2026-02-13,SKU-021,RET-064,39,172.12
2026-02-14,SKU-021,RET-079,44,172.12
2026-02-15,SKU-021,RET-091,44,172.12
2026-02-16,SKU-021,RET-019,32,172.12
2026-02-17,SKU-021,RET-046,35,172.12
2026-02-18,SKU-021,RET-084,35,172.12
2026-02-19,SKU-021,RET-022,59,172.12
2026-02-20,SKU-021,RET-065,42,172.12
2026-02-21,SKU-021,RET-052,43,172.12
2026-02-22,SKU-021,RET-035,37,172.12
2026-02-23,SKU-021,RET-065,37,172.12
2026-02-24,SKU-021,RET-043,39,172.12
2026-02-25,SKU-021,RET-027,37,172.12
2026-02-26,SKU-021,RET-051,40,172.12
2026-02-27,SKU-021,RET-045,57,172.12
2026-02-28,SKU-021,RET-037,46,172.12
2026-03-01,SKU-021,RET-094,28,172.12
2026-03-02,SKU-021,RET-026,39,172.12
2026-03-03,SKU-021,RET-054,29,172.12
2026-03-04,SKU-021,RET-047,51,172.12
2026-03-05,SKU-021,RET-025,45,172.12
2026-03-06,SKU-021,RET-022,54,172.12
2026-03-07,SKU-021,RET-059,50,172.12
2026-03-08,SKU-021,RET-001,45,172.12
2026-03-09,SKU-021,RET-082,39,172.12
2026-03-10,SKU-021,RET-077,29,172.12
2026-03-11,SKU-021,RET-083,44,172.12
2026-03-12,SKU-021,RET-049,41,172.12
2026-03-13,SKU-021,RET-006,60,172.12
2026-03-14,SKU-021,RET-007,46,172.12
2026-03-15,SKU-021,RET-051,37,172.12
2026-03-16,SKU-021,RET-019,33,172.12
2026-03-17,SKU-021,RET-061,49,172.12
2026-03-18,SKU-021,RET-053,37,172.12
2026-03-19,SKU-021,RET-072,50,172.12
2026-03-20,SKU-021,RET-076,61,172.12
2026-03-21,SKU-021,RET-100,46,172.12
2026-03-22,SKU-021,RET-041,46,172.12
2026-03-23,SKU-021,RET-096,35,172.12
2026-03-24,SKU-021,RET-068,27,172.12
2026-03-25,SKU-021,RET-085,32,172.12
2026-03-26,SKU-021,RET-079,30,172.12
2026-03-27,SKU-021,RET-006,47,172.12
2026-03-28,SKU-021,RET-019,38,172.12
2026-03-29,SKU-021,RET-004,53,172.12
2026-03-30,SKU-021,RET-029,35,172.12
2026-03-31,SKU-021,RET-089,35,172.12
2026-04-01,SKU-021,RET-089,39,172.12
2026-04-02,SKU-021,RET-098,47,172.12
2026-04-03,SKU-021,RET-088,58,172.12
2026-04-04,SKU-021,RET-062,48,172.12
2026-04-05,SKU-021,RET-032,42,172.12
2026-04-06,SKU-021,RET-012,44,172.12
2026-04-07,SKU-021,RET-006,37,172.12
2026-04-08,SKU-021,RET-092,45,172.12
2026-04-09,SKU-021,RET-061,46,172.12
2026-04-10,SKU-021,RET-029,45,172.12
2026-04-11,SKU-021,RET-032,52,172.12
2026-04-12,SKU-021,RET-046,35,172.12
2026-04-13,SKU-021,RET-040,38,172.12
2026-04-14,SKU-021,RET-040,31,172.12
2026-04-15,SKU-021,RET-015,34,172.12
2026-04-16,SKU-021,RET-039,36,172.12
2026-04-17,SKU-021,RET-007,40,172.12
2026-04-18,SKU-021,RET-018,44,172.12
2026-04-19,SKU-021,RET-090,39,172.12
2026-04-20,SKU-021,RET-078,51,172.12
2026-04-21,SKU-021,RET-049,28,172.12
2026-04-22,SKU-021,RET-011,55,172.12
2026-04-23,SKU-021,RET-079,35,172.12
2026-04-24,SKU-021,RET-071,51,172.12
2026-04-25,SKU-021,RET-029,46,172.12
2026-04-26,SKU-021,RET-097,41,172.12
2026-04-27,SKU-021,RET-064,46,172.12
2026-04-28,SKU-021,RET-015,44,172.12
2026-04-29,SKU-021,RET-031,39,172.12
2026-04-30,SKU-021,RET-005,44,172.12
2026-05-01,SKU-021,RET-042,49,172.12
2026-05-02,SKU-021,RET-075,46,172.12
2026-05-03,SKU-021,RET-059,51,172.12
2026-05-04,SKU-021,RET-057,35,172.12
2026-05-05,SKU-021,RET-006,35,172.12
2026-05-06,SKU-021,RET-020,39,172.12
2026-05-07,SKU-021,RET-054,46,172.12
2026-05-08,SKU-021,RET-054,43,172.12
2026-05-09,SKU-021,RET-074,48,172.12
2026-05-10,SKU-021,RET-059,40,172.12
2026-05-11,SKU-021,RET-032,47,172.12
2026-05-12,SKU-021,RET-043,47,172.12
2026-05-13,SKU-021,RET-047,38,172.12
2026-05-14,SKU-021,RET-084,38,172.12
2026-05-15,SKU-021,RET-097,42,172.12
2026-05-16,SKU-021,RET-051,46,172.12
2026-05-17,SKU-021,RET-072,33,172.12
2026-05-18,SKU-021,RET-013,45,172.12
2026-05-19,SKU-021,RET-020,37,172.12
2026-05-20,SKU-021,RET-031,41,172.12
2026-05-21,SKU-021,RET-014,40,172.12
2026-05-22,SKU-021,RET-100,41,172.12
2026-05-23,SKU-021,RET-058,48,172.12
2026-05-24,SKU-021,RET-012,45,172.12
2026-05-25,SKU-021,RET-075,41,172.12
2026-05-26,SKU-021,RET-019,35,172.12
2026-05-27,SKU-021,RET-010,34,172.12
2026-05-28,SKU-021,RET-095,39,172.12
2026-05-29,SKU-021,RET-100,45,172.12
2026-05-30,SKU-021,RET-074,49,172.12
2026-05-31,SKU-021,RET-080,26,172.12
2026-06-01,SKU-021,RET-063,33,172.12
2026-06-02,SKU-021,RET-055,41,172.12
2026-06-03,SKU-021,RET-077,34,172.12
2026-06-04,SKU-021,RET-016,45,172.12
2026-06-05,SKU-021,RET-027,47,172.12
2026-06-06,SKU-021,RET-096,56,172.12
2026-06-07,SKU-021,RET-007,40,172.12
2026-06-08,SKU-021,RET-013,38,172.12
2026-06-09,SKU-021,RET-097,37,172.12
2026-06-10,SKU-021,RET-005,30,172.12
2026-06-11,SKU-021,RET-042,39,172.12
2026-06-12,SKU-021,RET-016,41,172.12
2026-06-13,SKU-021,RET-080,43,172.12
2026-06-14,SKU-021,RET-057,56,172.12
2026-06-15,SKU-021,RET-096,50,172.12
2026-06-16,SKU-021,RET-091,28,172.12
2026-06-17,SKU-021,RET-027,43,172.12
2026-06-18,SKU-021,RET-001,35,172.12
2026-06-19,SKU-021,RET-036,36,172.12
2026-06-20,SKU-021,RET-096,46,172.12
2026-06-21,SKU-021,RET-061,31,172.12
2026-06-22,SKU-021,RET-013,43,172.12
2026-06-23,SKU-021,RET-077,28,172.12
2026-06-24,SKU-021,RET-013,34,172.12
2026-06-25,SKU-021,RET-067,25,172.12
2026-06-26,SKU-021,RET-049,46,172.12
2026-06-27,SKU-021,RET-038,40,172.12
2026-06-28,SKU-021,RET-004,27,172.12
2026-06-29,SKU-021,RET-092,26,172.12
2026-06-30,SKU-021,RET-099,34,172.12
2026-07-01,SKU-021,RET-065,30,172.12
2026-07-02,SKU-021,RET-076,38,172.12
2026-07-03,SKU-021,RET-031,29,172.12
2026-07-04,SKU-021,RET-009,45,172.12
2026-07-05,SKU-021,RET-067,39,172.12
2026-07-06,SKU-021,RET-080,34,172.12
2026-07-07,SKU-021,RET-079,30,172.12
2026-07-08,SKU-021,RET-081,32,172.12
2026-07-09,SKU-021,RET-064,30,172.12
2026-07-10,SKU-021,RET-019,40,172.12
2026-07-11,SKU-021,RET-096,48,172.12
2026-07-12,SKU-021,RET-015,32,172.12
2026-07-13,SKU-021,RET-064,23,172.12
2026-07-14,SKU-021,RET-050,24,172.12
2026-07-15,SKU-021,RET-096,23,172.12
2026-07-16,SKU-021,RET-024,27,172.12
2026-07-17,SKU-021,RET-024,45,172.12
2026-07-18,SKU-021,RET-083,51,172.12
2026-07-19,SKU-021,RET-068,39,172.12
2026-07-20,SKU-021,RET-018,39,172.12
2026-07-21,SKU-021,RET-018,39,172.12
2026-07-22,SKU-021,RET-067,16,172.12
2026-07-23,SKU-021,RET-081,33,172.12
2026-07-24,SKU-021,RET-092,38,172.12
2026-07-25,SKU-021,RET-095,32,172.12
2026-07-26,SKU-021,RET-048,33,172.12
2026-07-27,SKU-021,RET-098,33,172.12
2026-07-28,SKU-021,RET-075,38,172.12
2026-07-29,SKU-021,RET-049,42,172.12
2026-07-30,SKU-021,RET-028,28,172.12
2026-07-31,SKU-021,RET-089,35,172.12
2026-08-01,SKU-021,RET-057,56,172.12
2026-08-02,SKU-021,RET-047,33,172.12
2026-08-03,SKU-021,RET-046,29,172.12
2026-08-04,SKU-021,RET-050,35,172.12
2026-08-05,SKU-021,RET-020,30,172.12
2026-08-06,SKU-021,RET-056,34,172.12
2026-08-07,SKU-021,RET-083,48,172.12
2026-08-08,SKU-021,RET-035,37,172.12
2026-08-09,SKU-021,RET-071,37,172.12
2026-08-10,SKU-021,RET-009,23,172.12
2026-08-11,SKU-021,RET-084,40,172.12
2026-08-12,SKU-021,RET-074,30,172.12
2026-08-13,SKU-021,RET-053,29,172.12
2026-08-14,SKU-021,RET-029,38,172.12
2026-08-15,SKU-021,RET-050,49,172.12
2026-08-16,SKU-021,RET-001,25,172.12
2026-08-17,SKU-021,RET-047,27,172.12
2026-08-18,SKU-021,RET-012,26,172.12
2026-08-19,SKU-021,RET-045,29,172.12
2026-08-20,SKU-021,RET-044,33,172.12
2026-08-21,SKU-021,RET-029,22,172.12
2026-08-22,SKU-021,RET-099,48,172.12
2026-08-23,SKU-021,RET-098,36,172.12
2026-08-24,SKU-021,RET-027,25,172.12
2026-08-25,SKU-021,RET-024,31,172.12
2025-08-26,SKU-022,RET-038,26,188.64
2025-08-27,SKU-022,RET-077,26,188.64
2025-08-28,SKU-022,RET-096,35,188.64
2025-08-29,SKU-022,RET-024,20,188.64
2025-08-30,SKU-022,RET-015,26,188.64
2025-08-31,SKU-022,RET-080,26,188.64
2025-09-01,SKU-022,RET-033,27,188.64
2025-09-02,SKU-022,RET-052,14,188.64
2025-09-03,SKU-022,RET-034,21,188.64
2025-09-04,SKU-022,RET-008,24,188.64
2025-09-05,SKU-022,RET-080,34,188.64
2025-09-06,SKU-022,RET-067,33,188.64
2025-09-07,SKU-022,RET-089,22,188.64
2025-09-08,SKU-022,RET-010,24,188.64
2025-09-09,SKU-022,RET-055,17,188.64
2025-09-10,SKU-022,RET-079,20,188.64
2025-09-11,SKU-022,RET-004,18,188.64
2025-09-12,SKU-022,RET-076,18,188.64
2025-09-13,SKU-022,RET-010,30,188.64
2025-09-14,SKU-022,RET-020,21,188.64
2025-09-15,SKU-022,RET-067,19,188.64
2025-09-16,SKU-022,RET-061,16,188.64
2025-09-17,SKU-022,RET-006,24,188.64
2025-09-18,SKU-022,RET-062,29,188.64
2025-09-19,SKU-022,RET-048,34,188.64
2025-09-20,SKU-022,RET-008,26,188.64
2025-09-21,SKU-022,RET-074,29,188.64
2025-09-22,SKU-022,RET-032,30,188.64
2025-09-23,SKU-022,RET-079,25,188.64
2025-09-24,SKU-022,RET-096,18,188.64
2025-09-25,SKU-022,RET-051,16,188.64
2025-09-26,SKU-022,RET-086,30,188.64
2025-09-27,SKU-022,RET-099,33,188.64
2025-09-28,SKU-022,RET-020,20,188.64
2025-09-29,SKU-022,RET-024,23,188.64
2025-09-30,SKU-022,RET-075,12,188.64
2025-10-01,SKU-022,RET-017,29,188.64
2025-10-02,SKU-022,RET-014,34,188.64
2025-10-03,SKU-022,RET-051,32,188.64
2025-10-04,SKU-022,RET-007,41,188.64
2025-10-05,SKU-022,RET-030,41,188.64
2025-10-06,SKU-022,RET-081,29,188.64
2025-10-07,SKU-022,RET-010,29,188.64
2025-10-08,SKU-022,RET-078,26,188.64
2025-10-09,SKU-022,RET-091,34,188.64
2025-10-10,SKU-022,RET-024,27,188.64
2025-10-11,SKU-022,RET-089,40,188.64
2025-10-12,SKU-022,RET-100,44,188.64
2025-10-13,SKU-022,RET-041,34,188.64
2025-10-14,SKU-022,RET-035,26,188.64
2025-10-15,SKU-022,RET-077,38,188.64
2025-10-16,SKU-022,RET-028,29,188.64
2025-10-17,SKU-022,RET-072,27,188.64
2025-10-18,SKU-022,RET-094,35,188.64
2025-10-19,SKU-022,RET-078,33,188.64
2025-10-20,SKU-022,RET-082,30,188.64
2025-10-21,SKU-022,RET-054,26,188.64
2025-10-22,SKU-022,RET-016,26,188.64
2025-10-23,SKU-022,RET-081,29,188.64
2025-10-24,SKU-022,RET-020,45,188.64
2025-10-25,SKU-022,RET-038,35,188.64
2025-10-26,SKU-022,RET-083,23,188.64
2025-10-27,SKU-022,RET-020,27,188.64
2025-10-28,SKU-022,RET-072,27,188.64
2025-10-29,SKU-022,RET-022,23,188.64
2025-10-30,SKU-022,RET-055,25,188.64
2025-10-31,SKU-022,RET-015,38,188.64
2025-11-01,SKU-022,RET-025,27,188.64
2025-11-02,SKU-022,RET-060,34,188.64
2025-11-03,SKU-022,RET-011,39,188.64
2025-11-04,SKU-022,RET-013,28,188.64
2025-11-05,SKU-022,RET-007,43,188.64
2025-11-06,SKU-022,RET-050,38,188.64
2025-11-07,SKU-022,RET-016,36,188.64
2025-11-08,SKU-022,RET-045,39,188.64
2025-11-09,SKU-022,RET-095,24,188.64
2025-11-10,SKU-022,RET-020,25,188.64
2025-11-11,SKU-022,RET-095,33,188.64
2025-11-12,SKU-022,RET-065,33,188.64
2025-11-13,SKU-022,RET-050,29,188.64
2025-11-14,SKU-022,RET-018,44,188.64
2025-11-15,SKU-022,RET-015,36,188.64
2025-11-16,SKU-022,RET-012,27,188.64
2025-11-17,SKU-022,RET-020,22,188.64
2025-11-18,SKU-022,RET-081,29,188.64
2025-11-19,SKU-022,RET-037,33,188.64
2025-11-20,SKU-022,RET-091,27,188.64
2025-11-21,SKU-022,RET-091,34,188.64
2025-11-22,SKU-022,RET-093,37,188.64
2025-11-23,SKU-022,RET-100,36,188.64
2025-11-24,SKU-022,RET-097,37,188.64
2025-11-25,SKU-022,RET-093,31,188.64
2025-11-26,SKU-022,RET-004,28,188.64
2025-11-27,SKU-022,RET-094,29,188.64
2025-11-28,SKU-022,RET-034,46,188.64
2025-11-29,SKU-022,RET-010,43,188.64
2025-11-30,SKU-022,RET-074,39,188.64
2025-12-01,SKU-022,RET-025,25,188.64
2025-12-02,SKU-022,RET-081,26,188.64
2025-12-03,SKU-022,RET-078,25,188.64
2025-12-04,SKU-022,RET-067,21,188.64
2025-12-05,SKU-022,RET-050,23,188.64
2025-12-06,SKU-022,RET-015,41,188.64
2025-12-07,SKU-022,RET-073,24,188.64
2025-12-08,SKU-022,RET-064,22,188.64
2025-12-09,SKU-022,RET-027,32,188.64
2025-12-10,SKU-022,RET-084,25,188.64
2025-12-11,SKU-022,RET-033,20,188.64
2025-12-12,SKU-022,RET-046,28,188.64
2025-12-13,SKU-022,RET-068,37,188.64
2025-12-14,SKU-022,RET-032,18,188.64
2025-12-15,SKU-022,RET-091,22,188.64
2025-12-16,SKU-022,RET-032,38,188.64
2025-12-17,SKU-022,RET-084,34,188.64
2025-12-18,SKU-022,RET-068,30,188.64
2025-12-19,SKU-022,RET-023,19,188.64
2025-12-20,SKU-022,RET-008,38,188.64
2025-12-21,SKU-022,RET-090,24,188.64
2025-12-22,SKU-022,RET-052,28,188.64
2025-12-23,SKU-022,RET-029,18,188.64
2025-12-24,SKU-022,RET-077,33,188.64
2025-12-25,SKU-022,RET-083,24,188.64
2025-12-26,SKU-022,RET-088,29,188.64
2025-12-27,SKU-022,RET-055,32,188.64
2025-12-28,SKU-022,RET-088,29,188.64
2025-12-29,SKU-022,RET-057,30,188.64
2025-12-30,SKU-022,RET-019,26,188.64
2025-12-31,SKU-022,RET-001,32,188.64
2026-01-01,SKU-022,RET-022,29,188.64
2026-01-02,SKU-022,RET-011,45,188.64
2026-01-03,SKU-022,RET-004,38,188.64
2026-01-04,SKU-022,RET-074,28,188.64
2026-01-05,SKU-022,RET-027,29,188.64
2026-01-06,SKU-022,RET-001,26,188.64
2026-01-07,SKU-022,RET-043,18,188.64
2026-01-08,SKU-022,RET-095,21,188.64
2026-01-09,SKU-022,RET-075,42,188.64
2026-01-10,SKU-022,RET-076,36,188.64
2026-01-11,SKU-022,RET-093,23,188.64
2026-01-12,SKU-022,RET-063,27,188.64
2026-01-13,SKU-022,RET-058,29,188.64
2026-01-14,SKU-022,RET-073,35,188.64
2026-01-15,SKU-022,RET-069,29,188.64
2026-01-16,SKU-022,RET-091,34,188.64
2026-01-17,SKU-022,RET-087,46,188.64
2026-01-18,SKU-022,RET-014,32,188.64
2026-01-19,SKU-022,RET-080,27,188.64
2026-01-20,SKU-022,RET-063,30,188.64
2026-01-21,SKU-022,RET-028,35,188.64
2026-01-22,SKU-022,RET-005,28,188.64
2026-01-23,SKU-022,RET-084,30,188.64
2026-01-24,SKU-022,RET-040,38,188.64
2026-01-25,SKU-022,RET-023,29,188.64
2026-01-26,SKU-022,RET-051,24,188.64
2026-01-27,SKU-022,RET-030,33,188.64
2026-01-28,SKU-022,RET-023,24,188.64
2026-01-29,SKU-022,RET-006,25,188.64
2026-01-30,SKU-022,RET-063,41,188.64
2026-01-31,SKU-022,RET-071,32,188.64
2026-02-01,SKU-022,RET-093,30,188.64
2026-02-02,SKU-022,RET-088,28,188.64
2026-02-03,SKU-022,RET-056,37,188.64
2026-02-04,SKU-022,RET-060,27,188.64
2026-02-05,SKU-022,RET-081,31,188.64
2026-02-06,SKU-022,RET-065,42,188.64
2026-02-07,SKU-022,RET-087,32,188.64
2026-02-08,SKU-022,RET-035,24,188.64
2026-02-09,SKU-022,RET-066,29,188.64
2026-02-10,SKU-022,RET-042,29,188.64
2026-02-11,SKU-022,RET-066,31,188.64
2026-02-12,SKU-022,RET-041,28,188.64
2026-02-13,SKU-022,RET-005,31,188.64
2026-02-14,SKU-022,RET-038,32,188.64
2026-02-15,SKU-022,RET-053,30,188.64
2026-02-16,SKU-022,RET-042,44,188.64
2026-02-17,SKU-022,RET-027,29,188.64
2026-02-18,SKU-022,RET-076,32,188.64
2026-02-19,SKU-022,RET-061,30,188.64
2026-02-20,SKU-022,RET-069,47,188.64
2026-02-21,SKU-022,RET-033,45,188.64
2026-02-22,SKU-022,RET-059,37,188.64
2026-02-23,SKU-022,RET-098,27,188.64
2026-02-24,SKU-022,RET-064,32,188.64
2026-02-25,SKU-022,RET-045,27,188.64
2026-02-26,SKU-022,RET-021,37,188.64
2026-02-27,SKU-022,RET-043,36,188.64
2026-02-28,SKU-022,RET-005,40,188.64
2026-03-01,SKU-022,RET-012,27,188.64
2026-03-02,SKU-022,RET-049,36,188.64
2026-03-03,SKU-022,RET-100,31,188.64
2026-03-04,SKU-022,RET-089,37,188.64
2026-03-05,SKU-022,RET-055,36,188.64
2026-03-06,SKU-022,RET-085,36,188.64
2026-03-07,SKU-022,RET-058,35,188.64
2026-03-08,SKU-022,RET-094,26,188.64
2026-03-09,SKU-022,RET-089,25,188.64
2026-03-10,SKU-022,RET-037,33,188.64
2026-03-11,SKU-022,RET-074,29,188.64
2026-03-12,SKU-022,RET-022,40,188.64
2026-03-13,SKU-022,RET-076,45,188.64
2026-03-14,SKU-022,RET-034,47,188.64
2026-03-15,SKU-022,RET-037,39,188.64
2026-03-16,SKU-022,RET-040,35,188.64
2026-03-17,SKU-022,RET-021,29,188.64
2026-03-18,SKU-022,RET-027,25,188.64
2026-03-19,SKU-022,RET-029,36,188.64
2026-03-20,SKU-022,RET-025,35,188.64
2026-03-21,SKU-022,RET-005,40,188.64
2026-03-22,SKU-022,RET-055,35,188.64
2026-03-23,SKU-022,RET-027,25,188.64
2026-03-24,SKU-022,RET-077,34,188.64
2026-03-25,SKU-022,RET-033,32,188.64
2026-03-26,SKU-022,RET-089,28,188.64
2026-03-27,SKU-022,RET-030,34,188.64
2026-03-28,SKU-022,RET-097,52,188.64
2026-03-29,SKU-022,RET-013,34,188.64
2026-03-30,SKU-022,RET-069,39,188.64
2026-03-31,SKU-022,RET-014,24,188.64
2026-04-01,SKU-022,RET-010,37,188.64
2026-04-02,SKU-022,RET-073,26,188.64
2026-04-03,SKU-022,RET-029,41,188.64
2026-04-04,SKU-022,RET-098,39,188.64
2026-04-05,SKU-022,RET-013,25,188.64
2026-04-06,SKU-022,RET-061,35,188.64
2026-04-07,SKU-022,RET-094,27,188.64
2026-04-08,SKU-022,RET-044,30,188.64
2026-04-09,SKU-022,RET-069,31,188.64
2026-04-10,SKU-022,RET-087,40,188.64
2026-04-11,SKU-022,RET-064,41,188.64
2026-04-12,SKU-022,RET-079,37,188.64
2026-04-13,SKU-022,RET-039,41,188.64
2026-04-14,SKU-022,RET-020,30,188.64
2026-04-15,SKU-022,RET-065,39,188.64
2026-04-16,SKU-022,RET-092,41,188.64
2026-04-17,SKU-022,RET-051,37,188.64
2026-04-18,SKU-022,RET-004,37,188.64
2026-04-19,SKU-022,RET-013,25,188.64
2026-04-20,SKU-022,RET-094,31,188.64
2026-04-21,SKU-022,RET-066,37,188.64
2026-04-22,SKU-022,RET-098,29,188.64
2026-04-23,SKU-022,RET-004,31,188.64
2026-04-24,SKU-022,RET-074,51,188.64
2026-04-25,SKU-022,RET-044,41,188.64
2026-04-26,SKU-022,RET-021,23,188.64
2026-04-27,SKU-022,RET-006,34,188.64
2026-04-28,SKU-022,RET-082,30,188.64
2026-04-29,SKU-022,RET-083,37,188.64
2026-04-30,SKU-022,RET-016,20,188.64
2026-05-01,SKU-022,RET-036,40,188.64
2026-05-02,SKU-022,RET-058,44,188.64
2026-05-03,SKU-022,RET-083,25,188.64
2026-05-04,SKU-022,RET-079,36,188.64
2026-05-05,SKU-022,RET-087,35,188.64
2026-05-06,SKU-022,RET-002,35,188.64
2026-05-07,SKU-022,RET-058,25,188.64
2026-05-08,SKU-022,RET-094,49,188.64
2026-05-09,SKU-022,RET-012,42,188.64
2026-05-10,SKU-022,RET-063,25,188.64
2026-05-11,SKU-022,RET-007,41,188.64
2026-05-12,SKU-022,RET-096,31,188.64
2026-05-13,SKU-022,RET-084,37,188.64
2026-05-14,SKU-022,RET-092,41,188.64
2026-05-15,SKU-022,RET-100,45,188.64
2026-05-16,SKU-022,RET-004,33,188.64
2026-05-17,SKU-022,RET-045,20,188.64
2026-05-18,SKU-022,RET-096,31,188.64
2026-05-19,SKU-022,RET-053,26,188.64
2026-05-20,SKU-022,RET-079,29,188.64
2026-05-21,SKU-022,RET-033,31,188.64
2026-05-22,SKU-022,RET-009,42,188.64
2026-05-23,SKU-022,RET-077,32,188.64
2026-05-24,SKU-022,RET-047,36,188.64
2026-05-25,SKU-022,RET-013,26,188.64
2026-05-26,SKU-022,RET-049,31,188.64
2026-05-27,SKU-022,RET-018,21,188.64
2026-05-28,SKU-022,RET-068,31,188.64
2026-05-29,SKU-022,RET-025,45,188.64
2026-05-30,SKU-022,RET-087,42,188.64
2026-05-31,SKU-022,RET-015,24,188.64
2026-06-01,SKU-022,RET-044,31,188.64
2026-06-02,SKU-022,RET-002,33,188.64
2026-06-03,SKU-022,RET-056,29,188.64
2026-06-04,SKU-022,RET-015,28,188.64
2026-06-05,SKU-022,RET-062,35,188.64
2026-06-06,SKU-022,RET-046,48,188.64
2026-06-07,SKU-022,RET-095,29,188.64
2026-06-08,SKU-022,RET-100,36,188.64
2026-06-09,SKU-022,RET-052,31,188.64
2026-06-10,SKU-022,RET-088,33,188.64
2026-06-11,SKU-022,RET-074,30,188.64
2026-06-12,SKU-022,RET-068,29,188.64
2026-06-13,SKU-022,RET-065,34,188.64
2026-06-14,SKU-022,RET-034,27,188.64
2026-06-15,SKU-022,RET-024,26,188.64
2026-06-16,SKU-022,RET-043,22,188.64
2026-06-17,SKU-022,RET-008,31,188.64
2026-06-18,SKU-022,RET-021,24,188.64
2026-06-19,SKU-022,RET-036,36,188.64
2026-06-20,SKU-022,RET-033,42,188.64
2026-06-21,SKU-022,RET-028,30,188.64
2026-06-22,SKU-022,RET-035,16,188.64
2026-06-23,SKU-022,RET-022,34,188.64
2026-06-24,SKU-022,RET-045,25,188.64
2026-06-25,SKU-022,RET-017,39,188.64
2026-06-26,SKU-022,RET-009,38,188.64
2026-06-27,SKU-022,RET-080,44,188.64
2026-06-28,SKU-022,RET-019,22,188.64
2026-06-29,SKU-022,RET-095,22,188.64
2026-06-30,SKU-022,RET-034,22,188.64
2026-07-01,SKU-022,RET-053,26,188.64
2026-07-02,SKU-022,RET-051,21,188.64
2026-07-03,SKU-022,RET-003,28,188.64
2026-07-04,SKU-022,RET-026,35,188.64
2026-07-05,SKU-022,RET-068,29,188.64
2026-07-06,SKU-022,RET-001,26,188.64
2026-07-07,SKU-022,RET-044,20,188.64
2026-07-08,SKU-022,RET-043,36,188.64
2026-07-09,SKU-022,RET-041,34,188.64
2026-07-10,SKU-022,RET-012,37,188.64
2026-07-11,SKU-022,RET-020,30,188.64
2026-07-12,SKU-022,RET-014,21,188.64
2026-07-13,SKU-022,RET-076,28,188.64
2026-07-14,SKU-022,RET-069,15,188.64
2026-07-15,SKU-022,RET-092,28,188.64
2026-07-16,SKU-022,RET-051,22,188.64
2026-07-17,SKU-022,RET-007,28,188.64
2026-07-18,SKU-022,RET-068,33,188.64
2026-07-19,SKU-022,RET-048,33,188.64
2026-07-20,SKU-022,RET-073,31,188.64
2026-07-21,SKU-022,RET-019,17,188.64
2026-07-22,SKU-022,RET-092,25,188.64
2026-07-23,SKU-022,RET-014,28,188.64
2026-07-24,SKU-022,RET-026,27,188.64
2026-07-25,SKU-022,RET-006,30,188.64
2026-07-26,SKU-022,RET-052,30,188.64
2026-07-27,SKU-022,RET-015,17,188.64
2026-07-28,SKU-022,RET-026,22,188.64
2026-07-29,SKU-022,RET-035,24,188.64
2026-07-30,SKU-022,RET-089,22,188.64
2026-07-31,SKU-022,RET-079,27,188.64
2026-08-01,SKU-022,RET-020,38,188.64
2026-08-02,SKU-022,RET-019,29,188.64
2026-08-03,SKU-022,RET-014,28,188.64
2026-08-04,SKU-022,RET-049,18,188.64
2026-08-05,SKU-022,RET-077,34,188.64
2026-08-06,SKU-022,RET-088,26,188.64
2026-08-07,SKU-022,RET-078,38,188.64
2026-08-08,SKU-022,RET-045,31,188.64
2026-08-09,SKU-022,RET-056,18,188.64
2026-08-10,SKU-022,RET-089,28,188.64
2026-08-11,SKU-022,RET-092,31,188.64
2026-08-12,SKU-022,RET-078,29,188.64
2026-08-13,SKU-022,RET-076,23,188.64
2026-08-14,SKU-022,RET-099,35,188.64
2026-08-15,SKU-022,RET-014,37,188.64
2026-08-16,SKU-022,RET-094,20,188.64
2026-08-17,SKU-022,RET-039,27,188.64
2026-08-18,SKU-022,RET-024,25,188.64
2026-08-19,SKU-022,RET-017,23,188.64
2026-08-20,SKU-022,RET-003,26,188.64
2026-08-21,SKU-022,RET-049,37,188.64
2026-08-22,SKU-022,RET-082,30,188.64
2026-08-23,SKU-022,RET-042,24,188.64
2026-08-24,SKU-022,RET-014,25,188.64
2026-08-25,SKU-022,RET-095,25,188.64
2025-08-26,SKU-023,RET-037,18,43.1
2025-08-27,SKU-023,RET-056,23,43.1
2025-08-28,SKU-023,RET-026,22,43.1
2025-08-29,SKU-023,RET-090,21,43.1
2025-08-30,SKU-023,RET-015,28,43.1
2025-08-31,SKU-023,RET-013,19,43.1
2025-09-01,SKU-023,RET-071,24,43.1
2025-09-02,SKU-023,RET-015,16,43.1
2025-09-03,SKU-023,RET-096,21,43.1
2025-09-04,SKU-023,RET-032,17,43.1
2025-09-05,SKU-023,RET-004,24,43.1
2025-09-06,SKU-023,RET-031,19,43.1
2025-09-07,SKU-023,RET-095,24,43.1
2025-09-08,SKU-023,RET-010,17,43.1
2025-09-09,SKU-023,RET-088,16,43.1
2025-09-10,SKU-023,RET-077,22,43.1
2025-09-11,SKU-023,RET-069,12,43.1
2025-09-12,SKU-023,RET-072,19,43.1
2025-09-13,SKU-023,RET-099,8,43.1
2025-09-14,SKU-023,RET-044,16,43.1
2025-09-15,SKU-023,RET-098,13,43.1
2025-09-16,SKU-023,RET-060,22,43.1
2025-09-17,SKU-023,RET-024,16,43.1
2025-09-18,SKU-023,RET-092,16,43.1
2025-09-19,SKU-023,RET-069,25,43.1
2025-09-20,SKU-023,RET-062,14,43.1
2025-09-21,SKU-023,RET-053,17,43.1
2025-09-22,SKU-023,RET-040,15,43.1
2025-09-23,SKU-023,RET-025,25,43.1
2025-09-24,SKU-023,RET-070,18,43.1
2025-09-25,SKU-023,RET-002,12,43.1
2025-09-26,SKU-023,RET-061,16,43.1
2025-09-27,SKU-023,RET-029,31,43.1
2025-09-28,SKU-023,RET-050,19,43.1
2025-09-29,SKU-023,RET-024,20,43.1
2025-09-30,SKU-023,RET-063,21,43.1
2025-10-01,SKU-023,RET-006,34,43.1
2025-10-02,SKU-023,RET-083,20,43.1
2025-10-03,SKU-023,RET-023,35,43.1
2025-10-04,SKU-023,RET-096,33,43.1
2025-10-05,SKU-023,RET-022,15,43.1
2025-10-06,SKU-023,RET-052,27,43.1
2025-10-07,SKU-023,RET-028,29,43.1
2025-10-08,SKU-023,RET-069,28,43.1
2025-10-09,SKU-023,RET-091,29,43.1
2025-10-10,SKU-023,RET-060,20,43.1
2025-10-11,SKU-023,RET-077,26,43.1
2025-10-12,SKU-023,RET-044,25,43.1
2025-10-13,SKU-023,RET-085,24,43.1
2025-10-14,SKU-023,RET-051,25,43.1
2025-10-15,SKU-023,RET-005,26,43.1
2025-10-16,SKU-023,RET-003,24,43.1
2025-10-17,SKU-023,RET-041,34,43.1
2025-10-18,SKU-023,RET-033,31,43.1
2025-10-19,SKU-023,RET-042,26,43.1
2025-10-20,SKU-023,RET-060,20,43.1
2025-10-21,SKU-023,RET-007,28,43.1
2025-10-22,SKU-023,RET-072,21,43.1
2025-10-23,SKU-023,RET-068,25,43.1
2025-10-24,SKU-023,RET-073,29,43.1
2025-10-25,SKU-023,RET-064,34,43.1
2025-10-26,SKU-023,RET-017,22,43.1
2025-10-27,SKU-023,RET-031,22,43.1
2025-10-28,SKU-023,RET-092,17,43.1
2025-10-29,SKU-023,RET-076,30,43.1
2025-10-30,SKU-023,RET-100,27,43.1
2025-10-31,SKU-023,RET-072,32,43.1
2025-11-01,SKU-023,RET-001,28,43.1
2025-11-02,SKU-023,RET-056,32,43.1
2025-11-03,SKU-023,RET-031,18,43.1
2025-11-04,SKU-023,RET-092,24,43.1
2025-11-05,SKU-023,RET-081,27,43.1
2025-11-06,SKU-023,RET-079,24,43.1
2025-11-07,SKU-023,RET-032,26,43.1
2025-11-08,SKU-023,RET-052,23,43.1
2025-11-09,SKU-023,RET-016,34,43.1
2025-11-10,SKU-023,RET-093,30,43.1
2025-11-11,SKU-023,RET-073,40,43.1
2025-11-12,SKU-023,RET-092,17,43.1
2025-11-13,SKU-023,RET-063,26,43.1
2025-11-14,SKU-023,RET-074,31,43.1
2025-11-15,SKU-023,RET-088,32,43.1
2025-11-16,SKU-023,RET-021,30,43.1
2025-11-17,SKU-023,RET-071,28,43.1
2025-11-18,SKU-023,RET-027,17,43.1
2025-11-19,SKU-023,RET-099,22,43.1
2025-11-20,SKU-023,RET-024,27,43.1
2025-11-21,SKU-023,RET-048,30,43.1
2025-11-22,SKU-023,RET-067,24,43.1
2025-11-23,SKU-023,RET-038,28,43.1
2025-11-24,SKU-023,RET-013,25,43.1
2025-11-25,SKU-023,RET-051,34,43.1
2025-11-26,SKU-023,RET-041,29,43.1
2025-11-27,SKU-023,RET-070,24,43.1
2025-11-28,SKU-023,RET-063,28,43.1
2025-11-29,SKU-023,RET-035,35,43.1
2025-11-30,SKU-023,RET-032,27,43.1
2025-12-01,SKU-023,RET-075,17,43.1
2025-12-02,SKU-023,RET-088,25,43.1
2025-12-03,SKU-023,RET-076,23,43.1
2025-12-04,SKU-023,RET-006,14,43.1
2025-12-05,SKU-023,RET-091,20,43.1
2025-12-06,SKU-023,RET-088,32,43.1
2025-12-07,SKU-023,RET-054,18,43.1
2025-12-08,SKU-023,RET-021,21,43.1
2025-12-09,SKU-023,RET-043,28,43.1
2025-12-10,SKU-023,RET-061,28,43.1
2025-12-11,SKU-023,RET-029,21,43.1
2025-12-12,SKU-023,RET-040,23,43.1
2025-12-13,SKU-023,RET-030,28,43.1
2025-12-14,SKU-023,RET-088,22,43.1
2025-12-15,SKU-023,RET-069,24,43.1
2025-12-16,SKU-023,RET-049,17,43.1
2025-12-17,SKU-023,RET-045,25,43.1
2025-12-18,SKU-023,RET-020,31,43.1
2025-12-19,SKU-023,RET-068,27,43.1
2025-12-20,SKU-023,RET-077,24,43.1
2025-12-21,SKU-023,RET-065,34,43.1
2025-12-22,SKU-023,RET-066,20,43.1
2025-12-23,SKU-023,RET-082,22,43.1
2025-12-24,SKU-023,RET-069,17,43.1
2025-12-25,SKU-023,RET-053,21,43.1
2025-12-26,SKU-023,RET-057,27,43.1
2025-12-27,SKU-023,RET-060,23,43.1
2025-12-28,SKU-023,RET-060,19,43.1
2025-12-29,SKU-023,RET-018,24,43.1
2025-12-30,SKU-023,RET-003,20,43.1
2025-12-31,SKU-023,RET-022,17,43.1
2026-01-01,SKU-023,RET-084,31,43.1
2026-01-02,SKU-023,RET-083,28,43.1
2026-01-03,SKU-023,RET-081,29,43.1
2026-01-04,SKU-023,RET-029,20,43.1
2026-01-05,SKU-023,RET-074,15,43.1
2026-01-06,SKU-023,RET-085,23,43.1
2026-01-07,SKU-023,RET-037,23,43.1
2026-01-08,SKU-023,RET-082,21,43.1
2026-01-09,SKU-023,RET-035,34,43.1
2026-01-10,SKU-023,RET-083,31,43.1
2026-01-11,SKU-023,RET-057,29,43.1
2026-01-12,SKU-023,RET-069,20,43.1
2026-01-13,SKU-023,RET-043,15,43.1
2026-01-14,SKU-023,RET-100,26,43.1
2026-01-15,SKU-023,RET-025,33,43.1
2026-01-16,SKU-023,RET-090,22,43.1
2026-01-17,SKU-023,RET-030,29,43.1
2026-01-18,SKU-023,RET-024,21,43.1
2026-01-19,SKU-023,RET-060,30,43.1
2026-01-20,SKU-023,RET-054,26,43.1
2026-01-21,SKU-023,RET-001,31,43.1
2026-01-22,SKU-023,RET-048,23,43.1
2026-01-23,SKU-023,RET-088,28,43.1
2026-01-24,SKU-023,RET-082,31,43.1
2026-01-25,SKU-023,RET-027,28,43.1
2026-01-26,SKU-023,RET-053,21,43.1
2026-01-27,SKU-023,RET-028,28,43.1
2026-01-28,SKU-023,RET-020,31,43.1
2026-01-29,SKU-023,RET-094,23,43.1
2026-01-30,SKU-023,RET-012,25,43.1
2026-01-31,SKU-023,RET-032,36,43.1
2026-02-01,SKU-023,RET-007,24,43.1
2026-02-02,SKU-023,RET-033,20,43.1
2026-02-03,SKU-023,RET-004,30,43.1
2026-02-04,SKU-023,RET-001,18,43.1
2026-02-05,SKU-023,RET-021,18,43.1
2026-02-06,SKU-023,RET-072,26,43.1
2026-02-07,SKU-023,RET-049,36,43.1
2026-02-08,SKU-023,RET-058,23,43.1
2026-02-09,SKU-023,RET-013,35,43.1
2026-02-10,SKU-023,RET-086,29,43.1
2026-02-11,SKU-023,RET-016,30,43.1
2026-02-12,SKU-023,RET-023,31,43.1
2026-02-13,SKU-023,RET-011,33,43.1
2026-02-14,SKU-023,RET-052,25,43.1
2026-02-15,SKU-023,RET-031,21,43.1
2026-02-16,SKU-023,RET-013,27,43.1
2026-02-17,SKU-023,RET-041,23,43.1
2026-02-18,SKU-023,RET-046,33,43.1
2026-02-19,SKU-023,RET-074,20,43.1
2026-02-20,SKU-023,RET-036,47,43.1
2026-02-21,SKU-023,RET-054,38,43.1
2026-02-22,SKU-023,RET-085,20,43.1
2026-02-23,SKU-023,RET-072,19,43.1
2026-02-24,SKU-023,RET-024,25,43.1
2026-02-25,SKU-023,RET-092,26,43.1
2026-02-26,SKU-023,RET-069,19,43.1
2026-02-27,SKU-023,RET-064,31,43.1
2026-02-28,SKU-023,RET-022,31,43.1
2026-03-01,SKU-023,RET-024,29,43.1
2026-03-02,SKU-023,RET-045,21,43.1
2026-03-03,SKU-023,RET-002,21,43.1
2026-03-04,SKU-023,RET-085,21,43.1
2026-03-05,SKU-023,RET-071,22,43.1
2026-03-06,SKU-023,RET-024,33,43.1
2026-03-07,SKU-023,RET-017,34,43.1
2026-03-08,SKU-023,RET-093,29,43.1
2026-03-09,SKU-023,RET-065,26,43.1
2026-03-10,SKU-023,RET-032,26,43.1
2026-03-11,SKU-023,RET-076,20,43.1
2026-03-12,SKU-023,RET-014,22,43.1
2026-03-13,SKU-023,RET-050,38,43.1
2026-03-14,SKU-023,RET-080,33,43.1
2026-03-15,SKU-023,RET-049,29,43.1
2026-03-16,SKU-023,RET-041,33,43.1
2026-03-17,SKU-023,RET-027,32,43.1
2026-03-18,SKU-023,RET-053,26,43.1
2026-03-19,SKU-023,RET-016,35,43.1
2026-03-20,SKU-023,RET-091,35,43.1
2026-03-21,SKU-023,RET-050,37,43.1
2026-03-22,SKU-023,RET-086,30,43.1
2026-03-23,SKU-023,RET-088,20,43.1
2026-03-24,SKU-023,RET-030,33,43.1
2026-03-25,SKU-023,RET-076,25,43.1
2026-03-26,SKU-023,RET-013,23,43.1
2026-03-27,SKU-023,RET-022,31,43.1
2026-03-28,SKU-023,RET-003,32,43.1
2026-03-29,SKU-023,RET-090,21,43.1
2026-03-30,SKU-023,RET-058,30,43.1
2026-03-31,SKU-023,RET-036,30,43.1
2026-04-01,SKU-023,RET-010,24,43.1
2026-04-02,SKU-023,RET-053,26,43.1
2026-04-03,SKU-023,RET-079,28,43.1
2026-04-04,SKU-023,RET-048,29,43.1
2026-04-05,SKU-023,RET-008,31,43.1
2026-04-06,SKU-023,RET-043,18,43.1
2026-04-07,SKU-023,RET-072,34,43.1
2026-04-08,SKU-023,RET-067,37,43.1
2026-04-09,SKU-023,RET-037,31,43.1
2026-04-10,SKU-023,RET-052,33,43.1
2026-04-11,SKU-023,RET-081,42,43.1
2026-04-12,SKU-023,RET-047,29,43.1
2026-04-13,SKU-023,RET-089,26,43.1
2026-04-14,SKU-023,RET-007,22,43.1
2026-04-15,SKU-023,RET-011,23,43.1
2026-04-16,SKU-023,RET-006,33,43.1
2026-04-17,SKU-023,RET-037,37,43.1
2026-04-18,SKU-023,RET-081,36,43.1
2026-04-19,SKU-023,RET-037,26,43.1
2026-04-20,SKU-023,RET-096,25,43.1
2026-04-21,SKU-023,RET-035,26,43.1
2026-04-22,SKU-023,RET-058,27,43.1
2026-04-23,SKU-023,RET-071,34,43.1
2026-04-24,SKU-023,RET-009,29,43.1
2026-04-25,SKU-023,RET-066,32,43.1
2026-04-26,SKU-023,RET-086,24,43.1
2026-04-27,SKU-023,RET-064,33,43.1
2026-04-28,SKU-023,RET-036,40,43.1
2026-04-29,SKU-023,RET-095,33,43.1
2026-04-30,SKU-023,RET-072,36,43.1
2026-05-01,SKU-023,RET-075,33,43.1
2026-05-02,SKU-023,RET-088,37,43.1
2026-05-03,SKU-023,RET-043,28,43.1
2026-05-04,SKU-023,RET-084,32,43.1
2026-05-05,SKU-023,RET-047,27,43.1
2026-05-06,SKU-023,RET-031,29,43.1
2026-05-07,SKU-023,RET-030,24,43.1
2026-05-08,SKU-023,RET-083,31,43.1
2026-05-09,SKU-023,RET-074,18,43.1
2026-05-10,SKU-023,RET-085,36,43.1
2026-05-11,SKU-023,RET-027,25,43.1
2026-05-12,SKU-023,RET-088,28,43.1
2026-05-13,SKU-023,RET-039,26,43.1
2026-05-14,SKU-023,RET-073,34,43.1
2026-05-15,SKU-023,RET-088,40,43.1
2026-05-16,SKU-023,RET-082,26,43.1
2026-05-17,SKU-023,RET-081,17,43.1
2026-05-18,SKU-023,RET-069,28,43.1
2026-05-19,SKU-023,RET-087,26,43.1
2026-05-20,SKU-023,RET-070,21,43.1
2026-05-21,SKU-023,RET-043,26,43.1
2026-05-22,SKU-023,RET-028,36,43.1
2026-05-23,SKU-023,RET-051,33,43.1
2026-05-24,SKU-023,RET-047,29,43.1
2026-05-25,SKU-023,RET-001,28,43.1
2026-05-26,SKU-023,RET-019,38,43.1
2026-05-27,SKU-023,RET-037,26,43.1
2026-05-28,SKU-023,RET-037,27,43.1
2026-05-29,SKU-023,RET-076,39,43.1
2026-05-30,SKU-023,RET-061,31,43.1
2026-05-31,SKU-023,RET-029,21,43.1
2026-06-01,SKU-023,RET-017,28,43.1
2026-06-02,SKU-023,RET-028,18,43.1
2026-06-03,SKU-023,RET-048,24,43.1
2026-06-04,SKU-023,RET-080,35,43.1
2026-06-05,SKU-023,RET-074,34,43.1
2026-06-06,SKU-023,RET-082,31,43.1
2026-06-07,SKU-023,RET-094,32,43.1
2026-06-08,SKU-023,RET-041,26,43.1
2026-06-09,SKU-023,RET-036,28,43.1
2026-06-10,SKU-023,RET-037,23,43.1
2026-06-11,SKU-023,RET-041,19,43.1
2026-06-12,SKU-023,RET-020,33,43.1
2026-06-13,SKU-023,RET-085,34,43.1
2026-06-14,SKU-023,RET-004,20,43.1
2026-06-15,SKU-023,RET-035,27,43.1
2026-06-16,SKU-023,RET-030,28,43.1
2026-06-17,SKU-023,RET-061,21,43.1
2026-06-18,SKU-023,RET-075,26,43.1
2026-06-19,SKU-023,RET-100,24,43.1
2026-06-20,SKU-023,RET-088,29,43.1
2026-06-21,SKU-023,RET-037,22,43.1
2026-06-22,SKU-023,RET-031,26,43.1
2026-06-23,SKU-023,RET-095,28,43.1
2026-06-24,SKU-023,RET-063,34,43.1
2026-06-25,SKU-023,RET-021,18,43.1
2026-06-26,SKU-023,RET-050,24,43.1
2026-06-27,SKU-023,RET-080,25,43.1
2026-06-28,SKU-023,RET-024,20,43.1
2026-06-29,SKU-023,RET-072,21,43.1
2026-06-30,SKU-023,RET-004,20,43.1
2026-07-01,SKU-023,RET-057,28,43.1
2026-07-02,SKU-023,RET-074,26,43.1
2026-07-03,SKU-023,RET-081,36,43.1
2026-07-04,SKU-023,RET-011,14,43.1
2026-07-05,SKU-023,RET-091,28,43.1
2026-07-06,SKU-023,RET-015,23,43.1
2026-07-07,SKU-023,RET-089,29,43.1
2026-07-08,SKU-023,RET-048,22,43.1
2026-07-09,SKU-023,RET-047,26,43.1
2026-07-10,SKU-023,RET-069,22,43.1
2026-07-11,SKU-023,RET-094,27,43.1
2026-07-12,SKU-023,RET-024,26,43.1
2026-07-13,SKU-023,RET-084,16,43.1
2026-07-14,SKU-023,RET-012,25,43.1
2026-07-15,SKU-023,RET-082,18,43.1
2026-07-16,SKU-023,RET-018,18,43.1
2026-07-17,SKU-023,RET-030,34,43.1
2026-07-18,SKU-023,RET-023,22,43.1
2026-07-19,SKU-023,RET-048,23,43.1
2026-07-20,SKU-023,RET-068,25,43.1
2026-07-21,SKU-023,RET-013,20,43.1
2026-07-22,SKU-023,RET-071,16,43.1
2026-07-23,SKU-023,RET-024,23,43.1
2026-07-24,SKU-023,RET-035,26,43.1
2026-07-25,SKU-023,RET-088,32,43.1
2026-07-26,SKU-023,RET-028,18,43.1
2026-07-27,SKU-023,RET-040,19,43.1
2026-07-28,SKU-023,RET-008,25,43.1
2026-07-29,SKU-023,RET-083,18,43.1
2026-07-30,SKU-023,RET-054,27,43.1
2026-07-31,SKU-023,RET-017,30,43.1
2026-08-01,SKU-023,RET-014,29,43.1
2026-08-02,SKU-023,RET-043,17,43.1
2026-08-03,SKU-023,RET-044,18,43.1
2026-08-04,SKU-023,RET-049,18,43.1
2026-08-05,SKU-023,RET-034,17,43.1
2026-08-06,SKU-023,RET-024,24,43.1
2026-08-07,SKU-023,RET-095,17,43.1
2026-08-08,SKU-023,RET-024,21,43.1
2026-08-09,SKU-023,RET-007,15,43.1
2026-08-10,SKU-023,RET-063,18,43.1
2026-08-11,SKU-023,RET-100,19,43.1
2026-08-12,SKU-023,RET-027,20,43.1
2026-08-13,SKU-023,RET-060,16,43.1
2026-08-14,SKU-023,RET-061,19,43.1
2026-08-15,SKU-023,RET-036,26,43.1
2026-08-16,SKU-023,RET-073,32,43.1
2026-08-17,SKU-023,RET-042,22,43.1
2026-08-18,SKU-023,RET-024,23,43.1
2026-08-19,SKU-023,RET-072,22,43.1
2026-08-20,SKU-023,RET-068,19,43.1
2026-08-21,SKU-023,RET-001,24,43.1
2026-08-22,SKU-023,RET-011,19,43.1
2026-08-23,SKU-023,RET-079,11,43.1
2026-08-24,SKU-023,RET-088,21,43.1
2026-08-25,SKU-023,RET-011,24,43.1
2025-08-26,SKU-024,RET-067,37,164.23
2025-08-27,SKU-024,RET-064,34,164.23
2025-08-28,SKU-024,RET-075,35,164.23
2025-08-29,SKU-024,RET-059,34,164.23
2025-08-30,SKU-024,RET-081,39,164.23
2025-08-31,SKU-024,RET-026,28,164.23
2025-09-01,SKU-024,RET-020,27,164.23
2025-09-02,SKU-024,RET-020,27,164.23
2025-09-03,SKU-024,RET-081,29,164.23
2025-09-04,SKU-024,RET-041,35,164.23
2025-09-05,SKU-024,RET-027,42,164.23
2025-09-06,SKU-024,RET-044,28,164.23
2025-09-07,SKU-024,RET-031,33,164.23
2025-09-08,SKU-024,RET-056,29,164.23
2025-09-09,SKU-024,RET-095,45,164.23
2025-09-10,SKU-024,RET-005,40,164.23
2025-09-11,SKU-024,RET-005,28,164.23
2025-09-12,SKU-024,RET-046,36,164.23
2025-09-13,SKU-024,RET-013,41,164.23
2025-09-14,SKU-024,RET-056,39,164.23
2025-09-15,SKU-024,RET-085,29,164.23
2025-09-16,SKU-024,RET-023,31,164.23
2025-09-17,SKU-024,RET-014,33,164.23
2025-09-18,SKU-024,RET-079,32,164.23
2025-09-19,SKU-024,RET-065,29,164.23
2025-09-20,SKU-024,RET-064,41,164.23
2025-09-21,SKU-024,RET-042,21,164.23
2025-09-22,SKU-024,RET-088,28,164.23
2025-09-23,SKU-024,RET-009,27,164.23
2025-09-24,SKU-024,RET-080,37,164.23
2025-09-25,SKU-024,RET-015,29,164.23
2025-09-26,SKU-024,RET-098,34,164.23
2025-09-27,SKU-024,RET-073,36,164.23
2025-09-28,SKU-024,RET-033,41,164.23
2025-09-29,SKU-024,RET-065,26,164.23
2025-09-30,SKU-024,RET-024,40,164.23
2025-10-01,SKU-024,RET-013,42,164.23
2025-10-02,SKU-024,RET-051,44,164.23
2025-10-03,SKU-024,RET-023,51,164.23
2025-10-04,SKU-024,RET-068,41,164.23
2025-10-05,SKU-024,RET-055,40,164.23
2025-10-06,SKU-024,RET-052,45,164.23
2025-10-07,SKU-024,RET-046,37,164.23
2025-10-08,SKU-024,RET-002,31,164.23
2025-10-09,SKU-024,RET-082,45,164.23
2025-10-10,SKU-024,RET-025,58,164.23
2025-10-11,SKU-024,RET-025,56,164.23
2025-10-12,SKU-024,RET-072,37,164.23
2025-10-13,SKU-024,RET-079,35,164.23
2025-10-14,SKU-024,RET-092,43,164.23
2025-10-15,SKU-024,RET-030,47,164.23
2025-10-16,SKU-024,RET-050,26,164.23
2025-10-17,SKU-024,RET-099,56,164.23
2025-10-18,SKU-024,RET-093,57,164.23
2025-10-19,SKU-024,RET-024,39,164.23
2025-10-20,SKU-024,RET-021,39,164.23
2025-10-21,SKU-024,RET-043,36,164.23
2025-10-22,SKU-024,RET-012,42,164.23
2025-10-23,SKU-024,RET-033,31,164.23
2025-10-24,SKU-024,RET-069,51,164.23
2025-10-25,SKU-024,RET-036,51,164.23
2025-10-26,SKU-024,RET-016,35,164.23
2025-10-27,SKU-024,RET-073,39,164.23
2025-10-28,SKU-024,RET-084,39,164.23
2025-10-29,SKU-024,RET-047,37,164.23
2025-10-30,SKU-024,RET-095,36,164.23
2025-10-31,SKU-024,RET-018,32,164.23
2025-11-01,SKU-024,RET-066,56,164.23
2025-11-02,SKU-024,RET-035,49,164.23
2025-11-03,SKU-024,RET-062,38,164.23
2025-11-04,SKU-024,RET-006,43,164.23
2025-11-05,SKU-024,RET-040,39,164.23
2025-11-06,SKU-024,RET-028,48,164.23
2025-11-07,SKU-024,RET-100,54,164.23
2025-11-08,SKU-024,RET-028,54,164.23
2025-11-09,SKU-024,RET-065,41,164.23
2025-11-10,SKU-024,RET-031,34,164.23
2025-11-11,SKU-024,RET-090,35,164.23
2025-11-12,SKU-024,RET-095,42,164.23
2025-11-13,SKU-024,RET-044,45,164.23
2025-11-14,SKU-024,RET-039,44,164.23
2025-11-15,SKU-024,RET-066,56,164.23
2025-11-16,SKU-024,RET-041,53,164.23
2025-11-17,SKU-024,RET-037,40,164.23
2025-11-18,SKU-024,RET-074,35,164.23
2025-11-19,SKU-024,RET-027,42,164.23
2025-11-20,SKU-024,RET-018,47,164.23
2025-11-21,SKU-024,RET-012,50,164.23
2025-11-22,SKU-024,RET-093,57,164.23
2025-11-23,SKU-024,RET-093,46,164.23
2025-11-24,SKU-024,RET-037,55,164.23
2025-11-25,SKU-024,RET-083,48,164.23
2025-11-26,SKU-024,RET-081,44,164.23
2025-11-27,SKU-024,RET-078,43,164.23
2025-11-28,SKU-024,RET-031,43,164.23
2025-11-29,SKU-024,RET-037,47,164.23
2025-11-30,SKU-024,RET-046,59,164.23
2025-12-01,SKU-024,RET-038,33,164.23
2025-12-02,SKU-024,RET-027,32,164.23
2025-12-03,SKU-024,RET-071,36,164.23
2025-12-04,SKU-024,RET-091,29,164.23
2025-12-05,SKU-024,RET-036,33,164.23
2025-12-06,SKU-024,RET-043,46,164.23
2025-12-07,SKU-024,RET-076,33,164.23
2025-12-08,SKU-024,RET-013,43,164.23
2025-12-09,SKU-024,RET-078,41,164.23
2025-12-10,SKU-024,RET-052,27,164.23
2025-12-11,SKU-024,RET-099,39,164.23
2025-12-12,SKU-024,RET-029,54,164.23
2025-12-13,SKU-024,RET-097,43,164.23
2025-12-14,SKU-024,RET-072,32,164.23
2025-12-15,SKU-024,RET-036,33,164.23
2025-12-16,SKU-024,RET-073,32,164.23
2025-12-17,SKU-024,RET-091,21,164.23
2025-12-18,SKU-024,RET-080,37,164.23
2025-12-19,SKU-024,RET-061,44,164.23
2025-12-20,SKU-024,RET-035,46,164.23
2025-12-21,SKU-024,RET-094,33,164.23
2025-12-22,SKU-024,RET-022,44,164.23
2025-12-23,SKU-024,RET-046,38,164.23
2025-12-24,SKU-024,RET-008,44,164.23
2025-12-25,SKU-024,RET-087,42,164.23
2025-12-26,SKU-024,RET-040,49,164.23
2025-12-27,SKU-024,RET-032,40,164.23
2025-12-28,SKU-024,RET-033,40,164.23
2025-12-29,SKU-024,RET-032,41,164.23
2025-12-30,SKU-024,RET-017,34,164.23
2025-12-31,SKU-024,RET-044,42,164.23
2026-01-01,SKU-024,RET-086,46,164.23
2026-01-02,SKU-024,RET-084,38,164.23
2026-01-03,SKU-024,RET-052,47,164.23
2026-01-04,SKU-024,RET-098,24,164.23
2026-01-05,SKU-024,RET-090,27,164.23
2026-01-06,SKU-024,RET-081,37,164.23
2026-01-07,SKU-024,RET-067,41,164.23
2026-01-08,SKU-024,RET-081,38,164.23
2026-01-09,SKU-024,RET-083,46,164.23
2026-01-10,SKU-024,RET-074,40,164.23
2026-01-11,SKU-024,RET-017,37,164.23
2026-01-12,SKU-024,RET-015,27,164.23
2026-01-13,SKU-024,RET-041,34,164.23
2026-01-14,SKU-024,RET-037,47,164.23
2026-01-15,SKU-024,RET-007,39,164.23
2026-01-16,SKU-024,RET-008,58,164.23
2026-01-17,SKU-024,RET-074,34,164.23
2026-01-18,SKU-024,RET-074,38,164.23
2026-01-19,SKU-024,RET-047,42,164.23
2026-01-20,SKU-024,RET-091,44,164.23
2026-01-21,SKU-024,RET-030,35,164.23
2026-01-22,SKU-024,RET-020,44,164.23
2026-01-23,SKU-024,RET-065,42,164.23
2026-01-24,SKU-024,RET-091,48,164.23
2026-01-25,SKU-024,RET-014,56,164.23
2026-01-26,SKU-024,RET-063,46,164.23
2026-01-27,SKU-024,RET-050,37,164.23
2026-01-28,SKU-024,RET-010,33,164.23
2026-01-29,SKU-024,RET-007,47,164.23
2026-01-30,SKU-024,RET-028,48,164.23
2026-01-31,SKU-024,RET-003,46,164.23
2026-02-01,SKU-024,RET-071,46,164.23
2026-02-02,SKU-024,RET-025,43,164.23
2026-02-03,SKU-024,RET-029,31,164.23
2026-02-04,SKU-024,RET-043,35,164.23
2026-02-05,SKU-024,RET-025,29,164.23
2026-02-06,SKU-024,RET-065,47,164.23
2026-02-07,SKU-024,RET-047,46,164.23
2026-02-08,SKU-024,RET-005,34,164.23
2026-02-09,SKU-024,RET-020,38,164.23
2026-02-10,SKU-024,RET-056,36,164.23
2026-02-11,SKU-024,RET-008,45,164.23
2026-02-12,SKU-024,RET-057,49,164.23
2026-02-13,SKU-024,RET-100,45,164.23
2026-02-14,SKU-024,RET-068,50,164.23
2026-02-15,SKU-024,RET-074,39,164.23
2026-02-16,SKU-024,RET-058,36,164.23
2026-02-17,SKU-024,RET-041,37,164.23
2026-02-18,SKU-024,RET-015,54,164.23
2026-02-19,SKU-024,RET-033,36,164.23
2026-02-20,SKU-024,RET-064,45,164.23
2026-02-21,SKU-024,RET-023,45,164.23
2026-02-22,SKU-024,RET-005,39,164.23
2026-02-23,SKU-024,RET-021,47,164.23
2026-02-24,SKU-024,RET-067,36,164.23
2026-02-25,SKU-024,RET-053,40,164.23
2026-02-26,SKU-024,RET-050,50,164.23
2026-02-27,SKU-024,RET-040,51,164.23
2026-02-28,SKU-024,RET-024,51,164.23
2026-03-01,SKU-024,RET-059,46,164.23
2026-03-02,SKU-024,RET-023,42,164.23
2026-03-03,SKU-024,RET-046,46,164.23
2026-03-04,SKU-024,RET-097,43,164.23
2026-03-05,SKU-024,RET-064,44,164.23
2026-03-06,SKU-024,RET-032,46,164.23
2026-03-07,SKU-024,RET-058,47,164.23
2026-03-08,SKU-024,RET-062,53,164.23
2026-03-09,SKU-024,RET-030,51,164.23
2026-03-10,SKU-024,RET-050,36,164.23
2026-03-11,SKU-024,RET-065,45,164.23
2026-03-12,SKU-024,RET-029,45,164.23
2026-03-13,SKU-024,RET-095,62,164.23
2026-03-14,SKU-024,RET-084,55,164.23
2026-03-15,SKU-024,RET-052,48,164.23
2026-03-16,SKU-024,RET-087,44,164.23
2026-03-17,SKU-024,RET-094,46,164.23
2026-03-18,SKU-024,RET-075,36,164.23
2026-03-19,SKU-024,RET-074,44,164.23
2026-03-20,SKU-024,RET-017,60,164.23
2026-03-21,SKU-024,RET-014,58,164.23
2026-03-22,SKU-024,RET-012,56,164.23
2026-03-23,SKU-024,RET-046,46,164.23
2026-03-24,SKU-024,RET-074,53,164.23
2026-03-25,SKU-024,RET-098,44,164.23
2026-03-26,SKU-024,RET-082,45,164.23
2026-03-27,SKU-024,RET-099,43,164.23
2026-03-28,SKU-024,RET-005,56,164.23
2026-03-29,SKU-024,RET-072,47,164.23
2026-03-30,SKU-024,RET-084,51,164.23
2026-03-31,SKU-024,RET-097,37,164.23
2026-04-01,SKU-024,RET-018,40,164.23
2026-04-02,SKU-024,RET-100,40,164.23
2026-04-03,SKU-024,RET-099,63,164.23
2026-04-04,SKU-024,RET-058,40,164.23
2026-04-05,SKU-024,RET-015,48,164.23
2026-04-06,SKU-024,RET-055,41,164.23
2026-04-07,SKU-024,RET-093,40,164.23
2026-04-08,SKU-024,RET-031,42,164.23
2026-04-09,SKU-024,RET-033,53,164.23
2026-04-10,SKU-024,RET-039,44,164.23
2026-04-11,SKU-024,RET-011,48,164.23
2026-04-12,SKU-024,RET-038,50,164.23
2026-04-13,SKU-024,RET-038,42,164.23
2026-04-14,SKU-024,RET-028,50,164.23
2026-04-15,SKU-024,RET-097,42,164.23
2026-04-16,SKU-024,RET-046,54,164.23
2026-04-17,SKU-024,RET-042,59,164.23
2026-04-18,SKU-024,RET-044,54,164.23
2026-04-19,SKU-024,RET-035,45,164.23
2026-04-20,SKU-024,RET-016,54,164.23
2026-04-21,SKU-024,RET-055,38,164.23
2026-04-22,SKU-024,RET-070,49,164.23
2026-04-23,SKU-024,RET-003,42,164.23
2026-04-24,SKU-024,RET-079,63,164.23
2026-04-25,SKU-024,RET-009,62,164.23
2026-04-26,SKU-024,RET-053,46,164.23
2026-04-27,SKU-024,RET-027,35,164.23
2026-04-28,SKU-024,RET-097,43,164.23
2026-04-29,SKU-024,RET-087,31,164.23
2026-04-30,SKU-024,RET-066,35,164.23
2026-05-01,SKU-024,RET-009,58,164.23
2026-05-02,SKU-024,RET-044,58,164.23
2026-05-03,SKU-024,RET-097,42,164.23
2026-05-04,SKU-024,RET-035,54,164.23
2026-05-05,SKU-024,RET-024,39,164.23
2026-05-06,SKU-024,RET-075,45,164.23
2026-05-07,SKU-024,RET-043,55,164.23
2026-05-08,SKU-024,RET-024,50,164.23
2026-05-09,SKU-024,RET-085,54,164.23
2026-05-10,SKU-024,RET-022,46,164.23
2026-05-11,SKU-024,RET-067,41,164.23
2026-05-12,SKU-024,RET-006,42,164.23
2026-05-13,SKU-024,RET-063,44,164.23
2026-05-14,SKU-024,RET-072,48,164.23
2026-05-15,SKU-024,RET-006,55,164.23
2026-05-16,SKU-024,RET-062,51,164.23
2026-05-17,SKU-024,RET-004,40,164.23
2026-05-18,SKU-024,RET-094,49,164.23
2026-05-19,SKU-024,RET-095,41,164.23
2026-05-20,SKU-024,RET-036,42,164.23
2026-05-21,SKU-024,RET-066,46,164.23
2026-05-22,SKU-024,RET-071,39,164.23
2026-05-23,SKU-024,RET-010,46,164.23
2026-05-24,SKU-024,RET-063,40,164.23
2026-05-25,SKU-024,RET-033,48,164.23
2026-05-26,SKU-024,RET-062,43,164.23
2026-05-27,SKU-024,RET-010,35,164.23
2026-05-28,SKU-024,RET-061,42,164.23
2026-05-29,SKU-024,RET-039,46,164.23
2026-05-30,SKU-024,RET-023,46,164.23
2026-05-31,SKU-024,RET-031,38,164.23
2026-06-01,SKU-024,RET-030,43,164.23
2026-06-02,SKU-024,RET-098,39,164.23
2026-06-03,SKU-024,RET-065,35,164.23
2026-06-04,SKU-024,RET-096,36,164.23
2026-06-05,SKU-024,RET-054,50,164.23
2026-06-06,SKU-024,RET-043,47,164.23
2026-06-07,SKU-024,RET-061,42,164.23
2026-06-08,SKU-024,RET-079,44,164.23
2026-06-09,SKU-024,RET-046,41,164.23
2026-06-10,SKU-024,RET-073,44,164.23
2026-06-11,SKU-024,RET-024,35,164.23
2026-06-12,SKU-024,RET-067,59,164.23
2026-06-13,SKU-024,RET-096,41,164.23
2026-06-14,SKU-024,RET-054,41,164.23
2026-06-15,SKU-024,RET-072,35,164.23
2026-06-16,SKU-024,RET-040,33,164.23
2026-06-17,SKU-024,RET-016,46,164.23
2026-06-18,SKU-024,RET-062,43,164.23
2026-06-19,SKU-024,RET-005,46,164.23
2026-06-20,SKU-024,RET-067,48,164.23
2026-06-21,SKU-024,RET-031,32,164.23
2026-06-22,SKU-024,RET-098,31,164.23
2026-06-23,SKU-024,RET-059,34,164.23
2026-06-24,SKU-024,RET-076,36,164.23
2026-06-25,SKU-024,RET-098,35,164.23
2026-06-26,SKU-024,RET-037,40,164.23
2026-06-27,SKU-024,RET-054,53,164.23
2026-06-28,SKU-024,RET-052,45,164.23
2026-06-29,SKU-024,RET-069,40,164.23
2026-06-30,SKU-024,RET-041,52,164.23
2026-07-01,SKU-024,RET-034,46,164.23
2026-07-02,SKU-024,RET-032,38,164.23
2026-07-03,SKU-024,RET-035,44,164.23
2026-07-04,SKU-024,RET-082,54,164.23
2026-07-05,SKU-024,RET-083,34,164.23
2026-07-06,SKU-024,RET-020,52,164.23
2026-07-07,SKU-024,RET-094,39,164.23
2026-07-08,SKU-024,RET-073,35,164.23
2026-07-09,SKU-024,RET-049,40,164.23
2026-07-10,SKU-024,RET-071,42,164.23
2026-07-11,SKU-024,RET-095,41,164.23
2026-07-12,SKU-024,RET-057,43,164.23
2026-07-13,SKU-024,RET-030,41,164.23
2026-07-14,SKU-024,RET-023,33,164.23
2026-07-15,SKU-024,RET-047,38,164.23
2026-07-16,SKU-024,RET-087,29,164.23
2026-07-17,SKU-024,RET-088,39,164.23
2026-07-18,SKU-024,RET-080,41,164.23
2026-07-19,SKU-024,RET-053,39,164.23
2026-07-20,SKU-024,RET-069,30,164.23
2026-07-21,SKU-024,RET-098,33,164.23
2026-07-22,SKU-024,RET-049,43,164.23
2026-07-23,SKU-024,RET-071,47,164.23
2026-07-24,SKU-024,RET-057,48,164.23
2026-07-25,SKU-024,RET-003,42,164.23
2026-07-26,SKU-024,RET-012,33,164.23
2026-07-27,SKU-024,RET-004,32,164.23
2026-07-28,SKU-024,RET-080,44,164.23
2026-07-29,SKU-024,RET-060,33,164.23
2026-07-30,SKU-024,RET-065,39,164.23
2026-07-31,SKU-024,RET-050,32,164.23
2026-08-01,SKU-024,RET-027,49,164.23
2026-08-02,SKU-024,RET-031,29,164.23
2026-08-03,SKU-024,RET-044,46,164.23
2026-08-04,SKU-024,RET-044,25,164.23
2026-08-05,SKU-024,RET-058,37,164.23
2026-08-06,SKU-024,RET-035,39,164.23
2026-08-07,SKU-024,RET-051,38,164.23
2026-08-08,SKU-024,RET-082,45,164.23
2026-08-09,SKU-024,RET-091,29,164.23
2026-08-10,SKU-024,RET-006,28,164.23
2026-08-11,SKU-024,RET-072,26,164.23
2026-08-12,SKU-024,RET-086,45,164.23
2026-08-13,SKU-024,RET-007,28,164.23
2026-08-14,SKU-024,RET-018,45,164.23
2026-08-15,SKU-024,RET-004,43,164.23
2026-08-16,SKU-024,RET-075,33,164.23
2026-08-17,SKU-024,RET-064,31,164.23
2026-08-18,SKU-024,RET-100,32,164.23
2026-08-19,SKU-024,RET-044,33,164.23
2026-08-20,SKU-024,RET-088,39,164.23
2026-08-21,SKU-024,RET-005,41,164.23
2026-08-22,SKU-024,RET-026,42,164.23
2026-08-23,SKU-024,RET-029,32,164.23
2026-08-24,SKU-024,RET-058,36,164.23
2026-08-25,SKU-024,RET-068,36,164.23
2025-08-26,SKU-025,RET-067,12,192.57
2025-08-27,SKU-025,RET-002,10,192.57
2025-08-28,SKU-025,RET-052,10,192.57
2025-08-29,SKU-025,RET-039,8,192.57
2025-08-30,SKU-025,RET-030,20,192.57
2025-08-31,SKU-025,RET-088,11,192.57
2025-09-01,SKU-025,RET-096,14,192.57
2025-09-02,SKU-025,RET-046,15,192.57
2025-09-03,SKU-025,RET-100,13,192.57
2025-09-04,SKU-025,RET-083,17,192.57
2025-09-05,SKU-025,RET-029,19,192.57
2025-09-06,SKU-025,RET-093,14,192.57
2025-09-07,SKU-025,RET-042,5,192.57
2025-09-08,SKU-025,RET-064,14,192.57
2025-09-09,SKU-025,RET-063,12,192.57
2025-09-10,SKU-025,RET-086,9,192.57
2025-09-11,SKU-025,RET-089,18,192.57
2025-09-12,SKU-025,RET-054,13,192.57
2025-09-13,SKU-025,RET-045,16,192.57
2025-09-14,SKU-025,RET-027,17,192.57
2025-09-15,SKU-025,RET-035,17,192.57
2025-09-16,SKU-025,RET-056,6,192.57
2025-09-17,SKU-025,RET-072,12,192.57
2025-09-18,SKU-025,RET-054,6,192.57
2025-09-19,SKU-025,RET-040,13,192.57
2025-09-20,SKU-025,RET-098,14,192.57
2025-09-21,SKU-025,RET-064,13,192.57
2025-09-22,SKU-025,RET-061,8,192.57
2025-09-23,SKU-025,RET-016,14,192.57
2025-09-24,SKU-025,RET-016,12,192.57
2025-09-25,SKU-025,RET-038,10,192.57
2025-09-26,SKU-025,RET-060,12,192.57
2025-09-27,SKU-025,RET-053,18,192.57
2025-09-28,SKU-025,RET-078,12,192.57
2025-09-29,SKU-025,RET-085,5,192.57
2025-09-30,SKU-025,RET-025,16,192.57
2025-10-01,SKU-025,RET-009,10,192.57
2025-10-02,SKU-025,RET-096,13,192.57
2025-10-03,SKU-025,RET-065,13,192.57
2025-10-04,SKU-025,RET-086,16,192.57
2025-10-05,SKU-025,RET-044,12,192.57
2025-10-06,SKU-025,RET-046,19,192.57
2025-10-07,SKU-025,RET-018,12,192.57
2025-10-08,SKU-025,RET-015,21,192.57
2025-10-09,SKU-025,RET-047,16,192.57
2025-10-10,SKU-025,RET-100,17,192.57
2025-10-11,SKU-025,RET-083,22,192.57
2025-10-12,SKU-025,RET-060,18,192.57
2025-10-13,SKU-025,RET-021,9,192.57
2025-10-14,SKU-025,RET-099,12,192.57
2025-10-15,SKU-025,RET-033,13,192.57
2025-10-16,SKU-025,RET-077,8,192.57
2025-10-17,SKU-025,RET-014,16,192.57
2025-10-18,SKU-025,RET-091,14,192.57
2025-10-19,SKU-025,RET-095,17,192.57
2025-10-20,SKU-025,RET-013,17,192.57
2025-10-21,SKU-025,RET-093,10,192.57
2025-10-22,SKU-025,RET-015,17,192.57
2025-10-23,SKU-025,RET-082,18,192.57
2025-10-24,SKU-025,RET-011,22,192.57
2025-10-25,SKU-025,RET-094,23,192.57
2025-10-26,SKU-025,RET-055,8,192.57
2025-10-27,SKU-025,RET-026,12,192.57
2025-10-28,SKU-025,RET-036,20,192.57
2025-10-29,SKU-025,RET-039,17,192.57
2025-10-30,SKU-025,RET-080,17,192.57
2025-10-31,SKU-025,RET-016,20,192.57
2025-11-01,SKU-025,RET-035,17,192.57
2025-11-02,SKU-025,RET-086,16,192.57
2025-11-03,SKU-025,RET-034,19,192.57
2025-11-04,SKU-025,RET-003,10,192.57
2025-11-05,SKU-025,RET-065,17,192.57
2025-11-06,SKU-025,RET-011,15,192.57
2025-11-07,SKU-025,RET-053,18,192.57
2025-11-08,SKU-025,RET-058,27,192.57
2025-11-09,SKU-025,RET-076,11,192.57
2025-11-10,SKU-025,RET-034,21,192.57
2025-11-11,SKU-025,RET-089,11,192.57
2025-11-12,SKU-025,RET-065,15,192.57
2025-11-13,SKU-025,RET-076,17,192.57
2025-11-14,SKU-025,RET-004,18,192.57
2025-11-15,SKU-025,RET-001,22,192.57
2025-11-16,SKU-025,RET-022,16,192.57
2025-11-17,SKU-025,RET-067,11,192.57
2025-11-18,SKU-025,RET-057,7,192.57
2025-11-19,SKU-025,RET-036,14,192.57
2025-11-20,SKU-025,RET-064,17,192.57
2025-11-21,SKU-025,RET-016,14,192.57
2025-11-22,SKU-025,RET-040,21,192.57
2025-11-23,SKU-025,RET-055,12,192.57
2025-11-24,SKU-025,RET-081,16,192.57
2025-11-25,SKU-025,RET-071,16,192.57
2025-11-26,SKU-025,RET-026,20,192.57
2025-11-27,SKU-025,RET-023,14,192.57
2025-11-28,SKU-025,RET-038,19,192.57
2025-11-29,SKU-025,RET-019,17,192.57
2025-11-30,SKU-025,RET-093,16,192.57
2025-12-01,SKU-025,RET-028,19,192.57
2025-12-02,SKU-025,RET-019,6,192.57
2025-12-03,SKU-025,RET-087,11,192.57
2025-12-04,SKU-025,RET-046,9,192.57
2025-12-05,SKU-025,RET-089,13,192.57
2025-12-06,SKU-025,RET-007,18,192.57
2025-12-07,SKU-025,RET-095,13,192.57
2025-12-08,SKU-025,RET-062,16,192.57
2025-12-09,SKU-025,RET-035,10,192.57
2025-12-10,SKU-025,RET-057,11,192.57
2025-12-11,SKU-025,RET-063,17,192.57
2025-12-12,SKU-025,RET-026,15,192.57
2025-12-13,SKU-025,RET-066,11,192.57
2025-12-14,SKU-025,RET-066,3,192.57
2025-12-15,SKU-025,RET-012,16,192.57
2025-12-16,SKU-025,RET-056,10,192.57
2025-12-17,SKU-025,RET-013,14,192.57
2025-12-18,SKU-025,RET-097,18,192.57
2025-12-19,SKU-025,RET-069,24,192.57
2025-12-20,SKU-025,RET-016,10,192.57
2025-12-21,SKU-025,RET-056,14,192.57
2025-12-22,SKU-025,RET-046,13,192.57
2025-12-23,SKU-025,RET-028,7,192.57
2025-12-24,SKU-025,RET-038,16,192.57
2025-12-25,SKU-025,RET-100,16,192.57
2025-12-26,SKU-025,RET-017,22,192.57
2025-12-27,SKU-025,RET-039,12,192.57
2025-12-28,SKU-025,RET-098,13,192.57
2025-12-29,SKU-025,RET-029,14,192.57
2025-12-30,SKU-025,RET-080,17,192.57
2025-12-31,SKU-025,RET-095,15,192.57
2026-01-01,SKU-025,RET-033,19,192.57
2026-01-02,SKU-025,RET-066,28,192.57
2026-01-03,SKU-025,RET-050,11,192.57
2026-01-04,SKU-025,RET-086,13,192.57
2026-01-05,SKU-025,RET-097,12,192.57
2026-01-06,SKU-025,RET-040,13,192.57
2026-01-07,SKU-025,RET-066,13,192.57
2026-01-08,SKU-025,RET-029,13,192.57
2026-01-09,SKU-025,RET-076,19,192.57
2026-01-10,SKU-025,RET-088,20,192.57
2026-01-11,SKU-025,RET-011,14,192.57
2026-01-12,SKU-025,RET-087,11,192.57
2026-01-13,SKU-025,RET-028,12,192.57
2026-01-14,SKU-025,RET-041,19,192.57
2026-01-15,SKU-025,RET-078,16,192.57
2026-01-16,SKU-025,RET-023,12,192.57
2026-01-17,SKU-025,RET-061,16,192.57
2026-01-18,SKU-025,RET-045,18,192.57
2026-01-19,SKU-025,RET-091,7,192.57
2026-01-20,SKU-025,RET-056,19,192.57
2026-01-21,SKU-025,RET-023,19,192.57
2026-01-22,SKU-025,RET-015,12,192.57
2026-01-23,SKU-025,RET-019,31,192.57
2026-01-24,SKU-025,RET-015,22,192.57
2026-01-25,SKU-025,RET-055,8,192.57
2026-01-26,SKU-025,RET-022,12,192.57
2026-01-27,SKU-025,RET-064,17,192.57
2026-01-28,SKU-025,RET-019,18,192.57
2026-01-29,SKU-025,RET-047,17,192.57
2026-01-30,SKU-025,RET-032,18,192.57
2026-01-31,SKU-025,RET-023,14,192.57
2026-02-01,SKU-025,RET-099,14,192.57
2026-02-02,SKU-025,RET-053,7,192.57
2026-02-03,SKU-025,RET-049,17,192.57
2026-02-04,SKU-025,RET-049,20,192.57
2026-02-05,SKU-025,RET-015,15,192.57
2026-02-06,SKU-025,RET-007,17,192.57
2026-02-07,SKU-025,RET-042,20,192.57
2026-02-08,SKU-025,RET-096,17,192.57
2026-02-09,SKU-025,RET-017,20,192.57
2026-02-10,SKU-025,RET-072,13,192.57
2026-02-11,SKU-025,RET-075,23,192.57
2026-02-12,SKU-025,RET-055,16,192.57
2026-02-13,SKU-025,RET-005,17,192.57
2026-02-14,SKU-025,RET-030,21,192.57
2026-02-15,SKU-025,RET-035,26,192.57
2026-02-16,SKU-025,RET-024,16,192.57
2026-02-17,SKU-025,RET-097,18,192.57
2026-02-18,SKU-025,RET-053,18,192.57
2026-02-19,SKU-025,RET-033,15,192.57
2026-02-20,SKU-025,RET-010,16,192.57
2026-02-21,SKU-025,RET-076,17,192.57
2026-02-22,SKU-025,RET-038,15,192.57
2026-02-23,SKU-025,RET-063,16,192.57
2026-02-24,SKU-025,RET-015,14,192.57
2026-02-25,SKU-025,RET-064,21,192.57
2026-02-26,SKU-025,RET-041,12,192.57
2026-02-27,SKU-025,RET-098,26,192.57
2026-02-28,SKU-025,RET-071,26,192.57
2026-03-01,SKU-025,RET-074,12,192.57
2026-03-02,SKU-025,RET-075,15,192.57
2026-03-03,SKU-025,RET-066,16,192.57
2026-03-04,SKU-025,RET-068,13,192.57
2026-03-05,SKU-025,RET-014,15,192.57
2026-03-06,SKU-025,RET-086,21,192.57
2026-03-07,SKU-025,RET-035,17,192.57
2026-03-08,SKU-025,RET-011,16,192.57
2026-03-09,SKU-025,RET-085,15,192.57
2026-03-10,SKU-025,RET-047,19,192.57
2026-03-11,SKU-025,RET-100,18,192.57
2026-03-12,SKU-025,RET-068,13,192.57
2026-03-13,SKU-025,RET-072,19,192.57
2026-03-14,SKU-025,RET-028,23,192.57
2026-03-15,SKU-025,RET-042,10,192.57
2026-03-16,SKU-025,RET-057,9,192.57
2026-03-17,SKU-025,RET-006,11,192.57
2026-03-18,SKU-025,RET-048,22,192.57
2026-03-19,SKU-025,RET-073,12,192.57
2026-03-20,SKU-025,RET-047,15,192.57
2026-03-21,SKU-025,RET-071,27,192.57
2026-03-22,SKU-025,RET-021,13,192.57
2026-03-23,SKU-025,RET-055,10,192.57
2026-03-24,SKU-025,RET-099,16,192.57
2026-03-25,SKU-025,RET-032,15,192.57
2026-03-26,SKU-025,RET-091,12,192.57
2026-03-27,SKU-025,RET-087,21,192.57
2026-03-28,SKU-025,RET-037,17,192.57
2026-03-29,SKU-025,RET-055,13,192.57
2026-03-30,SKU-025,RET-027,21,192.57
2026-03-31,SKU-025,RET-069,23,192.57
2026-04-01,SKU-025,RET-050,12,192.57
2026-04-02,SKU-025,RET-098,18,192.57
2026-04-03,SKU-025,RET-035,19,192.57
2026-04-04,SKU-025,RET-044,19,192.57
2026-04-05,SKU-025,RET-028,11,192.57
2026-04-06,SKU-025,RET-061,19,192.57
2026-04-07,SKU-025,RET-078,17,192.57
2026-04-08,SKU-025,RET-020,14,192.57
2026-04-09,SKU-025,RET-033,20,192.57
2026-04-10,SKU-025,RET-042,25,192.57
2026-04-11,SKU-025,RET-036,12,192.57
2026-04-12,SKU-025,RET-025,9,192.57
2026-04-13,SKU-025,RET-067,20,192.57
2026-04-14,SKU-025,RET-031,18,192.57
2026-04-15,SKU-025,RET-076,19,192.57
2026-04-16,SKU-025,RET-045,13,192.57
2026-04-17,SKU-025,RET-099,13,192.57
2026-04-18,SKU-025,RET-010,15,192.57
2026-04-19,SKU-025,RET-053,16,192.57
2026-04-20,SKU-025,RET-019,26,192.57
2026-04-21,SKU-025,RET-100,14,192.57
2026-04-22,SKU-025,RET-009,15,192.57
2026-04-23,SKU-025,RET-077,10,192.57
2026-04-24,SKU-025,RET-100,17,192.57
2026-04-25,SKU-025,RET-088,20,192.57
2026-04-26,SKU-025,RET-039,15,192.57
2026-04-27,SKU-025,RET-100,14,192.57
2026-04-28,SKU-025,RET-076,10,192.57
2026-04-29,SKU-025,RET-095,25,192.57
2026-04-30,SKU-025,RET-065,17,192.57
2026-05-01,SKU-025,RET-097,15,192.57
2026-05-02,SKU-025,RET-043,23,192.57
2026-05-03,SKU-025,RET-019,14,192.57
2026-05-04,SKU-025,RET-046,16,192.57
2026-05-05,SKU-025,RET-084,16,192.57
2026-05-06,SKU-025,RET-034,18,192.57
2026-05-07,SKU-025,RET-043,15,192.57
2026-05-08,SKU-025,RET-039,26,192.57
2026-05-09,SKU-025,RET-085,21,192.57
2026-05-10,SKU-025,RET-011,14,192.57
2026-05-11,SKU-025,RET-036,18,192.57
2026-05-12,SKU-025,RET-089,17,192.57
2026-05-13,SKU-025,RET-049,22,192.57
2026-05-14,SKU-025,RET-036,12,192.57
2026-05-15,SKU-025,RET-074,19,192.57
2026-05-16,SKU-025,RET-088,16,192.57
2026-05-17,SKU-025,RET-087,16,192.57
2026-05-18,SKU-025,RET-011,18,192.57
2026-05-19,SKU-025,RET-036,17,192.57
2026-05-20,SKU-025,RET-015,14,192.57
2026-05-21,SKU-025,RET-041,17,192.57
2026-05-22,SKU-025,RET-012,16,192.57
2026-05-23,SKU-025,RET-052,22,192.57
2026-05-24,SKU-025,RET-026,20,192.57
2026-05-25,SKU-025,RET-062,14,192.57
2026-05-26,SKU-025,RET-080,11,192.57
2026-05-27,SKU-025,RET-087,13,192.57
2026-05-28,SKU-025,RET-032,11,192.57
2026-05-29,SKU-025,RET-092,15,192.57
2026-05-30,SKU-025,RET-086,14,192.57
2026-05-31,SKU-025,RET-029,17,192.57
2026-06-01,SKU-025,RET-029,12,192.57
2026-06-02,SKU-025,RET-005,18,192.57
2026-06-03,SKU-025,RET-010,10,192.57
2026-06-04,SKU-025,RET-053,14,192.57
2026-06-05,SKU-025,RET-040,21,192.57
2026-06-06,SKU-025,RET-001,22,192.57
2026-06-07,SKU-025,RET-026,20,192.57
2026-06-08,SKU-025,RET-094,18,192.57
2026-06-09,SKU-025,RET-041,11,192.57
2026-06-10,SKU-025,RET-060,14,192.57
2026-06-11,SKU-025,RET-083,11,192.57
2026-06-12,SKU-025,RET-013,17,192.57
2026-06-13,SKU-025,RET-081,23,192.57
2026-06-14,SKU-025,RET-091,26,192.57
2026-06-15,SKU-025,RET-097,16,192.57
2026-06-16,SKU-025,RET-086,14,192.57
2026-06-17,SKU-025,RET-044,11,192.57
2026-06-18,SKU-025,RET-008,13,192.57
2026-06-19,SKU-025,RET-068,20,192.57
2026-06-20,SKU-025,RET-012,20,192.57
2026-06-21,SKU-025,RET-070,19,192.57
2026-06-22,SKU-025,RET-013,11,192.57
2026-06-23,SKU-025,RET-054,13,192.57
2026-06-24,SKU-025,RET-024,13,192.57
2026-06-25,SKU-025,RET-009,16,192.57
2026-06-26,SKU-025,RET-015,19,192.57
2026-06-27,SKU-025,RET-074,21,192.57
2026-06-28,SKU-025,RET-023,16,192.57
2026-06-29,SKU-025,RET-057,13,192.57
2026-06-30,SKU-025,RET-013,9,192.57
2026-07-01,SKU-025,RET-070,17,192.57
2026-07-02,SKU-025,RET-009,13,192.57
2026-07-03,SKU-025,RET-045,15,192.57
2026-07-04,SKU-025,RET-026,16,192.57
2026-07-05,SKU-025,RET-074,18,192.57
2026-07-06,SKU-025,RET-056,10,192.57
2026-07-07,SKU-025,RET-029,13,192.57
2026-07-08,SKU-025,RET-023,12,192.57
2026-07-09,SKU-025,RET-056,12,192.57
2026-07-10,SKU-025,RET-081,18,192.57
2026-07-11,SKU-025,RET-028,10,192.57
2026-07-12,SKU-025,RET-061,15,192.57
2026-07-13,SKU-025,RET-054,10,192.57
2026-07-14,SKU-025,RET-008,9,192.57
2026-07-15,SKU-025,RET-092,12,192.57
2026-07-16,SKU-025,RET-091,19,192.57
2026-07-17,SKU-025,RET-035,16,192.57
2026-07-18,SKU-025,RET-046,15,192.57
2026-07-19,SKU-025,RET-076,16,192.57
2026-07-20,SKU-025,RET-023,15,192.57
2026-07-21,SKU-025,RET-054,11,192.57
2026-07-22,SKU-025,RET-006,13,192.57
2026-07-23,SKU-025,RET-089,17,192.57
2026-07-24,SKU-025,RET-084,16,192.57
2026-07-25,SKU-025,RET-023,16,192.57
2026-07-26,SKU-025,RET-046,10,192.57
2026-07-27,SKU-025,RET-064,18,192.57
2026-07-28,SKU-025,RET-091,10,192.57
2026-07-29,SKU-025,RET-094,9,192.57
2026-07-30,SKU-025,RET-007,8,192.57
2026-07-31,SKU-025,RET-081,16,192.57
2026-08-01,SKU-025,RET-068,15,192.57
2026-08-02,SKU-025,RET-011,19,192.57
2026-08-03,SKU-025,RET-062,19,192.57
2026-08-04,SKU-025,RET-091,17,192.57
2026-08-05,SKU-025,RET-012,17,192.57
2026-08-06,SKU-025,RET-048,15,192.57
2026-08-07,SKU-025,RET-018,15,192.57
2026-08-08,SKU-025,RET-010,12,192.57
2026-08-09,SKU-025,RET-094,17,192.57
2026-08-10,SKU-025,RET-017,11,192.57
2026-08-11,SKU-025,RET-041,11,192.57
2026-08-12,SKU-025,RET-029,13,192.57
2026-08-13,SKU-025,RET-053,11,192.57
2026-08-14,SKU-025,RET-010,21,192.57
2026-08-15,SKU-025,RET-097,13,192.57
2026-08-16,SKU-025,RET-010,11,192.57
2026-08-17,SKU-025,RET-046,13,192.57
2026-08-18,SKU-025,RET-063,16,192.57
2026-08-19,SKU-025,RET-037,14,192.57
2026-08-20,SKU-025,RET-045,16,192.57
2026-08-21,SKU-025,RET-067,14,192.57
2026-08-22,SKU-025,RET-050,16,192.57
2026-08-23,SKU-025,RET-064,12,192.57
2026-08-24,SKU-025,RET-026,9,192.57
2026-08-25,SKU-025,RET-047,12,192.57
2025-08-26,SKU-026,RET-056,14,141.52
2025-08-27,SKU-026,RET-048,15,141.52
2025-08-28,SKU-026,RET-037,10,141.52
2025-08-29,SKU-026,RET-025,7,141.52
2025-08-30,SKU-026,RET-085,10,141.52
2025-08-31,SKU-026,RET-015,17,141.52
2025-09-01,SKU-026,RET-085,6,141.52
2025-09-02,SKU-026,RET-043,9,141.52
2025-09-03,SKU-026,RET-041,11,141.52
2025-09-04,SKU-026,RET-070,13,141.52
2025-09-05,SKU-026,RET-019,18,141.52
2025-09-06,SKU-026,RET-092,16,141.52
2025-09-07,SKU-026,RET-015,15,141.52
2025-09-08,SKU-026,RET-067,12,141.52
2025-09-09,SKU-026,RET-022,5,141.52
2025-09-10,SKU-026,RET-060,9,141.52
2025-09-11,SKU-026,RET-019,11,141.52
2025-09-12,SKU-026,RET-079,18,141.52
2025-09-13,SKU-026,RET-043,15,141.52
2025-09-14,SKU-026,RET-014,13,141.52
2025-09-15,SKU-026,RET-060,13,141.52
2025-09-16,SKU-026,RET-043,10,141.52
2025-09-17,SKU-026,RET-099,18,141.52
2025-09-18,SKU-026,RET-080,20,141.52
2025-09-19,SKU-026,RET-012,11,141.52
2025-09-20,SKU-026,RET-068,21,141.52
2025-09-21,SKU-026,RET-099,11,141.52
2025-09-22,SKU-026,RET-043,16,141.52
2025-09-23,SKU-026,RET-024,13,141.52
2025-09-24,SKU-026,RET-052,15,141.52
2025-09-25,SKU-026,RET-013,12,141.52
2025-09-26,SKU-026,RET-046,17,141.52
2025-09-27,SKU-026,RET-032,16,141.52
2025-09-28,SKU-026,RET-086,13,141.52
2025-09-29,SKU-026,RET-054,11,141.52
2025-09-30,SKU-026,RET-090,13,141.52
2025-10-01,SKU-026,RET-095,21,141.52
2025-10-02,SKU-026,RET-039,12,141.52
2025-10-03,SKU-026,RET-032,22,141.52
2025-10-04,SKU-026,RET-066,21,141.52
2025-10-05,SKU-026,RET-008,16,141.52
2025-10-06,SKU-026,RET-037,15,141.52
2025-10-07,SKU-026,RET-029,15,141.52
2025-10-08,SKU-026,RET-078,16,141.52
2025-10-09,SKU-026,RET-073,16,141.52
2025-10-10,SKU-026,RET-018,14,141.52
2025-10-11,SKU-026,RET-015,22,141.52
2025-10-12,SKU-026,RET-030,26,141.52
2025-10-13,SKU-026,RET-014,19,141.52
2025-10-14,SKU-026,RET-066,13,141.52
2025-10-15,SKU-026,RET-013,21,141.52
2025-10-16,SKU-026,RET-090,12,141.52
2025-10-17,SKU-026,RET-083,15,141.52
2025-10-18,SKU-026,RET-019,19,141.52
2025-10-19,SKU-026,RET-012,13,141.52
2025-10-20,SKU-026,RET-096,18,141.52
2025-10-21,SKU-026,RET-052,20,141.52
2025-10-22,SKU-026,RET-080,18,141.52
2025-10-23,SKU-026,RET-015,12,141.52
2025-10-24,SKU-026,RET-069,12,141.52
2025-10-25,SKU-026,RET-076,15,141.52
2025-10-26,SKU-026,RET-016,20,141.52
2025-10-27,SKU-026,RET-032,9,141.52
2025-10-28,SKU-026,RET-097,14,141.52
2025-10-29,SKU-026,RET-032,12,141.52
2025-10-30,SKU-026,RET-059,23,141.52
2025-10-31,SKU-026,RET-078,14,141.52
2025-11-01,SKU-026,RET-001,20,141.52
2025-11-02,SKU-026,RET-062,23,141.52
2025-11-03,SKU-026,RET-012,23,141.52
2025-11-04,SKU-026,RET-018,16,141.52
2025-11-05,SKU-026,RET-050,12,141.52
2025-11-06,SKU-026,RET-093,17,141.52
2025-11-07,SKU-026,RET-072,23,141.52
2025-11-08,SKU-026,RET-033,19,141.52
2025-11-09,SKU-026,RET-033,22,141.52
2025-11-10,SKU-026,RET-046,15,141.52
2025-11-11,SKU-026,RET-065,16,141.52
2025-11-12,SKU-026,RET-094,15,141.52
2025-11-13,SKU-026,RET-096,20,141.52
2025-11-14,SKU-026,RET-014,18,141.52
2025-11-15,SKU-026,RET-046,20,141.52
2025-11-16,SKU-026,RET-025,20,141.52
2025-11-17,SKU-026,RET-008,13,141.52
2025-11-18,SKU-026,RET-012,24,141.52
2025-11-19,SKU-026,RET-099,18,141.52
2025-11-20,SKU-026,RET-091,17,141.52
2025-11-21,SKU-026,RET-091,18,141.52
2025-11-22,SKU-026,RET-030,22,141.52
2025-11-23,SKU-026,RET-052,19,141.52
2025-11-24,SKU-026,RET-045,17,141.52
2025-11-25,SKU-026,RET-029,19,141.52
2025-11-26,SKU-026,RET-096,23,141.52
2025-11-27,SKU-026,RET-041,19,141.52
2025-11-28,SKU-026,RET-059,24,141.52
2025-11-29,SKU-026,RET-080,19,141.52
2025-11-30,SKU-026,RET-068,19,141.52
2025-12-01,SKU-026,RET-073,12,141.52
2025-12-02,SKU-026,RET-084,19,141.52
2025-12-03,SKU-026,RET-082,20,141.52
2025-12-04,SKU-026,RET-075,19,141.52
2025-12-05,SKU-026,RET-096,15,141.52
2025-12-06,SKU-026,RET-085,22,141.52
2025-12-07,SKU-026,RET-061,16,141.52
2025-12-08,SKU-026,RET-074,6,141.52
2025-12-09,SKU-026,RET-019,13,141.52
2025-12-10,SKU-026,RET-050,18,141.52
2025-12-11,SKU-026,RET-080,13,141.52
2025-12-12,SKU-026,RET-028,8,141.52
2025-12-13,SKU-026,RET-049,19,141.52
2025-12-14,SKU-026,RET-005,11,141.52
2025-12-15,SKU-026,RET-016,6,141.52
2025-12-16,SKU-026,RET-032,16,141.52
2025-12-17,SKU-026,RET-077,12,141.52
2025-12-18,SKU-026,RET-066,13,141.52
2025-12-19,SKU-026,RET-044,18,141.52
2025-12-20,SKU-026,RET-084,16,141.52
2025-12-21,SKU-026,RET-068,16,141.52
2025-12-22,SKU-026,RET-059,18,141.52
2025-12-23,SKU-026,RET-025,15,141.52
2025-12-24,SKU-026,RET-040,19,141.52
2025-12-25,SKU-026,RET-003,16,141.52
2025-12-26,SKU-026,RET-066,20,141.52
2025-12-27,SKU-026,RET-050,11,141.52
2025-12-28,SKU-026,RET-038,15,141.52
2025-12-29,SKU-026,RET-022,12,141.52
2025-12-30,SKU-026,RET-074,26,141.52
2025-12-31,SKU-026,RET-084,20,141.52
2026-01-01,SKU-026,RET-073,11,141.52
2026-01-02,SKU-026,RET-060,19,141.52
2026-01-03,SKU-026,RET-081,20,141.52
2026-01-04,SKU-026,RET-011,15,141.52
2026-01-05,SKU-026,RET-082,10,141.52
2026-01-06,SKU-026,RET-091,14,141.52
2026-01-07,SKU-026,RET-008,18,141.52
2026-01-08,SKU-026,RET-049,13,141.52
2026-01-09,SKU-026,RET-053,15,141.52
2026-01-10,SKU-026,RET-017,21,141.52
2026-01-11,SKU-026,RET-051,13,141.52
2026-01-12,SKU-026,RET-090,17,141.52
2026-01-13,SKU-026,RET-068,22,141.52
2026-01-14,SKU-026,RET-075,15,141.52
2026-01-15,SKU-026,RET-062,19,141.52
2026-01-16,SKU-026,RET-060,13,141.52
2026-01-17,SKU-026,RET-045,12,141.52
2026-01-18,SKU-026,RET-046,17,141.52
2026-01-19,SKU-026,RET-004,13,141.52
2026-01-20,SKU-026,RET-049,14,141.52
2026-01-21,SKU-026,RET-081,23,141.52
2026-01-22,SKU-026,RET-033,15,141.52
2026-01-23,SKU-026,RET-070,19,141.52
2026-01-24,SKU-026,RET-053,15,141.52
2026-01-25,SKU-026,RET-038,13,141.52
2026-01-26,SKU-026,RET-005,21,141.52
2026-01-27,SKU-026,RET-019,16,141.52
2026-01-28,SKU-026,RET-003,21,141.52
2026-01-29,SKU-026,RET-020,12,141.52
2026-01-30,SKU-026,RET-060,17,141.52
2026-01-31,SKU-026,RET-059,16,141.52
2026-02-01,SKU-026,RET-050,14,141.52
2026-02-02,SKU-026,RET-032,17,141.52
2026-02-03,SKU-026,RET-032,16,141.52
2026-02-04,SKU-026,RET-032,14,141.52
2026-02-05,SKU-026,RET-062,12,141.52
2026-02-06,SKU-026,RET-028,17,141.52
2026-02-07,SKU-026,RET-085,21,141.52
2026-02-08,SKU-026,RET-075,19,141.52
2026-02-09,SKU-026,RET-045,14,141.52
2026-02-10,SKU-026,RET-025,26,141.52
2026-02-11,SKU-026,RET-017,21,141.52
2026-02-12,SKU-026,RET-065,18,141.52
2026-02-13,SKU-026,RET-064,23,141.52
2026-02-14,SKU-026,RET-084,17,141.52
2026-02-15,SKU-026,RET-083,17,141.52
2026-02-16,SKU-026,RET-053,15,141.52
2026-02-17,SKU-026,RET-020,21,141.52
2026-02-18,SKU-026,RET-091,20,141.52
2026-02-19,SKU-026,RET-092,17,141.52
2026-02-20,SKU-026,RET-043,23,141.52
2026-02-21,SKU-026,RET-066,17,141.52
2026-02-22,SKU-026,RET-006,16,141.52
2026-02-23,SKU-026,RET-057,21,141.52
2026-02-24,SKU-026,RET-066,19,141.52
2026-02-25,SKU-026,RET-018,19,141.52
2026-02-26,SKU-026,RET-031,15,141.52
2026-02-27,SKU-026,RET-038,16,141.52
2026-02-28,SKU-026,RET-073,19,141.52
2026-03-01,SKU-026,RET-005,23,141.52
2026-03-02,SKU-026,RET-060,27,141.52
2026-03-03,SKU-026,RET-077,24,141.52
2026-03-04,SKU-026,RET-028,18,141.52
2026-03-05,SKU-026,RET-085,17,141.52
2026-03-06,SKU-026,RET-048,23,141.52
2026-03-07,SKU-026,RET-009,21,141.52
2026-03-08,SKU-026,RET-001,25,141.52
2026-03-09,SKU-026,RET-072,10,141.52
2026-03-10,SKU-026,RET-083,16,141.52
2026-03-11,SKU-026,RET-026,22,141.52
2026-03-12,SKU-026,RET-058,20,141.52
2026-03-13,SKU-026,RET-011,22,141.52
2026-03-14,SKU-026,RET-032,23,141.52
2026-03-15,SKU-026,RET-031,24,141.52
2026-03-16,SKU-026,RET-079,17,141.52
2026-03-17,SKU-026,RET-094,15,141.52
2026-03-18,SKU-026,RET-033,28,141.52
2026-03-19,SKU-026,RET-097,24,141.52
2026-03-20,SKU-026,RET-087,22,141.52
2026-03-21,SKU-026,RET-017,21,141.52
2026-03-22,SKU-026,RET-083,29,141.52
2026-03-23,SKU-026,RET-052,14,141.52
2026-03-24,SKU-026,RET-057,24,141.52
2026-03-25,SKU-026,RET-051,15,141.52
2026-03-26,SKU-026,RET-041,15,141.52
2026-03-27,SKU-026,RET-047,19,141.52
2026-03-28,SKU-026,RET-073,17,141.52
2026-03-29,SKU-026,RET-044,15,141.52
2026-03-30,SKU-026,RET-055,19,141.52
2026-03-31,SKU-026,RET-067,15,141.52
2026-04-01,SKU-026,RET-077,22,141.52
2026-04-02,SKU-026,RET-026,14,141.52
2026-04-03,SKU-026,RET-100,22,141.52
2026-04-04,SKU-026,RET-066,16,141.52
2026-04-05,SKU-026,RET-003,23,141.52
2026-04-06,SKU-026,RET-022,21,141.52
2026-04-07,SKU-026,RET-078,12,141.52
2026-04-08,SKU-026,RET-085,15,141.52
2026-04-09,SKU-026,RET-044,20,141.52
2026-04-10,SKU-026,RET-047,21,141.52
2026-04-11,SKU-026,RET-012,22,141.52
2026-04-12,SKU-026,RET-026,16,141.52
2026-04-13,SKU-026,RET-048,17,141.52
2026-04-14,SKU-026,RET-064,21,141.52
2026-04-15,SKU-026,RET-002,22,141.52
2026-04-16,SKU-026,RET-087,31,141.52
2026-04-17,SKU-026,RET-007,31,141.52
2026-04-18,SKU-026,RET-074,22,141.52
2026-04-19,SKU-026,RET-100,22,141.52
2026-04-20,SKU-026,RET-055,10,141.52
2026-04-21,SKU-026,RET-040,21,141.52
2026-04-22,SKU-026,RET-089,21,141.52
2026-04-23,SKU-026,RET-069,27,141.52
2026-04-24,SKU-026,RET-066,28,141.52
2026-04-25,SKU-026,RET-095,26,141.52
2026-04-26,SKU-026,RET-053,20,141.52
2026-04-27,SKU-026,RET-075,18,141.52
2026-04-28,SKU-026,RET-025,18,141.52
2026-04-29,SKU-026,RET-092,17,141.52
2026-04-30,SKU-026,RET-015,23,141.52
2026-05-01,SKU-026,RET-027,26,141.52
2026-05-02,SKU-026,RET-029,22,141.52
2026-05-03,SKU-026,RET-084,23,141.52
2026-05-04,SKU-026,RET-036,19,141.52
2026-05-05,SKU-026,RET-077,18,141.52
2026-05-06,SKU-026,RET-036,16,141.52
2026-05-07,SKU-026,RET-040,22,141.52
2026-05-08,SKU-026,RET-064,20,141.52
2026-05-09,SKU-026,RET-070,20,141.52
2026-05-10,SKU-026,RET-068,10,141.52
2026-05-11,SKU-026,RET-002,16,141.52
2026-05-12,SKU-026,RET-012,17,141.52
2026-05-13,SKU-026,RET-076,15,141.52
2026-05-14,SKU-026,RET-027,16,141.52
2026-05-15,SKU-026,RET-061,30,141.52
2026-05-16,SKU-026,RET-040,21,141.52
2026-05-17,SKU-026,RET-096,19,141.52
2026-05-18,SKU-026,RET-095,16,141.52
2026-05-19,SKU-026,RET-091,28,141.52
2026-05-20,SKU-026,RET-095,9,141.52
2026-05-21,SKU-026,RET-094,22,141.52
2026-05-22,SKU-026,RET-060,17,141.52
2026-05-23,SKU-026,RET-033,12,141.52
2026-05-24,SKU-026,RET-059,10,141.52
2026-05-25,SKU-026,RET-007,20,141.52
2026-05-26,SKU-026,RET-076,11,141.52
2026-05-27,SKU-026,RET-024,21,141.52
2026-05-28,SKU-026,RET-029,18,141.52
2026-05-29,SKU-026,RET-048,20,141.52
2026-05-30,SKU-026,RET-027,20,141.52
2026-05-31,SKU-026,RET-036,19,141.52
2026-06-01,SKU-026,RET-087,20,141.52
2026-06-02,SKU-026,RET-042,16,141.52
2026-06-03,SKU-026,RET-025,17,141.52
2026-06-04,SKU-026,RET-045,19,141.52
2026-06-05,SKU-026,RET-041,21,141.52
2026-06-06,SKU-026,RET-032,16,141.52
2026-06-07,SKU-026,RET-068,15,141.52
2026-06-08,SKU-026,RET-077,13,141.52
2026-06-09,SKU-026,RET-025,20,141.52
2026-06-10,SKU-026,RET-096,18,141.52
2026-06-11,SKU-026,RET-083,20,141.52
2026-06-12,SKU-026,RET-036,16,141.52
2026-06-13,SKU-026,RET-013,19,141.52
2026-06-14,SKU-026,RET-029,20,141.52
2026-06-15,SKU-026,RET-001,14,141.52
2026-06-16,SKU-026,RET-029,13,141.52
2026-06-17,SKU-026,RET-085,15,141.52
2026-06-18,SKU-026,RET-083,17,141.52
2026-06-19,SKU-026,RET-016,13,141.52
2026-06-20,SKU-026,RET-038,18,141.52
2026-06-21,SKU-026,RET-040,14,141.52
2026-06-22,SKU-026,RET-054,13,141.52
2026-06-23,SKU-026,RET-027,13,141.52
2026-06-24,SKU-026,RET-065,12,141.52
2026-06-25,SKU-026,RET-086,15,141.52
2026-06-26,SKU-026,RET-026,17,141.52
2026-06-27,SKU-026,RET-071,20,141.52
2026-06-28,SKU-026,RET-049,15,141.52
2026-06-29,SKU-026,RET-088,19,141.52
2026-06-30,SKU-026,RET-038,18,141.52
2026-07-01,SKU-026,RET-069,15,141.52
2026-07-02,SKU-026,RET-017,17,141.52
2026-07-03,SKU-026,RET-023,14,141.52
2026-07-04,SKU-026,RET-009,26,141.52
2026-07-05,SKU-026,RET-036,18,141.52
2026-07-06,SKU-026,RET-008,14,141.52
2026-07-07,SKU-026,RET-047,18,141.52
2026-07-08,SKU-026,RET-019,18,141.52
2026-07-09,SKU-026,RET-074,10,141.52
2026-07-10,SKU-026,RET-014,19,141.52
2026-07-11,SKU-026,RET-092,15,141.52
2026-07-12,SKU-026,RET-070,17,141.52
2026-07-13,SKU-026,RET-057,12,141.52
2026-07-14,SKU-026,RET-074,18,141.52
2026-07-15,SKU-026,RET-058,11,141.52
2026-07-16,SKU-026,RET-028,14,141.52
2026-07-17,SKU-026,RET-073,22,141.52
2026-07-18,SKU-026,RET-056,18,141.52
2026-07-19,SKU-026,RET-058,18,141.52
2026-07-20,SKU-026,RET-094,17,141.52
2026-07-21,SKU-026,RET-059,20,141.52
2026-07-22,SKU-026,RET-041,21,141.52
2026-07-23,SKU-026,RET-068,7,141.52
2026-07-24,SKU-026,RET-023,18,141.52
2026-07-25,SKU-026,RET-071,14,141.52
2026-07-26,SKU-026,RET-089,12,141.52
2026-07-27,SKU-026,RET-039,17,141.52
2026-07-28,SKU-026,RET-020,16,141.52
2026-07-29,SKU-026,RET-040,14,141.52
2026-07-30,SKU-026,RET-033,10,141.52
2026-07-31,SKU-026,RET-010,11,141.52
2026-08-01,SKU-026,RET-096,19,141.52
2026-08-02,SKU-026,RET-001,14,141.52
2026-08-03,SKU-026,RET-048,9,141.52
2026-08-04,SKU-026,RET-065,9,141.52
2026-08-05,SKU-026,RET-018,17,141.52
2026-08-06,SKU-026,RET-097,13,141.52
2026-08-07,SKU-026,RET-040,25,141.52
2026-08-08,SKU-026,RET-055,12,141.52
2026-08-09,SKU-026,RET-060,7,141.52
2026-08-10,SKU-026,RET-044,9,141.52
2026-08-11,SKU-026,RET-062,12,141.52
2026-08-12,SKU-026,RET-075,13,141.52
2026-08-13,SKU-026,RET-018,8,141.52
2026-08-14,SKU-026,RET-061,13,141.52
2026-08-15,SKU-026,RET-070,17,141.52
2026-08-16,SKU-026,RET-066,10,141.52
2026-08-17,SKU-026,RET-031,27,141.52
2026-08-18,SKU-026,RET-100,16,141.52
2026-08-19,SKU-026,RET-014,11,141.52
2026-08-20,SKU-026,RET-092,16,141.52
2026-08-21,SKU-026,RET-093,16,141.52
2026-08-22,SKU-026,RET-100,14,141.52
2026-08-23,SKU-026,RET-032,16,141.52
2026-08-24,SKU-026,RET-008,10,141.52
2026-08-25,SKU-026,RET-063,23,141.52
2025-08-26,SKU-027,RET-087,27,22.52
2025-08-27,SKU-027,RET-059,25,22.52
2025-08-28,SKU-027,RET-027,30,22.52
2025-08-29,SKU-027,RET-097,21,22.52
2025-08-30,SKU-027,RET-054,33,22.52
2025-08-31,SKU-027,RET-099,18,22.52
2025-09-01,SKU-027,RET-001,19,22.52
2025-09-02,SKU-027,RET-070,16,22.52
2025-09-03,SKU-027,RET-001,14,22.52
2025-09-04,SKU-027,RET-043,28,22.52
2025-09-05,SKU-027,RET-087,28,22.52
2025-09-06,SKU-027,RET-055,22,22.52
2025-09-07,SKU-027,RET-079,24,22.52
2025-09-08,SKU-027,RET-042,11,22.52
2025-09-09,SKU-027,RET-063,13,22.52
2025-09-10,SKU-027,RET-021,22,22.52
2025-09-11,SKU-027,RET-013,20,22.52
2025-09-12,SKU-027,RET-012,31,22.52
2025-09-13,SKU-027,RET-041,19,22.52
2025-09-14,SKU-027,RET-100,22,22.52
2025-09-15,SKU-027,RET-066,18,22.52
2025-09-16,SKU-027,RET-008,29,22.52
2025-09-17,SKU-027,RET-098,14,22.52
2025-09-18,SKU-027,RET-099,21,22.52
2025-09-19,SKU-027,RET-020,19,22.52
2025-09-20,SKU-027,RET-005,20,22.52
2025-09-21,SKU-027,RET-087,20,22.52
2025-09-22,SKU-027,RET-003,21,22.52
2025-09-23,SKU-027,RET-029,24,22.52
2025-09-24,SKU-027,RET-018,19,22.52
2025-09-25,SKU-027,RET-042,20,22.52
2025-09-26,SKU-027,RET-034,25,22.52
2025-09-27,SKU-027,RET-049,27,22.52
2025-09-28,SKU-027,RET-050,21,22.52
2025-09-29,SKU-027,RET-022,14,22.52
2025-09-30,SKU-027,RET-025,15,22.52
2025-10-01,SKU-027,RET-054,34,22.52
2025-10-02,SKU-027,RET-044,36,22.52
2025-10-03,SKU-027,RET-047,26,22.52
2025-10-04,SKU-027,RET-098,37,22.52
2025-10-05,SKU-027,RET-021,35,22.52
2025-10-06,SKU-027,RET-008,24,22.52
2025-10-07,SKU-027,RET-030,33,22.52
2025-10-08,SKU-027,RET-088,20,22.52
2025-10-09,SKU-027,RET-030,25,22.52
2025-10-10,SKU-027,RET-061,49,22.52
2025-10-11,SKU-027,RET-033,37,22.52
2025-10-12,SKU-027,RET-090,30,22.52
2025-10-13,SKU-027,RET-046,22,22.52
2025-10-14,SKU-027,RET-028,21,22.52
2025-10-15,SKU-027,RET-074,28,22.52
2025-10-16,SKU-027,RET-054,30,22.52
2025-10-17,SKU-027,RET-058,30,22.52
2025-10-18,SKU-027,RET-086,34,22.52
2025-10-19,SKU-027,RET-066,27,22.52
2025-10-20,SKU-027,RET-047,21,22.52
2025-10-21,SKU-027,RET-061,29,22.52
2025-10-22,SKU-027,RET-042,29,22.52
2025-10-23,SKU-027,RET-061,26,22.52
2025-10-24,SKU-027,RET-027,43,22.52
2025-10-25,SKU-027,RET-011,25,22.52
2025-10-26,SKU-027,RET-068,25,22.52
2025-10-27,SKU-027,RET-002,26,22.52
2025-10-28,SKU-027,RET-068,38,22.52
2025-10-29,SKU-027,RET-049,27,22.52
2025-10-30,SKU-027,RET-082,28,22.52
2025-10-31,SKU-027,RET-044,26,22.52
2025-11-01,SKU-027,RET-069,45,22.52
2025-11-02,SKU-027,RET-056,33,22.52
2025-11-03,SKU-027,RET-059,23,22.52
2025-11-04,SKU-027,RET-012,24,22.52
2025-11-05,SKU-027,RET-085,31,22.52
2025-11-06,SKU-027,RET-012,34,22.52
2025-11-07,SKU-027,RET-084,35,22.52
2025-11-08,SKU-027,RET-053,35,22.52
2025-11-09,SKU-027,RET-087,28,22.52
2025-11-10,SKU-027,RET-070,29,22.52
2025-11-11,SKU-027,RET-051,16,22.52
2025-11-12,SKU-027,RET-019,21,22.52
2025-11-13,SKU-027,RET-020,23,22.52
2025-11-14,SKU-027,RET-029,35,22.52
2025-11-15,SKU-027,RET-056,33,22.52
2025-11-16,SKU-027,RET-020,28,22.52
2025-11-17,SKU-027,RET-073,34,22.52
2025-11-18,SKU-027,RET-097,32,22.52
2025-11-19,SKU-027,RET-078,29,22.52
2025-11-20,SKU-027,RET-003,37,22.52
2025-11-21,SKU-027,RET-047,27,22.52
2025-11-22,SKU-027,RET-031,40,22.52
2025-11-23,SKU-027,RET-059,31,22.52
2025-11-24,SKU-027,RET-093,23,22.52
2025-11-25,SKU-027,RET-002,40,22.52
2025-11-26,SKU-027,RET-052,36,22.52
2025-11-27,SKU-027,RET-094,19,22.52
2025-11-28,SKU-027,RET-027,39,22.52
2025-11-29,SKU-027,RET-055,34,22.52
2025-11-30,SKU-027,RET-032,20,22.52
2025-12-01,SKU-027,RET-043,27,22.52
2025-12-02,SKU-027,RET-098,27,22.52
2025-12-03,SKU-027,RET-022,30,22.52
2025-12-04,SKU-027,RET-038,21,22.52
2025-12-05,SKU-027,RET-099,26,22.52
2025-12-06,SKU-027,RET-048,31,22.52
2025-12-07,SKU-027,RET-010,23,22.52
2025-12-08,SKU-027,RET-028,28,22.52
2025-12-09,SKU-027,RET-025,26,22.52
2025-12-10,SKU-027,RET-042,25,22.52
2025-12-11,SKU-027,RET-080,31,22.52
2025-12-12,SKU-027,RET-070,21,22.52
2025-12-13,SKU-027,RET-087,37,22.52
2025-12-14,SKU-027,RET-031,26,22.52
2025-12-15,SKU-027,RET-005,31,22.52
2025-12-16,SKU-027,RET-093,24,22.52
2025-12-17,SKU-027,RET-004,17,22.52
2025-12-18,SKU-027,RET-066,18,22.52
2025-12-19,SKU-027,RET-062,25,22.52
2025-12-20,SKU-027,RET-024,17,22.52
2025-12-21,SKU-027,RET-033,26,22.52
2025-12-22,SKU-027,RET-081,23,22.52
2025-12-23,SKU-027,RET-027,28,22.52
2025-12-24,SKU-027,RET-006,30,22.52
2025-12-25,SKU-027,RET-080,19,22.52
2025-12-26,SKU-027,RET-033,19,22.52
2025-12-27,SKU-027,RET-075,35,22.52
2025-12-28,SKU-027,RET-055,18,22.52
2025-12-29,SKU-027,RET-043,21,22.52
2025-12-30,SKU-027,RET-085,29,22.52
2025-12-31,SKU-027,RET-026,16,22.52
2026-01-01,SKU-027,RET-086,25,22.52
2026-01-02,SKU-027,RET-017,29,22.52
2026-01-03,SKU-027,RET-060,33,22.52
2026-01-04,SKU-027,RET-093,21,22.52
2026-01-05,SKU-027,RET-098,22,22.52
2026-01-06,SKU-027,RET-019,36,22.52
2026-01-07,SKU-027,RET-049,19,22.52
2026-01-08,SKU-027,RET-031,24,22.52
2026-01-09,SKU-027,RET-023,27,22.52
2026-01-10,SKU-027,RET-041,28,22.52
2026-01-11,SKU-027,RET-047,19,22.52
2026-01-12,SKU-027,RET-071,30,22.52
2026-01-13,SKU-027,RET-004,25,22.52
2026-01-14,SKU-027,RET-094,28,22.52
2026-01-15,SKU-027,RET-084,23,22.52
2026-01-16,SKU-027,RET-039,33,22.52
2026-01-17,SKU-027,RET-079,34,22.52
2026-01-18,SKU-027,RET-094,30,22.52
2026-01-19,SKU-027,RET-027,23,22.52
2026-01-20,SKU-027,RET-082,23,22.52
2026-01-21,SKU-027,RET-038,25,22.52
2026-01-22,SKU-027,RET-039,26,22.52
2026-01-23,SKU-027,RET-078,36,22.52
2026-01-24,SKU-027,RET-051,33,22.52
2026-01-25,SKU-027,RET-070,23,22.52
2026-01-26,SKU-027,RET-036,17,22.52
2026-01-27,SKU-027,RET-020,31,22.52
2026-01-28,SKU-027,RET-027,28,22.52
2026-01-29,SKU-027,RET-089,35,22.52
2026-01-30,SKU-027,RET-065,36,22.52
2026-01-31,SKU-027,RET-073,28,22.52
2026-02-01,SKU-027,RET-066,21,22.52
2026-02-02,SKU-027,RET-066,28,22.52
2026-02-03,SKU-027,RET-035,34,22.52
2026-02-04,SKU-027,RET-021,34,22.52
2026-02-05,SKU-027,RET-084,24,22.52
2026-02-06,SKU-027,RET-051,33,22.52
2026-02-07,SKU-027,RET-093,35,22.52
2026-02-08,SKU-027,RET-063,28,22.52
2026-02-09,SKU-027,RET-036,33,22.52
2026-02-10,SKU-027,RET-042,29,22.52
2026-02-11,SKU-027,RET-046,27,22.52
2026-02-12,SKU-027,RET-062,23,22.52
2026-02-13,SKU-027,RET-052,30,22.52
2026-02-14,SKU-027,RET-063,35,22.52
2026-02-15,SKU-027,RET-052,27,22.52
2026-02-16,SKU-027,RET-094,33,22.52
2026-02-17,SKU-027,RET-043,37,22.52
2026-02-18,SKU-027,RET-013,26,22.52
2026-02-19,SKU-027,RET-058,32,22.52
2026-02-20,SKU-027,RET-027,30,22.52
2026-02-21,SKU-027,RET-069,38,22.52
2026-02-22,SKU-027,RET-027,23,22.52
2026-02-23,SKU-027,RET-007,27,22.52
2026-02-24,SKU-027,RET-088,42,22.52
2026-02-25,SKU-027,RET-096,26,22.52
2026-02-26,SKU-027,RET-062,22,22.52
2026-02-27,SKU-027,RET-086,46,22.52
2026-02-28,SKU-027,RET-078,42,22.52
2026-03-01,SKU-027,RET-018,38,22.52
2026-03-02,SKU-027,RET-054,32,22.52
2026-03-03,SKU-027,RET-056,28,22.52
2026-03-04,SKU-027,RET-014,40,22.52
2026-03-05,SKU-027,RET-071,38,22.52
2026-03-06,SKU-027,RET-002,30,22.52
2026-03-07,SKU-027,RET-081,33,22.52
2026-03-08,SKU-027,RET-055,22,22.52
2026-03-09,SKU-027,RET-063,27,22.52
2026-03-10,SKU-027,RET-079,27,22.52
2026-03-11,SKU-027,RET-058,28,22.52
2026-03-12,SKU-027,RET-004,39,22.52
2026-03-13,SKU-027,RET-013,51,22.52
2026-03-14,SKU-027,RET-079,33,22.52
2026-03-15,SKU-027,RET-042,33,22.52
2026-03-16,SKU-027,RET-031,32,22.52
2026-03-17,SKU-027,RET-056,36,22.52
2026-03-18,SKU-027,RET-045,31,22.52
2026-03-19,SKU-027,RET-098,33,22.52
2026-03-20,SKU-027,RET-010,26,22.52
2026-03-21,SKU-027,RET-023,45,22.52
2026-03-22,SKU-027,RET-077,32,22.52
2026-03-23,SKU-027,RET-056,41,22.52
2026-03-24,SKU-027,RET-047,19,22.52
2026-03-25,SKU-027,RET-041,39,22.52
2026-03-26,SKU-027,RET-035,25,22.52
2026-03-27,SKU-027,RET-038,41,22.52
2026-03-28,SKU-027,RET-094,35,22.52
2026-03-29,SKU-027,RET-070,22,22.52
2026-03-30,SKU-027,RET-028,35,22.52
2026-03-31,SKU-027,RET-005,30,22.52
2026-04-01,SKU-027,RET-061,21,22.52
2026-04-02,SKU-027,RET-060,21,22.52
2026-04-03,SKU-027,RET-041,33,22.52
2026-04-04,SKU-027,RET-026,33,22.52
2026-04-05,SKU-027,RET-050,20,22.52
2026-04-06,SKU-027,RET-082,33,22.52
2026-04-07,SKU-027,RET-011,35,22.52
2026-04-08,SKU-027,RET-083,19,22.52
2026-04-09,SKU-027,RET-074,32,22.52
2026-04-10,SKU-027,RET-066,32,22.52
2026-04-11,SKU-027,RET-039,34,22.52
2026-04-12,SKU-027,RET-005,29,22.52
2026-04-13,SKU-027,RET-030,22,22.52
2026-04-14,SKU-027,RET-093,28,22.52
2026-04-15,SKU-027,RET-009,27,22.52
2026-04-16,SKU-027,RET-047,21,22.52
2026-04-17,SKU-027,RET-014,30,22.52
2026-04-18,SKU-027,RET-070,30,22.52
2026-04-19,SKU-027,RET-050,29,22.52
2026-04-20,SKU-027,RET-026,22,22.52
2026-04-21,SKU-027,RET-036,31,22.52
2026-04-22,SKU-027,RET-006,25,22.52
2026-04-23,SKU-027,RET-023,40,22.52
2026-04-24,SKU-027,RET-032,30,22.52
2026-04-25,SKU-027,RET-092,32,22.52
2026-04-26,SKU-027,RET-041,32,22.52
2026-04-27,SKU-027,RET-024,29,22.52
2026-04-28,SKU-027,RET-057,35,22.52
2026-04-29,SKU-027,RET-093,24,22.52
2026-04-30,SKU-027,RET-067,38,22.52
2026-05-01,SKU-027,RET-097,34,22.52
2026-05-02,SKU-027,RET-009,37,22.52
2026-05-03,SKU-027,RET-096,30,22.52
2026-05-04,SKU-027,RET-089,34,22.52
2026-05-05,SKU-027,RET-012,29,22.52
2026-05-06,SKU-027,RET-092,34,22.52
2026-05-07,SKU-027,RET-082,42,22.52
2026-05-08,SKU-027,RET-079,41,22.52
2026-05-09,SKU-027,RET-063,35,22.52
2026-05-10,SKU-027,RET-017,34,22.52
2026-05-11,SKU-027,RET-033,28,22.52
2026-05-12,SKU-027,RET-068,33,22.52
2026-05-13,SKU-027,RET-010,33,22.52
2026-05-14,SKU-027,RET-086,35,22.52
2026-05-15,SKU-027,RET-094,34,22.52
2026-05-16,SKU-027,RET-089,36,22.52
2026-05-17,SKU-027,RET-078,32,22.52
2026-05-18,SKU-027,RET-049,18,22.52
2026-05-19,SKU-027,RET-019,32,22.52
2026-05-20,SKU-027,RET-001,32,22.52
2026-05-21,SKU-027,RET-088,27,22.52
2026-05-22,SKU-027,RET-018,39,22.52
2026-05-23,SKU-027,RET-060,32,22.52
2026-05-24,SKU-027,RET-077,27,22.52
2026-05-25,SKU-027,RET-027,23,22.52
2026-05-26,SKU-027,RET-093,27,22.52
2026-05-27,SKU-027,RET-069,25,22.52
2026-05-28,SKU-027,RET-085,29,22.52
2026-05-29,SKU-027,RET-071,36,22.52
2026-05-30,SKU-027,RET-030,34,22.52
2026-05-31,SKU-027,RET-021,26,22.52
2026-06-01,SKU-027,RET-098,20,22.52
2026-06-02,SKU-027,RET-067,28,22.52
2026-06-03,SKU-027,RET-051,31,22.52
2026-06-04,SKU-027,RET-038,24,22.52
2026-06-05,SKU-027,RET-004,38,22.52
2026-06-06,SKU-027,RET-023,29,22.52
2026-06-07,SKU-027,RET-022,24,22.52
2026-06-08,SKU-027,RET-075,27,22.52
2026-06-09,SKU-027,RET-063,21,22.52
2026-06-10,SKU-027,RET-042,25,22.52
2026-06-11,SKU-027,RET-033,25,22.52
2026-06-12,SKU-027,RET-006,30,22.52
2026-06-13,SKU-027,RET-082,31,22.52
2026-06-14,SKU-027,RET-099,29,22.52
2026-06-15,SKU-027,RET-007,23,22.52
2026-06-16,SKU-027,RET-056,26,22.52
2026-06-17,SKU-027,RET-060,24,22.52
2026-06-18,SKU-027,RET-066,27,22.52
2026-06-19,SKU-027,RET-099,28,22.52
2026-06-20,SKU-027,RET-012,33,22.52
2026-06-21,SKU-027,RET-067,24,22.52
2026-06-22,SKU-027,RET-050,26,22.52
2026-06-23,SKU-027,RET-054,33,22.52
2026-06-24,SKU-027,RET-031,29,22.52
2026-06-25,SKU-027,RET-081,27,22.52
2026-06-26,SKU-027,RET-012,25,22.52
2026-06-27,SKU-027,RET-016,33,22.52
2026-06-28,SKU-027,RET-070,21,22.52
2026-06-29,SKU-027,RET-043,24,22.52
2026-06-30,SKU-027,RET-077,25,22.52
2026-07-01,SKU-027,RET-077,25,22.52
2026-07-02,SKU-027,RET-007,25,22.52
2026-07-03,SKU-027,RET-072,33,22.52
2026-07-04,SKU-027,RET-072,21,22.52
2026-07-05,SKU-027,RET-069,27,22.52
2026-07-06,SKU-027,RET-075,23,22.52
2026-07-07,SKU-027,RET-093,24,22.52
2026-07-08,SKU-027,RET-016,24,22.52
2026-07-09,SKU-027,RET-038,24,22.52
2026-07-10,SKU-027,RET-079,37,22.52
2026-07-11,SKU-027,RET-034,38,22.52
2026-07-12,SKU-027,RET-072,24,22.52
2026-07-13,SKU-027,RET-083,23,22.52
2026-07-14,SKU-027,RET-019,25,22.52
2026-07-15,SKU-027,RET-050,18,22.52
2026-07-16,SKU-027,RET-063,18,22.52
2026-07-17,SKU-027,RET-041,32,22.52
2026-07-18,SKU-027,RET-067,37,22.52
2026-07-19,SKU-027,RET-004,27,22.52
2026-07-20,SKU-027,RET-004,18,22.52
2026-07-21,SKU-027,RET-055,14,22.52
2026-07-22,SKU-027,RET-079,32,22.52
2026-07-23,SKU-027,RET-088,30,22.52
2026-07-24,SKU-027,RET-004,31,22.52
2026-07-25,SKU-027,RET-025,25,22.52
2026-07-26,SKU-027,RET-050,19,22.52
2026-07-27,SKU-027,RET-029,19,22.52
2026-07-28,SKU-027,RET-071,19,22.52
2026-07-29,SKU-027,RET-071,20,22.52
2026-07-30,SKU-027,RET-092,20,22.52
2026-07-31,SKU-027,RET-003,18,22.52
2026-08-01,SKU-027,RET-043,25,22.52
2026-08-02,SKU-027,RET-053,26,22.52
2026-08-03,SKU-027,RET-036,26,22.52
2026-08-04,SKU-027,RET-024,27,22.52
2026-08-05,SKU-027,RET-041,21,22.52
2026-08-06,SKU-027,RET-073,25,22.52
2026-08-07,SKU-027,RET-039,28,22.52
2026-08-08,SKU-027,RET-047,30,22.52
2026-08-09,SKU-027,RET-086,26,22.52
2026-08-10,SKU-027,RET-086,28,22.52
2026-08-11,SKU-027,RET-067,19,22.52
2026-08-12,SKU-027,RET-047,26,22.52
2026-08-13,SKU-027,RET-019,24,22.52
2026-08-14,SKU-027,RET-093,26,22.52
2026-08-15,SKU-027,RET-003,26,22.52
2026-08-16,SKU-027,RET-069,24,22.52
2026-08-17,SKU-027,RET-024,23,22.52
2026-08-18,SKU-027,RET-092,12,22.52
2026-08-19,SKU-027,RET-081,22,22.52
2026-08-20,SKU-027,RET-099,17,22.52
2026-08-21,SKU-027,RET-002,18,22.52
2026-08-22,SKU-027,RET-011,19,22.52
2026-08-23,SKU-027,RET-040,26,22.52
2026-08-24,SKU-027,RET-043,21,22.52
2026-08-25,SKU-027,RET-024,14,22.52
2025-08-26,SKU-028,RET-007,2,62.59
2025-08-27,SKU-028,RET-044,5,62.59
2025-08-28,SKU-028,RET-072,2,62.59
2025-08-29,SKU-028,RET-019,3,62.59
2025-08-30,SKU-028,RET-016,7,62.59
2025-08-31,SKU-028,RET-056,6,62.59
2025-09-01,SKU-028,RET-093,7,62.59
2025-09-02,SKU-028,RET-061,4,62.59
2025-09-03,SKU-028,RET-090,3,62.59
2025-09-04,SKU-028,RET-011,2,62.59
2025-09-05,SKU-028,RET-017,12,62.59
2025-09-06,SKU-028,RET-026,3,62.59
2025-09-07,SKU-028,RET-088,7,62.59
2025-09-08,SKU-028,RET-048,4,62.59
2025-09-09,SKU-028,RET-071,2,62.59
2025-09-10,SKU-028,RET-100,4,62.59
2025-09-11,SKU-028,RET-035,5,62.59
2025-09-12,SKU-028,RET-071,5,62.59
2025-09-13,SKU-028,RET-011,7,62.59
2025-09-14,SKU-028,RET-095,6,62.59
2025-09-15,SKU-028,RET-026,7,62.59
2025-09-16,SKU-028,RET-072,6,62.59
2025-09-17,SKU-028,RET-087,3,62.59
2025-09-18,SKU-028,RET-009,4,62.59
2025-09-19,SKU-028,RET-034,6,62.59
2025-09-20,SKU-028,RET-058,5,62.59
2025-09-21,SKU-028,RET-073,9,62.59
2025-09-22,SKU-028,RET-042,6,62.59
2025-09-23,SKU-028,RET-021,5,62.59
2025-09-24,SKU-028,RET-007,4,62.59
2025-09-25,SKU-028,RET-068,7,62.59
2025-09-26,SKU-028,RET-021,1,62.59
2025-09-27,SKU-028,RET-047,6,62.59
2025-09-28,SKU-028,RET-045,4,62.59
2025-09-29,SKU-028,RET-087,6,62.59
2025-09-30,SKU-028,RET-090,5,62.59
2025-10-01,SKU-028,RET-005,7,62.59
2025-10-02,SKU-028,RET-066,4,62.59
2025-10-03,SKU-028,RET-009,5,62.59
2025-10-04,SKU-028,RET-080,4,62.59
2025-10-05,SKU-028,RET-083,1,62.59
2025-10-06,SKU-028,RET-100,8,62.59
2025-10-07,SKU-028,RET-061,7,62.59
2025-10-08,SKU-028,RET-043,7,62.59
2025-10-09,SKU-028,RET-081,4,62.59
2025-10-10,SKU-028,RET-045,12,62.59
2025-10-11,SKU-028,RET-095,10,62.59
2025-10-12,SKU-028,RET-085,2,62.59
2025-10-13,SKU-028,RET-037,10,62.59
2025-10-14,SKU-028,RET-068,9,62.59
2025-10-15,SKU-028,RET-003,8,62.59
2025-10-16,SKU-028,RET-085,5,62.59
2025-10-17,SKU-028,RET-020,10,62.59
2025-10-18,SKU-028,RET-038,7,62.59
2025-10-19,SKU-028,RET-043,4,62.59
2025-10-20,SKU-028,RET-062,5,62.59
2025-10-21,SKU-028,RET-025,4,62.59
2025-10-22,SKU-028,RET-092,7,62.59
2025-10-23,SKU-028,RET-006,6,62.59
2025-10-24,SKU-028,RET-016,7,62.59
2025-10-25,SKU-028,RET-085,2,62.59
2025-10-26,SKU-028,RET-001,4,62.59
2025-10-27,SKU-028,RET-096,6,62.59
2025-10-28,SKU-028,RET-089,6,62.59
2025-10-29,SKU-028,RET-078,3,62.59
2025-10-30,SKU-028,RET-060,3,62.59
2025-10-31,SKU-028,RET-031,6,62.59
2025-11-01,SKU-028,RET-059,3,62.59
2025-11-02,SKU-028,RET-088,6,62.59
2025-11-03,SKU-028,RET-087,3,62.59
2025-11-04,SKU-028,RET-090,6,62.59
2025-11-05,SKU-028,RET-062,3,62.59
2025-11-06,SKU-028,RET-042,7,62.59
2025-11-07,SKU-028,RET-087,3,62.59
2025-11-08,SKU-028,RET-009,3,62.59
2025-11-09,SKU-028,RET-038,7,62.59
2025-11-10,SKU-028,RET-052,4,62.59
2025-11-11,SKU-028,RET-072,5,62.59
2025-11-12,SKU-028,RET-069,9,62.59
2025-11-13,SKU-028,RET-096,4,62.59
2025-11-14,SKU-028,RET-089,4,62.59
2025-11-15,SKU-028,RET-024,5,62.59
2025-11-16,SKU-028,RET-042,3,62.59
2025-11-17,SKU-028,RET-061,4,62.59
2025-11-18,SKU-028,RET-091,6,62.59
2025-11-19,SKU-028,RET-023,4,62.59
2025-11-20,SKU-028,RET-008,8,62.59
2025-11-21,SKU-028,RET-069,9,62.59
2025-11-22,SKU-028,RET-054,10,62.59
2025-11-23,SKU-028,RET-060,4,62.59
2025-11-24,SKU-028,RET-065,10,62.59
2025-11-25,SKU-028,RET-063,6,62.59
2025-11-26,SKU-028,RET-057,5,62.59
2025-11-27,SKU-028,RET-017,7,62.59
2025-11-28,SKU-028,RET-037,10,62.59
2025-11-29,SKU-028,RET-019,6,62.59
2025-11-30,SKU-028,RET-018,2,62.59
2025-12-01,SKU-028,RET-095,7,62.59
2025-12-02,SKU-028,RET-036,4,62.59
2025-12-03,SKU-028,RET-064,6,62.59
2025-12-04,SKU-028,RET-083,4,62.59
2025-12-05,SKU-028,RET-015,4,62.59
2025-12-06,SKU-028,RET-075,4,62.59
2025-12-07,SKU-028,RET-026,6,62.59
2025-12-08,SKU-028,RET-059,7,62.59
2025-12-09,SKU-028,RET-065,7,62.59
2025-12-10,SKU-028,RET-042,4,62.59
2025-12-11,SKU-028,RET-042,7,62.59
2025-12-12,SKU-028,RET-062,1,62.59
2025-12-13,SKU-028,RET-093,6,62.59
2025-12-14,SKU-028,RET-018,6,62.59
2025-12-15,SKU-028,RET-096,5,62.59
2025-12-16,SKU-028,RET-072,3,62.59
2025-12-17,SKU-028,RET-069,8,62.59
2025-12-18,SKU-028,RET-048,4,62.59
2025-12-19,SKU-028,RET-065,4,62.59
2025-12-20,SKU-028,RET-047,4,62.59
2025-12-21,SKU-028,RET-055,9,62.59
2025-12-22,SKU-028,RET-008,6,62.59
2025-12-23,SKU-028,RET-099,7,62.59
2025-12-24,SKU-028,RET-092,3,62.59
2025-12-25,SKU-028,RET-089,7,62.59
2025-12-26,SKU-028,RET-008,6,62.59
2025-12-27,SKU-028,RET-100,6,62.59
2025-12-28,SKU-028,RET-025,10,62.59
2025-12-29,SKU-028,RET-007,4,62.59
2025-12-30,SKU-028,RET-051,5,62.59
2025-12-31,SKU-028,RET-025,8,62.59
2026-01-01,SKU-028,RET-036,4,62.59
2026-01-02,SKU-028,RET-054,2,62.59
2026-01-03,SKU-028,RET-068,5,62.59
2026-01-04,SKU-028,RET-069,2,62.59
2026-01-05,SKU-028,RET-008,7,62.59
2026-01-06,SKU-028,RET-050,3,62.59
2026-01-07,SKU-028,RET-072,7,62.59
2026-01-08,SKU-028,RET-053,7,62.59
2026-01-09,SKU-028,RET-023,4,62.59
2026-01-10,SKU-028,RET-014,8,62.59
2026-01-11,SKU-028,RET-086,5,62.59
2026-01-12,SKU-028,RET-096,10,62.59
2026-01-13,SKU-028,RET-083,3,62.59
2026-01-14,SKU-028,RET-009,8,62.59
2026-01-15,SKU-028,RET-060,9,62.59
2026-01-16,SKU-028,RET-011,5,62.59
2026-01-17,SKU-028,RET-038,9,62.59
2026-01-18,SKU-028,RET-055,6,62.59
2026-01-19,SKU-028,RET-042,6,62.59
2026-01-20,SKU-028,RET-091,7,62.59
2026-01-21,SKU-028,RET-062,4,62.59
2026-01-22,SKU-028,RET-048,5,62.59
2026-01-23,SKU-028,RET-068,7,62.59
2026-01-24,SKU-028,RET-068,9,62.59
2026-01-25,SKU-028,RET-095,3,62.59
2026-01-26,SKU-028,RET-016,3,62.59
2026-01-27,SKU-028,RET-030,5,62.59
2026-01-28,SKU-028,RET-014,2,62.59
2026-01-29,SKU-028,RET-037,3,62.59
2026-01-30,SKU-028,RET-076,6,62.59
2026-01-31,SKU-028,RET-017,9,62.59
2026-02-01,SKU-028,RET-057,1,62.59
2026-02-02,SKU-028,RET-071,8,62.59
2026-02-03,SKU-028,RET-087,6,62.59
2026-02-04,SKU-028,RET-078,4,62.59
2026-02-05,SKU-028,RET-006,3,62.59
2026-02-06,SKU-028,RET-009,4,62.59
2026-02-07,SKU-028,RET-003,10,62.59
2026-02-08,SKU-028,RET-050,6,62.59
2026-02-09,SKU-028,RET-024,3,62.59
2026-02-10,SKU-028,RET-075,4,62.59
2026-02-11,SKU-028,RET-019,8,62.59
2026-02-12,SKU-028,RET-034,4,62.59
2026-02-13,SKU-028,RET-031,10,62.59
2026-02-14,SKU-028,RET-005,9,62.59
2026-02-15,SKU-028,RET-002,3,62.59
2026-02-16,SKU-028,RET-056,3,62.59
2026-02-17,SKU-028,RET-078,3,62.59
2026-02-18,SKU-028,RET-075,5,62.59
2026-02-19,SKU-028,RET-071,5,62.59
2026-02-20,SKU-028,RET-077,6,62.59
2026-02-21,SKU-028,RET-053,9,62.59
2026-02-22,SKU-028,RET-012,11,62.59
2026-02-23,SKU-028,RET-002,2,62.59
2026-02-24,SKU-028,RET-019,6,62.59
2026-02-25,SKU-028,RET-089,4,62.59
2026-02-26,SKU-028,RET-015,3,62.59
2026-02-27,SKU-028,RET-014,3,62.59
2026-02-28,SKU-028,RET-009,6,62.59
2026-03-01,SKU-028,RET-074,9,62.59
2026-03-02,SKU-028,RET-070,8,62.59
2026-03-03,SKU-028,RET-034,2,62.59
2026-03-04,SKU-028,RET-078,8,62.59
2026-03-05,SKU-028,RET-086,5,62.59
2026-03-06,SKU-028,RET-046,13,62.59
2026-03-07,SKU-028,RET-099,12,62.59
2026-03-08,SKU-028,RET-023,3,62.59
2026-03-09,SKU-028,RET-028,4,62.59
2026-03-10,SKU-028,RET-002,7,62.59
2026-03-11,SKU-028,RET-064,8,62.59
2026-03-12,SKU-028,RET-004,5,62.59
2026-03-13,SKU-028,RET-062,5,62.59
2026-03-14,SKU-028,RET-100,10,62.59
2026-03-15,SKU-028,RET-004,7,62.59
2026-03-16,SKU-028,RET-095,2,62.59
2026-03-17,SKU-028,RET-003,10,62.59
2026-03-18,SKU-028,RET-066,5,62.59
2026-03-19,SKU-028,RET-095,5,62.59
2026-03-20,SKU-028,RET-099,7,62.59
2026-03-21,SKU-028,RET-043,11,62.59
2026-03-22,SKU-028,RET-058,5,62.59
2026-03-23,SKU-028,RET-089,4,62.59
2026-03-24,SKU-028,RET-035,8,62.59
2026-03-25,SKU-028,RET-083,11,62.59
2026-03-26,SKU-028,RET-086,5,62.59
2026-03-27,SKU-028,RET-031,6,62.59
2026-03-28,SKU-028,RET-076,7,62.59
2026-03-29,SKU-028,RET-084,8,62.59
2026-03-30,SKU-028,RET-031,8,62.59
2026-03-31,SKU-028,RET-015,10,62.59
2026-04-01,SKU-028,RET-055,5,62.59
2026-04-02,SKU-028,RET-037,6,62.59
2026-04-03,SKU-028,RET-003,10,62.59
2026-04-04,SKU-028,RET-057,12,62.59
2026-04-05,SKU-028,RET-008,5,62.59
2026-04-06,SKU-028,RET-082,7,62.59
2026-04-07,SKU-028,RET-092,9,62.59
2026-04-08,SKU-028,RET-036,4,62.59
2026-04-09,SKU-028,RET-034,3,62.59
2026-04-10,SKU-028,RET-077,11,62.59
2026-04-11,SKU-028,RET-058,6,62.59
2026-04-12,SKU-028,RET-031,4,62.59
2026-04-13,SKU-028,RET-083,8,62.59
2026-04-14,SKU-028,RET-096,10,62.59
2026-04-15,SKU-028,RET-057,5,62.59
2026-04-16,SKU-028,RET-050,8,62.59
2026-04-17,SKU-028,RET-050,8,62.59
2026-04-18,SKU-028,RET-042,9,62.59
2026-04-19,SKU-028,RET-034,6,62.59
2026-04-20,SKU-028,RET-040,3,62.59
2026-04-21,SKU-028,RET-059,5,62.59
2026-04-22,SKU-028,RET-036,6,62.59
2026-04-23,SKU-028,RET-081,11,62.59
2026-04-24,SKU-028,RET-019,11,62.59
2026-04-25,SKU-028,RET-005,13,62.59
2026-04-26,SKU-028,RET-072,9,62.59
2026-04-27,SKU-028,RET-087,5,62.59
2026-04-28,SKU-028,RET-011,4,62.59
2026-04-29,SKU-028,RET-023,5,62.59
2026-04-30,SKU-028,RET-052,4,62.59
2026-05-01,SKU-028,RET-077,3,62.59
2026-05-02,SKU-028,RET-078,6,62.59
2026-05-03,SKU-028,RET-074,6,62.59
2026-05-04,SKU-028,RET-010,6,62.59
2026-05-05,SKU-028,RET-014,6,62.59
2026-05-06,SKU-028,RET-041,7,62.59
2026-05-07,SKU-028,RET-027,8,62.59
2026-05-08,SKU-028,RET-044,8,62.59
2026-05-09,SKU-028,RET-079,5,62.59
2026-05-10,SKU-028,RET-079,5,62.59
2026-05-11,SKU-028,RET-093,4,62.59
2026-05-12,SKU-028,RET-095,5,62.59
2026-05-13,SKU-028,RET-023,4,62.59
2026-05-14,SKU-028,RET-016,11,62.59
2026-05-15,SKU-028,RET-085,7,62.59
2026-05-16,SKU-028,RET-044,4,62.59
2026-05-17,SKU-028,RET-100,4,62.59
2026-05-18,SKU-028,RET-029,3,62.59
2026-05-19,SKU-028,RET-012,3,62.59
2026-05-20,SKU-028,RET-065,5,62.59
2026-05-21,SKU-028,RET-051,5,62.59
2026-05-22,SKU-028,RET-046,7,62.59
2026-05-23,SKU-028,RET-002,9,62.59
2026-05-24,SKU-028,RET-086,4,62.59
2026-05-25,SKU-028,RET-082,5,62.59
2026-05-26,SKU-028,RET-033,4,62.59
2026-05-27,SKU-028,RET-087,4,62.59
2026-05-28,SKU-028,RET-055,3,62.59
2026-05-29,SKU-028,RET-069,6,62.59
2026-05-30,SKU-028,RET-021,4,62.59
2026-05-31,SKU-028,RET-079,3,62.59
2026-06-01,SKU-028,RET-026,3,62.59
2026-06-02,SKU-028,RET-097,9,62.59
2026-06-03,SKU-028,RET-011,4,62.59
2026-06-04,SKU-028,RET-059,5,62.59
2026-06-05,SKU-028,RET-024,12,62.59
2026-06-06,SKU-028,RET-024,6,62.59
2026-06-07,SKU-028,RET-060,8,62.59
2026-06-08,SKU-028,RET-022,5,62.59
2026-06-09,SKU-028,RET-030,5,62.59
2026-06-10,SKU-028,RET-042,4,62.59
2026-06-11,SKU-028,RET-051,6,62.59
2026-06-12,SKU-028,RET-080,4,62.59
2026-06-13,SKU-028,RET-077,4,62.59
2026-06-14,SKU-028,RET-015,6,62.59
2026-06-15,SKU-028,RET-070,4,62.59
2026-06-16,SKU-028,RET-030,5,62.59
2026-06-17,SKU-028,RET-100,7,62.59
2026-06-18,SKU-028,RET-097,9,62.59
2026-06-19,SKU-028,RET-050,8,62.59
2026-06-20,SKU-028,RET-054,9,62.59
2026-06-21,SKU-028,RET-005,6,62.59
2026-06-22,SKU-028,RET-015,7,62.59
2026-06-23,SKU-028,RET-055,3,62.59
2026-06-24,SKU-028,RET-044,2,62.59
2026-06-25,SKU-028,RET-059,4,62.59
2026-06-26,SKU-028,RET-011,7,62.59
2026-06-27,SKU-028,RET-005,7,62.59
2026-06-28,SKU-028,RET-016,5,62.59
2026-06-29,SKU-028,RET-022,3,62.59
2026-06-30,SKU-028,RET-012,4,62.59
2026-07-01,SKU-028,RET-072,5,62.59
2026-07-02,SKU-028,RET-035,8,62.59
2026-07-03,SKU-028,RET-039,7,62.59
2026-07-04,SKU-028,RET-088,4,62.59
2026-07-05,SKU-028,RET-059,9,62.59
2026-07-06,SKU-028,RET-036,5,62.59
2026-07-07,SKU-028,RET-042,3,62.59
2026-07-08,SKU-028,RET-037,4,62.59
2026-07-09,SKU-028,RET-007,2,62.59
2026-07-10,SKU-028,RET-017,9,62.59
2026-07-11,SKU-028,RET-026,7,62.59
2026-07-12,SKU-028,RET-019,3,62.59
2026-07-13,SKU-028,RET-063,2,62.59
2026-07-14,SKU-028,RET-032,3,62.59
2026-07-15,SKU-028,RET-073,7,62.59
2026-07-16,SKU-028,RET-099,6,62.59
2026-07-17,SKU-028,RET-027,7,62.59
2026-07-18,SKU-028,RET-100,4,62.59
2026-07-19,SKU-028,RET-060,4,62.59
2026-07-20,SKU-028,RET-100,6,62.59
2026-07-21,SKU-028,RET-095,5,62.59
2026-07-22,SKU-028,RET-040,6,62.59
2026-07-23,SKU-028,RET-087,6,62.59
2026-07-24,SKU-028,RET-076,5,62.59
2026-07-25,SKU-028,RET-020,9,62.59
2026-07-26,SKU-028,RET-089,4,62.59
2026-07-27,SKU-028,RET-039,5,62.59
2026-07-28,SKU-028,RET-054,3,62.59
2026-07-29,SKU-028,RET-078,7,62.59
2026-07-30,SKU-028,RET-081,5,62.59
2026-07-31,SKU-028,RET-074,6,62.59
2026-08-01,SKU-028,RET-083,5,62.59
2026-08-02,SKU-028,RET-005,4,62.59
2026-08-03,SKU-028,RET-053,6,62.59
2026-08-04,SKU-028,RET-038,4,62.59
2026-08-05,SKU-028,RET-055,4,62.59
2026-08-06,SKU-028,RET-078,4,62.59
2026-08-07,SKU-028,RET-076,3,62.59
2026-08-08,SKU-028,RET-070,5,62.59
2026-08-09,SKU-028,RET-001,7,62.59
2026-08-10,SKU-028,RET-094,3,62.59
2026-08-11,SKU-028,RET-070,5,62.59
2026-08-12,SKU-028,RET-002,9,62.59
2026-08-13,SKU-028,RET-064,4,62.59
2026-08-14,SKU-028,RET-074,4,62.59
2026-08-15,SKU-028,RET-032,4,62.59
2026-08-16,SKU-028,RET-084,7,62.59
2026-08-17,SKU-028,RET-002,4,62.59
2026-08-18,SKU-028,RET-025,6,62.59
2026-08-19,SKU-028,RET-003,6,62.59
2026-08-20,SKU-028,RET-001,3,62.59
2026-08-21,SKU-028,RET-001,9,62.59
2026-08-22,SKU-028,RET-076,6,62.59
2026-08-23,SKU-028,RET-016,5,62.59
2026-08-24,SKU-028,RET-012,7,62.59
2026-08-25,SKU-028,RET-055,4,62.59
2025-08-26,SKU-029,RET-079,13,61.43
2025-08-27,SKU-029,RET-006,16,61.43
2025-08-28,SKU-029,RET-058,26,61.43
2025-08-29,SKU-029,RET-031,13,61.43
2025-08-30,SKU-029,RET-060,31,61.43
2025-08-31,SKU-029,RET-028,18,61.43
2025-09-01,SKU-029,RET-023,13,61.43
2025-09-02,SKU-029,RET-049,9,61.43
2025-09-03,SKU-029,RET-029,14,61.43
2025-09-04,SKU-029,RET-005,7,61.43
2025-09-05,SKU-029,RET-071,31,61.43
2025-09-06,SKU-029,RET-093,22,61.43
2025-09-07,SKU-029,RET-047,16,61.43
2025-09-08,SKU-029,RET-018,13,61.43
2025-09-09,SKU-029,RET-046,15,61.43
2025-09-10,SKU-029,RET-004,15,61.43
2025-09-11,SKU-029,RET-097,11,61.43
2025-09-12,SKU-029,RET-069,12,61.43
2025-09-13,SKU-029,RET-046,6,61.43
2025-09-14,SKU-029,RET-073,6,61.43
2025-09-15,SKU-029,RET-061,13,61.43
2025-09-16,SKU-029,RET-039,15,61.43
2025-09-17,SKU-029,RET-022,8,61.43
2025-09-18,SKU-029,RET-029,15,61.43
2025-09-19,SKU-029,RET-036,14,61.43
2025-09-20,SKU-029,RET-015,15,61.43
2025-09-21,SKU-029,RET-046,14,61.43
2025-09-22,SKU-029,RET-078,9,61.43
2025-09-23,SKU-029,RET-074,11,61.43
2025-09-24,SKU-029,RET-048,13,61.43
2025-09-25,SKU-029,RET-010,11,61.43
2025-09-26,SKU-029,RET-020,14,61.43
2025-09-27,SKU-029,RET-013,17,61.43
2025-09-28,SKU-029,RET-045,15,61.43
2025-09-29,SKU-029,RET-050,17,61.43
2025-09-30,SKU-029,RET-011,15,61.43
2025-10-01,SKU-029,RET-003,14,61.43
2025-10-02,SKU-029,RET-062,24,61.43
2025-10-03,SKU-029,RET-071,15,61.43
2025-10-04,SKU-029,RET-061,21,61.43
2025-10-05,SKU-029,RET-003,19,61.43
2025-10-06,SKU-029,RET-092,14,61.43
2025-10-07,SKU-029,RET-059,12,61.43
2025-10-08,SKU-029,RET-062,18,61.43
2025-10-09,SKU-029,RET-042,19,61.43
2025-10-10,SKU-029,RET-057,23,61.43
2025-10-11,SKU-029,RET-054,22,61.43
2025-10-12,SKU-029,RET-046,17,61.43
2025-10-13,SKU-029,RET-049,17,61.43
2025-10-14,SKU-029,RET-020,12,61.43
2025-10-15,SKU-029,RET-046,19,61.43
2025-10-16,SKU-029,RET-071,17,61.43
2025-10-17,SKU-029,RET-074,22,61.43
2025-10-18,SKU-029,RET-002,20,61.43
2025-10-19,SKU-029,RET-053,19,61.43
2025-10-20,SKU-029,RET-002,8,61.43
2025-10-21,SKU-029,RET-091,21,61.43
2025-10-22,SKU-029,RET-017,20,61.43
2025-10-23,SKU-029,RET-091,18,61.43
2025-10-24,SKU-029,RET-037,20,61.43
2025-10-25,SKU-029,RET-053,26,61.43
2025-10-26,SKU-029,RET-077,15,61.43
2025-10-27,SKU-029,RET-066,17,61.43
2025-10-28,SKU-029,RET-032,20,61.43
2025-10-29,SKU-029,RET-078,21,61.43
2025-10-30,SKU-029,RET-044,15,61.43
2025-10-31,SKU-029,RET-086,24,61.43
2025-11-01,SKU-029,RET-079,25,61.43
2025-11-02,SKU-029,RET-023,18,61.43
2025-11-03,SKU-029,RET-056,15,61.43
2025-11-04,SKU-029,RET-071,13,61.43
2025-11-05,SKU-029,RET-059,23,61.43
2025-11-06,SKU-029,RET-057,21,61.43
2025-11-07,SKU-029,RET-094,23,61.43
2025-11-08,SKU-029,RET-067,18,61.43
2025-11-09,SKU-029,RET-030,11,61.43
2025-11-10,SKU-029,RET-055,12,61.43
2025-11-11,SKU-029,RET-006,16,61.43
2025-11-12,SKU-029,RET-086,20,61.43
2025-11-13,SKU-029,RET-033,11,61.43
2025-11-14,SKU-029,RET-028,21,61.43
2025-11-15,SKU-029,RET-040,20,61.43
2025-11-16,SKU-029,RET-008,16,61.43
2025-11-17,SKU-029,RET-015,18,61.43
2025-11-18,SKU-029,RET-030,19,61.43
2025-11-19,SKU-029,RET-041,24,61.43
2025-11-20,SKU-029,RET-050,21,61.43
2025-11-21,SKU-029,RET-025,16,61.43
2025-11-22,SKU-029,RET-093,26,61.43
2025-11-23,SKU-029,RET-087,24,61.43
2025-11-24,SKU-029,RET-081,17,61.43
2025-11-25,SKU-029,RET-093,20,61.43
2025-11-26,SKU-029,RET-091,11,61.43
2025-11-27,SKU-029,RET-054,9,61.43
2025-11-28,SKU-029,RET-060,24,61.43
2025-11-29,SKU-029,RET-042,23,61.43
2025-11-30,SKU-029,RET-033,16,61.43
2025-12-01,SKU-029,RET-032,12,61.43
2025-12-02,SKU-029,RET-057,9,61.43
2025-12-03,SKU-029,RET-088,9,61.43
2025-12-04,SKU-029,RET-007,13,61.43
2025-12-05,SKU-029,RET-039,24,61.43
2025-12-06,SKU-029,RET-024,21,61.43
2025-12-07,SKU-029,RET-067,17,61.43
2025-12-08,SKU-029,RET-057,7,61.43
2025-12-09,SKU-029,RET-091,22,61.43
2025-12-10,SKU-029,RET-031,11,61.43
2025-12-11,SKU-029,RET-032,22,61.43
2025-12-12,SKU-029,RET-049,23,61.43
2025-12-13,SKU-029,RET-039,12,61.43
2025-12-14,SKU-029,RET-015,11,61.43
2025-12-15,SKU-029,RET-076,11,61.43
2025-12-16,SKU-029,RET-092,12,61.43
2025-12-17,SKU-029,RET-040,14,61.43
2025-12-18,SKU-029,RET-019,13,61.43
2025-12-19,SKU-029,RET-097,21,61.43
2025-12-20,SKU-029,RET-074,19,61.43
2025-12-21,SKU-029,RET-004,17,61.43
2025-12-22,SKU-029,RET-070,14,61.43
2025-12-23,SKU-029,RET-014,16,61.43
2025-12-24,SKU-029,RET-071,10,61.43
2025-12-25,SKU-029,RET-019,9,61.43
2025-12-26,SKU-029,RET-019,20,61.43
2025-12-27,SKU-029,RET-022,24,61.43
2025-12-28,SKU-029,RET-075,21,61.43
2025-12-29,SKU-029,RET-087,18,61.43
2025-12-30,SKU-029,RET-028,26,61.43
2025-12-31,SKU-029,RET-059,22,61.43
2026-01-01,SKU-029,RET-088,17,61.43
2026-01-02,SKU-029,RET-017,18,61.43
2026-01-03,SKU-029,RET-086,18,61.43
2026-01-04,SKU-029,RET-053,20,61.43
2026-01-05,SKU-029,RET-003,17,61.43
2026-01-06,SKU-029,RET-046,20,61.43
2026-01-07,SKU-029,RET-008,21,61.43
2026-01-08,SKU-029,RET-082,16,61.43
2026-01-09,SKU-029,RET-093,27,61.43
2026-01-10,SKU-029,RET-030,26,61.43
2026-01-11,SKU-029,RET-063,15,61.43
2026-01-12,SKU-029,RET-032,19,61.43
2026-01-13,SKU-029,RET-055,21,61.43
2026-01-14,SKU-029,RET-011,21,61.43
2026-01-15,SKU-029,RET-097,12,61.43
2026-01-16,SKU-029,RET-066,21,61.43
2026-01-17,SKU-029,RET-017,23,61.43
2026-01-18,SKU-029,RET-028,21,61.43
2026-01-19,SKU-029,RET-039,15,61.43
2026-01-20,SKU-029,RET-050,16,61.43
2026-01-21,SKU-029,RET-033,16,61.43
2026-01-22,SKU-029,RET-089,16,61.43
2026-01-23,SKU-029,RET-030,30,61.43
2026-01-24,SKU-029,RET-051,24,61.43
2026-01-25,SKU-029,RET-056,20,61.43
2026-01-26,SKU-029,RET-039,19,61.43
2026-01-27,SKU-029,RET-051,13,61.43
2026-01-28,SKU-029,RET-018,20,61.43
2026-01-29,SKU-029,RET-064,18,61.43
2026-01-30,SKU-029,RET-033,14,61.43
2026-01-31,SKU-029,RET-046,19,61.43
2026-02-01,SKU-029,RET-087,15,61.43
2026-02-02,SKU-029,RET-012,14,61.43
2026-02-03,SKU-029,RET-084,17,61.43
2026-02-04,SKU-029,RET-007,22,61.43
2026-02-05,SKU-029,RET-071,18,61.43
2026-02-06,SKU-029,RET-016,24,61.43
2026-02-07,SKU-029,RET-070,24,61.43
2026-02-08,SKU-029,RET-094,16,61.43
2026-02-09,SKU-029,RET-066,15,61.43
2026-02-10,SKU-029,RET-065,18,61.43
2026-02-11,SKU-029,RET-074,19,61.43
2026-02-12,SKU-029,RET-031,12,61.43
2026-02-13,SKU-029,RET-003,25,61.43
2026-02-14,SKU-029,RET-064,28,61.43
2026-02-15,SKU-029,RET-040,13,61.43
2026-02-16,SKU-029,RET-095,10,61.43
2026-02-17,SKU-029,RET-048,21,61.43
2026-02-18,SKU-029,RET-010,13,61.43
2026-02-19,SKU-029,RET-043,14,61.43
2026-02-20,SKU-029,RET-020,18,61.43
2026-02-21,SKU-029,RET-003,21,61.43
2026-02-22,SKU-029,RET-031,22,61.43
2026-02-23,SKU-029,RET-008,20,61.43
2026-02-24,SKU-029,RET-087,22,61.43
2026-02-25,SKU-029,RET-053,21,61.43
2026-02-26,SKU-029,RET-092,17,61.43
2026-02-27,SKU-029,RET-010,15,61.43
2026-02-28,SKU-029,RET-013,18,61.43
2026-03-01,SKU-029,RET-040,16,61.43
2026-03-02,SKU-029,RET-008,20,61.43
2026-03-03,SKU-029,RET-075,22,61.43
2026-03-04,SKU-029,RET-034,21,61.43
2026-03-05,SKU-029,RET-076,18,61.43
2026-03-06,SKU-029,RET-097,20,61.43
2026-03-07,SKU-029,RET-050,19,61.43
2026-03-08,SKU-029,RET-063,18,61.43
2026-03-09,SKU-029,RET-085,23,61.43
2026-03-10,SKU-029,RET-071,22,61.43
2026-03-11,SKU-029,RET-058,15,61.43
2026-03-12,SKU-029,RET-098,18,61.43
2026-03-13,SKU-029,RET-036,24,61.43
2026-03-14,SKU-029,RET-009,18,61.43
2026-03-15,SKU-029,RET-067,25,61.43
2026-03-16,SKU-029,RET-023,19,61.43
2026-03-17,SKU-029,RET-013,9,61.43
2026-03-18,SKU-029,RET-072,19,61.43
2026-03-19,SKU-029,RET-066,19,61.43
2026-03-20,SKU-029,RET-097,26,61.43
2026-03-21,SKU-029,RET-081,26,61.43
2026-03-22,SKU-029,RET-011,15,61.43
2026-03-23,SKU-029,RET-024,26,61.43
2026-03-24,SKU-029,RET-071,22,61.43
2026-03-25,SKU-029,RET-044,24,61.43
2026-03-26,SKU-029,RET-026,20,61.43
2026-03-27,SKU-029,RET-056,27,61.43
2026-03-28,SKU-029,RET-024,22,61.43
2026-03-29,SKU-029,RET-079,19,61.43
2026-03-30,SKU-029,RET-049,23,61.43
2026-03-31,SKU-029,RET-086,20,61.43
2026-04-01,SKU-029,RET-056,21,61.43
2026-04-02,SKU-029,RET-042,22,61.43
2026-04-03,SKU-029,RET-032,23,61.43
2026-04-04,SKU-029,RET-093,22,61.43
2026-04-05,SKU-029,RET-027,13,61.43
2026-04-06,SKU-029,RET-036,20,61.43
2026-04-07,SKU-029,RET-085,17,61.43
2026-04-08,SKU-029,RET-053,15,61.43
2026-04-09,SKU-029,RET-052,13,61.43
2026-04-10,SKU-029,RET-034,21,61.43
2026-04-11,SKU-029,RET-016,25,61.43
2026-04-12,SKU-029,RET-041,27,61.43
2026-04-13,SKU-029,RET-088,21,61.43
2026-04-14,SKU-029,RET-033,29,61.43
2026-04-15,SKU-029,RET-055,19,61.43
2026-04-16,SKU-029,RET-077,18,61.43
2026-04-17,SKU-029,RET-081,29,61.43
2026-04-18,SKU-029,RET-056,21,61.43
2026-04-19,SKU-029,RET-059,10,61.43
2026-04-20,SKU-029,RET-065,19,61.43
2026-04-21,SKU-029,RET-032,15,61.43
2026-04-22,SKU-029,RET-034,21,61.43
2026-04-23,SKU-029,RET-087,20,61.43
2026-04-24,SKU-029,RET-079,15,61.43
2026-04-25,SKU-029,RET-095,16,61.43
2026-04-26,SKU-029,RET-076,24,61.43
2026-04-27,SKU-029,RET-043,18,61.43
2026-04-28,SKU-029,RET-091,20,61.43
2026-04-29,SKU-029,RET-095,17,61.43
2026-04-30,SKU-029,RET-042,22,61.43
2026-05-01,SKU-029,RET-029,32,61.43
2026-05-02,SKU-029,RET-047,28,61.43
2026-05-03,SKU-029,RET-038,24,61.43
2026-05-04,SKU-029,RET-042,19,61.43
2026-05-05,SKU-029,RET-013,27,61.43
2026-05-06,SKU-029,RET-080,8,61.43
2026-05-07,SKU-029,RET-051,26,61.43
2026-05-08,SKU-029,RET-092,20,61.43
2026-05-09,SKU-029,RET-081,24,61.43
2026-05-10,SKU-029,RET-066,21,61.43
2026-05-11,SKU-029,RET-006,15,61.43
2026-05-12,SKU-029,RET-082,24,61.43
2026-05-13,SKU-029,RET-026,14,61.43
2026-05-14,SKU-029,RET-070,15,61.43
2026-05-15,SKU-029,RET-040,22,61.43
2026-05-16,SKU-029,RET-001,19,61.43
2026-05-17,SKU-029,RET-029,19,61.43
2026-05-18,SKU-029,RET-041,25,61.43
2026-05-19,SKU-029,RET-080,15,61.43
2026-05-20,SKU-029,RET-048,20,61.43
2026-05-21,SKU-029,RET-038,12,61.43
2026-05-22,SKU-029,RET-099,29,61.43
2026-05-23,SKU-029,RET-071,18,61.43
2026-05-24,SKU-029,RET-002,21,61.43
2026-05-25,SKU-029,RET-013,14,61.43
2026-05-26,SKU-029,RET-054,28,61.43
2026-05-27,SKU-029,RET-011,12,61.43
2026-05-28,SKU-029,RET-051,16,61.43
2026-05-29,SKU-029,RET-009,15,61.43
2026-05-30,SKU-029,RET-059,21,61.43
2026-05-31,SKU-029,RET-018,10,61.43
2026-06-01,SKU-029,RET-055,14,61.43
2026-06-02,SKU-029,RET-056,18,61.43
2026-06-03,SKU-029,RET-037,17,61.43
2026-06-04,SKU-029,RET-047,22,61.43
2026-06-05,SKU-029,RET-003,18,61.43
2026-06-06,SKU-029,RET-073,17,61.43
2026-06-07,SKU-029,RET-008,21,61.43
2026-06-08,SKU-029,RET-081,13,61.43
2026-06-09,SKU-029,RET-044,17,61.43
2026-06-10,SKU-029,RET-008,21,61.43
2026-06-11,SKU-029,RET-046,15,61.43
2026-06-12,SKU-029,RET-030,29,61.43
2026-06-13,SKU-029,RET-049,14,61.43
2026-06-14,SKU-029,RET-052,11,61.43
2026-06-15,SKU-029,RET-076,23,61.43
2026-06-16,SKU-029,RET-062,15,61.43
2026-06-17,SKU-029,RET-018,16,61.43
2026-06-18,SKU-029,RET-041,16,61.43
2026-06-19,SKU-029,RET-061,20,61.43
2026-06-20,SKU-029,RET-059,19,61.43
2026-06-21,SKU-029,RET-004,15,61.43
2026-06-22,SKU-029,RET-006,15,61.43
2026-06-23,SKU-029,RET-008,17,61.43
2026-06-24,SKU-029,RET-047,21,61.43
2026-06-25,SKU-029,RET-077,16,61.43
2026-06-26,SKU-029,RET-027,21,61.43
2026-06-27,SKU-029,RET-063,25,61.43
2026-06-28,SKU-029,RET-008,15,61.43
2026-06-29,SKU-029,RET-060,21,61.43
2026-06-30,SKU-029,RET-099,27,61.43
2026-07-01,SKU-029,RET-038,13,61.43
2026-07-02,SKU-029,RET-048,15,61.43
2026-07-03,SKU-029,RET-029,12,61.43
2026-07-04,SKU-029,RET-092,24,61.43
2026-07-05,SKU-029,RET-005,11,61.43
2026-07-06,SKU-029,RET-068,13,61.43
2026-07-07,SKU-029,RET-070,20,61.43
2026-07-08,SKU-029,RET-040,12,61.43
2026-07-09,SKU-029,RET-072,12,61.43
2026-07-10,SKU-029,RET-051,18,61.43
2026-07-11,SKU-029,RET-087,25,61.43
2026-07-12,SKU-029,RET-064,17,61.43
2026-07-13,SKU-029,RET-022,13,61.43
2026-07-14,SKU-029,RET-044,16,61.43
2026-07-15,SKU-029,RET-062,19,61.43
2026-07-16,SKU-029,RET-046,14,61.43
2026-07-17,SKU-029,RET-042,16,61.43
2026-07-18,SKU-029,RET-085,13,61.43
2026-07-19,SKU-029,RET-066,21,61.43
2026-07-20,SKU-029,RET-032,11,61.43
2026-07-21,SKU-029,RET-021,14,61.43
2026-07-22,SKU-029,RET-066,13,61.43
2026-07-23,SKU-029,RET-100,19,61.43
2026-07-24,SKU-029,RET-052,19,61.43
2026-07-25,SKU-029,RET-007,20,61.43
2026-07-26,SKU-029,RET-001,13,61.43
2026-07-27,SKU-029,RET-092,16,61.43
2026-07-28,SKU-029,RET-016,15,61.43
2026-07-29,SKU-029,RET-066,17,61.43
2026-07-30,SKU-029,RET-047,15,61.43
2026-07-31,SKU-029,RET-031,12,61.43
2026-08-01,SKU-029,RET-087,23,61.43
2026-08-02,SKU-029,RET-085,21,61.43
2026-08-03,SKU-029,RET-052,14,61.43
2026-08-04,SKU-029,RET-055,11,61.43
2026-08-05,SKU-029,RET-081,9,61.43
2026-08-06,SKU-029,RET-092,16,61.43
2026-08-07,SKU-029,RET-052,19,61.43
2026-08-08,SKU-029,RET-003,13,61.43
2026-08-09,SKU-029,RET-031,15,61.43
2026-08-10,SKU-029,RET-035,8,61.43
2026-08-11,SKU-029,RET-022,9,61.43
2026-08-12,SKU-029,RET-038,19,61.43
2026-08-13,SKU-029,RET-063,11,61.43
2026-08-14,SKU-029,RET-006,29,61.43
2026-08-15,SKU-029,RET-083,19,61.43
2026-08-16,SKU-029,RET-010,19,61.43
2026-08-17,SKU-029,RET-022,14,61.43
2026-08-18,SKU-029,RET-085,12,61.43
2026-08-19,SKU-029,RET-026,7,61.43
2026-08-20,SKU-029,RET-065,13,61.43
2026-08-21,SKU-029,RET-010,23,61.43
2026-08-22,SKU-029,RET-018,13,61.43
2026-08-23,SKU-029,RET-003,12,61.43
2026-08-24,SKU-029,RET-031,19,61.43
2026-08-25,SKU-029,RET-053,12,61.43
2025-08-26,SKU-030,RET-034,11,75.16
2025-08-27,SKU-030,RET-042,13,75.16
2025-08-28,SKU-030,RET-070,14,75.16
2025-08-29,SKU-030,RET-019,16,75.16
2025-08-30,SKU-030,RET-027,21,75.16
2025-08-31,SKU-030,RET-012,13,75.16
2025-09-01,SKU-030,RET-099,9,75.16
2025-09-02,SKU-030,RET-073,12,75.16
2025-09-03,SKU-030,RET-001,10,75.16
2025-09-04,SKU-030,RET-046,11,75.16
2025-09-05,SKU-030,RET-033,12,75.16
2025-09-06,SKU-030,RET-078,14,75.16
2025-09-07,SKU-030,RET-068,10,75.16
2025-09-08,SKU-030,RET-030,8,75.16
2025-09-09,SKU-030,RET-023,14,75.16
2025-09-10,SKU-030,RET-041,6,75.16
2025-09-11,SKU-030,RET-011,12,75.16
2025-09-12,SKU-030,RET-007,16,75.16
2025-09-13,SKU-030,RET-099,12,75.16
2025-09-14,SKU-030,RET-009,15,75.16
2025-09-15,SKU-030,RET-041,10,75.16
2025-09-16,SKU-030,RET-040,14,75.16
2025-09-17,SKU-030,RET-097,13,75.16
2025-09-18,SKU-030,RET-078,10,75.16
2025-09-19,SKU-030,RET-045,14,75.16
2025-09-20,SKU-030,RET-059,16,75.16
2025-09-21,SKU-030,RET-033,8,75.16
2025-09-22,SKU-030,RET-064,12,75.16
2025-09-23,SKU-030,RET-057,10,75.16
2025-09-24,SKU-030,RET-023,11,75.16
2025-09-25,SKU-030,RET-049,7,75.16
2025-09-26,SKU-030,RET-042,12,75.16
2025-09-27,SKU-030,RET-045,18,75.16
2025-09-28,SKU-030,RET-076,12,75.16
2025-09-29,SKU-030,RET-039,17,75.16
2025-09-30,SKU-030,RET-057,11,75.16
2025-10-01,SKU-030,RET-074,14,75.16
2025-10-02,SKU-030,RET-033,15,75.16
2025-10-03,SKU-030,RET-030,20,75.16
2025-10-04,SKU-030,RET-014,19,75.16
2025-10-05,SKU-030,RET-021,14,75.16
2025-10-06,SKU-030,RET-086,14,75.16
2025-10-07,SKU-030,RET-031,12,75.16
2025-10-08,SKU-030,RET-015,12,75.16
2025-10-09,SKU-030,RET-072,13,75.16
2025-10-10,SKU-030,RET-095,11,75.16
2025-10-11,SKU-030,RET-046,15,75.16
2025-10-12,SKU-030,RET-067,17,75.16
2025-10-13,SKU-030,RET-007,15,75.16
2025-10-14,SKU-030,RET-078,19,75.16
2025-10-15,SKU-030,RET-043,13,75.16
2025-10-16,SKU-030,RET-050,9,75.16
2025-10-17,SKU-030,RET-071,14,75.16
2025-10-18,SKU-030,RET-012,22,75.16
2025-10-19,SKU-030,RET-068,11,75.16
2025-10-20,SKU-030,RET-080,12,75.16
2025-10-21,SKU-030,RET-083,14,75.16
2025-10-22,SKU-030,RET-099,9,75.16
2025-10-23,SKU-030,RET-090,24,75.16
2025-10-24,SKU-030,RET-075,26,75.16
2025-10-25,SKU-030,RET-077,11,75.16
2025-10-26,SKU-030,RET-008,13,75.16
2025-10-27,SKU-030,RET-092,13,75.16
2025-10-28,SKU-030,RET-030,14,75.16
2025-10-29,SKU-030,RET-067,17,75.16
2025-10-30,SKU-030,RET-014,16,75.16
2025-10-31,SKU-030,RET-097,17,75.16
2025-11-01,SKU-030,RET-050,19,75.16
2025-11-02,SKU-030,RET-063,17,75.16
2025-11-03,SKU-030,RET-025,14,75.16
2025-11-04,SKU-030,RET-094,14,75.16
2025-11-05,SKU-030,RET-032,16,75.16
2025-11-06,SKU-030,RET-085,10,75.16
2025-11-07,SKU-030,RET-059,23,75.16
2025-11-08,SKU-030,RET-006,23,75.16
2025-11-09,SKU-030,RET-062,13,75.16
2025-11-10,SKU-030,RET-070,16,75.16
2025-11-11,SKU-030,RET-054,18,75.16
2025-11-12,SKU-030,RET-036,8,75.16
2025-11-13,SKU-030,RET-089,10,75.16
2025-11-14,SKU-030,RET-057,20,75.16
2025-11-15,SKU-030,RET-080,20,75.16
2025-11-16,SKU-030,RET-025,15,75.16
2025-11-17,SKU-030,RET-060,8,75.16
2025-11-18,SKU-030,RET-055,19,75.16
2025-11-19,SKU-030,RET-041,22,75.16
2025-11-20,SKU-030,RET-015,12,75.16
2025-11-21,SKU-030,RET-060,18,75.16
2025-11-22,SKU-030,RET-034,14,75.16
2025-11-23,SKU-030,RET-035,19,75.16
2025-11-24,SKU-030,RET-075,17,75.16
2025-11-25,SKU-030,RET-033,17,75.16
2025-11-26,SKU-030,RET-083,20,75.16
2025-11-27,SKU-030,RET-029,16,75.16
2025-11-28,SKU-030,RET-059,18,75.16
2025-11-29,SKU-030,RET-080,15,75.16
2025-11-30,SKU-030,RET-052,15,75.16
2025-12-01,SKU-030,RET-088,13,75.16
2025-12-02,SKU-030,RET-054,14,75.16
2025-12-03,SKU-030,RET-004,14,75.16
2025-12-04,SKU-030,RET-049,15,75.16
2025-12-05,SKU-030,RET-080,17,75.16
2025-12-06,SKU-030,RET-025,10,75.16
2025-12-07,SKU-030,RET-049,19,75.16
2025-12-08,SKU-030,RET-071,16,75.16
2025-12-09,SKU-030,RET-010,15,75.16
2025-12-10,SKU-030,RET-072,7,75.16
2025-12-11,SKU-030,RET-093,15,75.16
2025-12-12,SKU-030,RET-011,22,75.16
2025-12-13,SKU-030,RET-061,10,75.16
2025-12-14,SKU-030,RET-047,10,75.16
2025-12-15,SKU-030,RET-059,10,75.16
2025-12-16,SKU-030,RET-030,13,75.16
2025-12-17,SKU-030,RET-013,16,75.16
2025-12-18,SKU-030,RET-080,16,75.16
2025-12-19,SKU-030,RET-014,10,75.16
2025-12-20,SKU-030,RET-034,19,75.16
2025-12-21,SKU-030,RET-073,15,75.16
2025-12-22,SKU-030,RET-046,6,75.16
2025-12-23,SKU-030,RET-003,19,75.16
2025-12-24,SKU-030,RET-018,7,75.16
2025-12-25,SKU-030,RET-062,11,75.16
2025-12-26,SKU-030,RET-042,20,75.16
2025-12-27,SKU-030,RET-034,23,75.16
2025-12-28,SKU-030,RET-077,11,75.16
2025-12-29,SKU-030,RET-024,5,75.16
2025-12-30,SKU-030,RET-094,12,75.16
2025-12-31,SKU-030,RET-016,13,75.16
2026-01-01,SKU-030,RET-060,7,75.16
2026-01-02,SKU-030,RET-068,13,75.16
2026-01-03,SKU-030,RET-076,18,75.16
2026-01-04,SKU-030,RET-032,12,75.16
2026-01-05,SKU-030,RET-098,9,75.16
2026-01-06,SKU-030,RET-068,17,75.16
2026-01-07,SKU-030,RET-016,15,75.16
2026-01-08,SKU-030,RET-020,13,75.16
2026-01-09,SKU-030,RET-030,18,75.16
2026-01-10,SKU-030,RET-009,14,75.16
2026-01-11,SKU-030,RET-073,15,75.16
2026-01-12,SKU-030,RET-011,15,75.16
2026-01-13,SKU-030,RET-019,14,75.16
2026-01-14,SKU-030,RET-011,22,75.16
2026-01-15,SKU-030,RET-044,12,75.16
2026-01-16,SKU-030,RET-080,24,75.16
2026-01-17,SKU-030,RET-014,22,75.16
2026-01-18,SKU-030,RET-094,19,75.16
2026-01-19,SKU-030,RET-069,15,75.16
2026-01-20,SKU-030,RET-047,9,75.16
2026-01-21,SKU-030,RET-064,11,75.16
2026-01-22,SKU-030,RET-041,15,75.16
2026-01-23,SKU-030,RET-017,15,75.16
2026-01-24,SKU-030,RET-020,20,75.16
2026-01-25,SKU-030,RET-005,13,75.16
2026-01-26,SKU-030,RET-089,14,75.16
2026-01-27,SKU-030,RET-096,13,75.16
2026-01-28,SKU-030,RET-026,11,75.16
2026-01-29,SKU-030,RET-080,18,75.16
2026-01-30,SKU-030,RET-023,12,75.16
2026-01-31,SKU-030,RET-022,13,75.16
2026-02-01,SKU-030,RET-086,14,75.16
2026-02-02,SKU-030,RET-058,20,75.16
2026-02-03,SKU-030,RET-014,12,75.16
2026-02-04,SKU-030,RET-051,12,75.16
2026-02-05,SKU-030,RET-096,14,75.16
2026-02-06,SKU-030,RET-068,14,75.16
2026-02-07,SKU-030,RET-056,18,75.16
2026-02-08,SKU-030,RET-049,16,75.16
2026-02-09,SKU-030,RET-007,14,75.16
2026-02-10,SKU-030,RET-067,12,75.16
2026-02-11,SKU-030,RET-068,16,75.16
2026-02-12,SKU-030,RET-040,14,75.16
2026-02-13,SKU-030,RET-003,17,75.16
2026-02-14,SKU-030,RET-080,27,75.16
2026-02-15,SKU-030,RET-046,13,75.16
2026-02-16,SKU-030,RET-058,16,75.16
2026-02-17,SKU-030,RET-006,22,75.16
2026-02-18,SKU-030,RET-059,20,75.16
2026-02-19,SKU-030,RET-008,15,75.16
2026-02-20,SKU-030,RET-030,18,75.16
2026-02-21,SKU-030,RET-036,26,75.16
2026-02-22,SKU-030,RET-048,16,75.16
2026-02-23,SKU-030,RET-070,17,75.16
2026-02-24,SKU-030,RET-002,14,75.16
2026-02-25,SKU-030,RET-030,18,75.16
2026-02-26,SKU-030,RET-034,14,75.16
2026-02-27,SKU-030,RET-034,23,75.16
2026-02-28,SKU-030,RET-033,19,75.16
2026-03-01,SKU-030,RET-092,13,75.16
2026-03-02,SKU-030,RET-037,13,75.16
2026-03-03,SKU-030,RET-060,17,75.16
2026-03-04,SKU-030,RET-015,18,75.16
2026-03-05,SKU-030,RET-003,14,75.16
2026-03-06,SKU-030,RET-090,22,75.16
2026-03-07,SKU-030,RET-039,26,75.16
2026-03-08,SKU-030,RET-010,20,75.16
2026-03-09,SKU-030,RET-024,14,75.16
2026-03-10,SKU-030,RET-034,17,75.16
2026-03-11,SKU-030,RET-013,18,75.16
2026-03-12,SKU-030,RET-003,12,75.16
2026-03-13,SKU-030,RET-033,11,75.16
2026-03-14,SKU-030,RET-047,20,75.16
2026-03-15,SKU-030,RET-006,15,75.16
2026-03-16,SKU-030,RET-007,15,75.16
2026-03-17,SKU-030,RET-030,18,75.16
2026-03-18,SKU-030,RET-045,14,75.16
2026-03-19,SKU-030,RET-064,11,75.16
2026-03-20,SKU-030,RET-093,20,75.16
2026-03-21,SKU-030,RET-017,20,75.16
2026-03-22,SKU-030,RET-035,10,75.16
2026-03-23,SKU-030,RET-026,19,75.16
2026-03-24,SKU-030,RET-023,16,75.16
2026-03-25,SKU-030,RET-098,12,75.16
2026-03-26,SKU-030,RET-026,14,75.16
2026-03-27,SKU-030,RET-026,18,75.16
2026-03-28,SKU-030,RET-045,19,75.16
2026-03-29,SKU-030,RET-004,20,75.16
2026-03-30,SKU-030,RET-100,12,75.16
2026-03-31,SKU-030,RET-098,14,75.16
2026-04-01,SKU-030,RET-031,10,75.16
2026-04-02,SKU-030,RET-071,25,75.16
2026-04-03,SKU-030,RET-027,26,75.16
2026-04-04,SKU-030,RET-052,18,75.16
2026-04-05,SKU-030,RET-066,18,75.16
2026-04-06,SKU-030,RET-058,17,75.16
2026-04-07,SKU-030,RET-013,17,75.16
2026-04-08,SKU-030,RET-078,20,75.16
2026-04-09,SKU-030,RET-079,11,75.16
2026-04-10,SKU-030,RET-084,27,75.16
2026-04-11,SKU-030,RET-065,28,75.16
2026-04-12,SKU-030,RET-092,23,75.16
2026-04-13,SKU-030,RET-086,25,75.16
2026-04-14,SKU-030,RET-038,20,75.16
2026-04-15,SKU-030,RET-095,12,75.16
2026-04-16,SKU-030,RET-063,18,75.16
2026-04-17,SKU-030,RET-089,16,75.16
2026-04-18,SKU-030,RET-008,13,75.16
2026-04-19,SKU-030,RET-079,15,75.16
2026-04-20,SKU-030,RET-048,18,75.16
2026-04-21,SKU-030,RET-043,25,75.16
2026-04-22,SKU-030,RET-070,20,75.16
2026-04-23,SKU-030,RET-033,15,75.16
2026-04-24,SKU-030,RET-038,29,75.16
2026-04-25,SKU-030,RET-062,24,75.16
2026-04-26,SKU-030,RET-020,18,75.16
2026-04-27,SKU-030,RET-050,15,75.16
2026-04-28,SKU-030,RET-038,13,75.16
2026-04-29,SKU-030,RET-084,18,75.16
2026-04-30,SKU-030,RET-064,14,75.16
2026-05-01,SKU-030,RET-038,25,75.16
2026-05-02,SKU-030,RET-080,14,75.16
2026-05-03,SKU-030,RET-054,15,75.16
2026-05-04,SKU-030,RET-099,17,75.16
2026-05-05,SKU-030,RET-030,10,75.16
2026-05-06,SKU-030,RET-095,18,75.16
2026-05-07,SKU-030,RET-046,14,75.16
2026-05-08,SKU-030,RET-001,26,75.16
2026-05-09,SKU-030,RET-021,20,75.16
2026-05-10,SKU-030,RET-050,16,75.16
2026-05-11,SKU-030,RET-064,21,75.16
2026-05-12,SKU-030,RET-010,21,75.16
2026-05-13,SKU-030,RET-028,16,75.16
2026-05-14,SKU-030,RET-075,18,75.16
2026-05-15,SKU-030,RET-053,20,75.16
2026-05-16,SKU-030,RET-062,20,75.16
2026-05-17,SKU-030,RET-015,13,75.16
2026-05-18,SKU-030,RET-051,13,75.16
2026-05-19,SKU-030,RET-038,17,75.16
2026-05-20,SKU-030,RET-038,10,75.16
2026-05-21,SKU-030,RET-043,11,75.16
2026-05-22,SKU-030,RET-061,19,75.16
2026-05-23,SKU-030,RET-092,21,75.16
2026-05-24,SKU-030,RET-091,16,75.16
2026-05-25,SKU-030,RET-028,12,75.16
2026-05-26,SKU-030,RET-043,23,75.16
2026-05-27,SKU-030,RET-033,14,75.16
2026-05-28,SKU-030,RET-055,13,75.16
2026-05-29,SKU-030,RET-088,26,75.16
2026-05-30,SKU-030,RET-080,13,75.16
2026-05-31,SKU-030,RET-064,13,75.16
2026-06-01,SKU-030,RET-004,12,75.16
2026-06-02,SKU-030,RET-096,9,75.16
2026-06-03,SKU-030,RET-091,17,75.16
2026-06-04,SKU-030,RET-036,11,75.16
2026-06-05,SKU-030,RET-036,14,75.16
2026-06-06,SKU-030,RET-021,20,75.16
2026-06-07,SKU-030,RET-079,17,75.16
2026-06-08,SKU-030,RET-070,19,75.16
2026-06-09,SKU-030,RET-010,17,75.16
2026-06-10,SKU-030,RET-065,7,75.16
2026-06-11,SKU-030,RET-090,16,75.16
2026-06-12,SKU-030,RET-035,17,75.16
2026-06-13,SKU-030,RET-066,10,75.16
2026-06-14,SKU-030,RET-044,14,75.16
2026-06-15,SKU-030,RET-075,15,75.16
2026-06-16,SKU-030,RET-088,13,75.16
2026-06-17,SKU-030,RET-092,20,75.16
2026-06-18,SKU-030,RET-081,14,75.16
2026-06-19,SKU-030,RET-049,22,75.16
2026-06-20,SKU-030,RET-083,12,75.16
2026-06-21,SKU-030,RET-015,13,75.16
2026-06-22,SKU-030,RET-001,8,75.16
2026-06-23,SKU-030,RET-061,15,75.16
2026-06-24,SKU-030,RET-022,25,75.16
2026-06-25,SKU-030,RET-067,14,75.16
2026-06-26,SKU-030,RET-063,21,75.16
2026-06-27,SKU-030,RET-080,15,75.16
2026-06-28,SKU-030,RET-073,20,75.16
2026-06-29,SKU-030,RET-095,13,75.16
2026-06-30,SKU-030,RET-011,15,75.16
2026-07-01,SKU-030,RET-050,11,75.16
2026-07-02,SKU-030,RET-037,19,75.16
2026-07-03,SKU-030,RET-083,12,75.16
2026-07-04,SKU-030,RET-091,24,75.16
2026-07-05,SKU-030,RET-009,22,75.16
2026-07-06,SKU-030,RET-042,11,75.16
2026-07-07,SKU-030,RET-001,13,75.16
2026-07-08,SKU-030,RET-078,15,75.16
2026-07-09,SKU-030,RET-044,14,75.16
2026-07-10,SKU-030,RET-035,21,75.16
2026-07-11,SKU-030,RET-034,15,75.16
2026-07-12,SKU-030,RET-031,22,75.16
2026-07-13,SKU-030,RET-040,11,75.16
2026-07-14,SKU-030,RET-022,11,75.16
2026-07-15,SKU-030,RET-033,20,75.16
2026-07-16,SKU-030,RET-007,14,75.16
2026-07-17,SKU-030,RET-088,12,75.16
2026-07-18,SKU-030,RET-100,20,75.16
2026-07-19,SKU-030,RET-033,14,75.16
2026-07-20,SKU-030,RET-054,12,75.16
2026-07-21,SKU-030,RET-068,14,75.16
2026-07-22,SKU-030,RET-067,18,75.16
2026-07-23,SKU-030,RET-043,9,75.16
2026-07-24,SKU-030,RET-047,15,75.16
2026-07-25,SKU-030,RET-094,17,75.16
2026-07-26,SKU-030,RET-014,9,75.16
2026-07-27,SKU-030,RET-047,19,75.16
2026-07-28,SKU-030,RET-069,13,75.16
2026-07-29,SKU-030,RET-034,10,75.16
2026-07-30,SKU-030,RET-053,7,75.16
2026-07-31,SKU-030,RET-023,15,75.16
2026-08-01,SKU-030,RET-095,20,75.16
2026-08-02,SKU-030,RET-008,9,75.16
2026-08-03,SKU-030,RET-084,15,75.16
2026-08-04,SKU-030,RET-063,14,75.16
2026-08-05,SKU-030,RET-025,11,75.16
2026-08-06,SKU-030,RET-093,14,75.16
2026-08-07,SKU-030,RET-019,9,75.16
2026-08-08,SKU-030,RET-035,20,75.16
2026-08-09,SKU-030,RET-015,6,75.16
2026-08-10,SKU-030,RET-004,14,75.16
2026-08-11,SKU-030,RET-034,19,75.16
2026-08-12,SKU-030,RET-061,17,75.16
2026-08-13,SKU-030,RET-033,14,75.16
2026-08-14,SKU-030,RET-013,18,75.16
2026-08-15,SKU-030,RET-025,9,75.16
2026-08-16,SKU-030,RET-033,9,75.16
2026-08-17,SKU-030,RET-068,9,75.16
2026-08-18,SKU-030,RET-095,15,75.16
2026-08-19,SKU-030,RET-043,15,75.16
2026-08-20,SKU-030,RET-069,5,75.16
2026-08-21,SKU-030,RET-034,16,75.16
2026-08-22,SKU-030,RET-037,11,75.16
2026-08-23,SKU-030,RET-093,11,75.16
2026-08-24,SKU-030,RET-023,8,75.16
2026-08-25,SKU-030,RET-052,12,75.16
2025-08-26,SKU-031,RET-087,30,149.41
2025-08-27,SKU-031,RET-021,21,149.41
2025-08-28,SKU-031,RET-037,17,149.41
2025-08-29,SKU-031,RET-037,22,149.41
2025-08-30,SKU-031,RET-025,19,149.41
2025-08-31,SKU-031,RET-074,16,149.41
2025-09-01,SKU-031,RET-097,21,149.41
2025-09-02,SKU-031,RET-030,16,149.41
2025-09-03,SKU-031,RET-009,20,149.41
2025-09-04,SKU-031,RET-096,28,149.41
2025-09-05,SKU-031,RET-029,30,149.41
2025-09-06,SKU-031,RET-015,26,149.41
2025-09-07,SKU-031,RET-050,19,149.41
2025-09-08,SKU-031,RET-026,12,149.41
2025-09-09,SKU-031,RET-050,20,149.41
2025-09-10,SKU-031,RET-071,23,149.41
2025-09-11,SKU-031,RET-011,19,149.41
2025-09-12,SKU-031,RET-066,24,149.41
2025-09-13,SKU-031,RET-040,23,149.41
2025-09-14,SKU-031,RET-008,19,149.41
2025-09-15,SKU-031,RET-100,22,149.41
2025-09-16,SKU-031,RET-083,22,149.41
2025-09-17,SKU-031,RET-072,16,149.41
2025-09-18,SKU-031,RET-098,27,149.41
2025-09-19,SKU-031,RET-063,23,149.41
2025-09-20,SKU-031,RET-021,25,149.41
2025-09-21,SKU-031,RET-062,18,149.41
2025-09-22,SKU-031,RET-046,17,149.41
2025-09-23,SKU-031,RET-011,17,149.41
2025-09-24,SKU-031,RET-094,21,149.41
2025-09-25,SKU-031,RET-099,18,149.41
2025-09-26,SKU-031,RET-038,26,149.41
2025-09-27,SKU-031,RET-080,21,149.41
2025-09-28,SKU-031,RET-003,27,149.41
2025-09-29,SKU-031,RET-014,21,149.41
2025-09-30,SKU-031,RET-096,16,149.41
2025-10-01,SKU-031,RET-067,29,149.41
2025-10-02,SKU-031,RET-045,24,149.41
2025-10-03,SKU-031,RET-021,30,149.41
2025-10-04,SKU-031,RET-002,29,149.41
2025-10-05,SKU-031,RET-052,27,149.41
2025-10-06,SKU-031,RET-055,29,149.41
2025-10-07,SKU-031,RET-039,28,149.41
2025-10-08,SKU-031,RET-100,26,149.41
2025-10-09,SKU-031,RET-052,28,149.41
2025-10-10,SKU-031,RET-030,29,149.41
2025-10-11,SKU-031,RET-054,37,149.41
2025-10-12,SKU-031,RET-019,33,149.41
2025-10-13,SKU-031,RET-002,26,149.41
2025-10-14,SKU-031,RET-100,27,149.41
2025-10-15,SKU-031,RET-087,25,149.41
2025-10-16,SKU-031,RET-004,25,149.41
2025-10-17,SKU-031,RET-070,40,149.41
2025-10-18,SKU-031,RET-076,27,149.41
2025-10-19,SKU-031,RET-074,30,149.41
2025-10-20,SKU-031,RET-023,25,149.41
2025-10-21,SKU-031,RET-020,34,149.41
2025-10-22,SKU-031,RET-018,27,149.41
2025-10-23,SKU-031,RET-053,32,149.41
2025-10-24,SKU-031,RET-089,33,149.41
2025-10-25,SKU-031,RET-089,36,149.41
2025-10-26,SKU-031,RET-008,28,149.41
2025-10-27,SKU-031,RET-049,21,149.41
2025-10-28,SKU-031,RET-074,37,149.41
2025-10-29,SKU-031,RET-025,35,149.41
2025-10-30,SKU-031,RET-032,42,149.41
2025-10-31,SKU-031,RET-088,32,149.41
2025-11-01,SKU-031,RET-079,39,149.41
2025-11-02,SKU-031,RET-074,28,149.41
2025-11-03,SKU-031,RET-026,20,149.41
2025-11-04,SKU-031,RET-058,27,149.41
2025-11-05,SKU-031,RET-030,30,149.41
2025-11-06,SKU-031,RET-058,25,149.41
2025-11-07,SKU-031,RET-033,30,149.41
2025-11-08,SKU-031,RET-095,44,149.41
2025-11-09,SKU-031,RET-052,20,149.41
2025-11-10,SKU-031,RET-026,33,149.41
2025-11-11,SKU-031,RET-030,33,149.41
2025-11-12,SKU-031,RET-046,34,149.41
2025-11-13,SKU-031,RET-092,38,149.41
2025-11-14,SKU-031,RET-051,39,149.41
2025-11-15,SKU-031,RET-044,37,149.41
2025-11-16,SKU-031,RET-059,31,149.41
2025-11-17,SKU-031,RET-014,25,149.41
2025-11-18,SKU-031,RET-094,27,149.41
2025-11-19,SKU-031,RET-029,29,149.41
2025-11-20,SKU-031,RET-090,30,149.41
2025-11-21,SKU-031,RET-008,28,149.41
2025-11-22,SKU-031,RET-062,30,149.41
2025-11-23,SKU-031,RET-012,30,149.41
2025-11-24,SKU-031,RET-010,36,149.41
2025-11-25,SKU-031,RET-041,30,149.41
2025-11-26,SKU-031,RET-017,22,149.41
2025-11-27,SKU-031,RET-071,34,149.41
2025-11-28,SKU-031,RET-031,31,149.41
2025-11-29,SKU-031,RET-069,32,149.41
2025-11-30,SKU-031,RET-016,29,149.41
2025-12-01,SKU-031,RET-017,27,149.41
2025-12-02,SKU-031,RET-032,19,149.41
2025-12-03,SKU-031,RET-049,32,149.41
2025-12-04,SKU-031,RET-031,28,149.41
2025-12-05,SKU-031,RET-023,22,149.41
2025-12-06,SKU-031,RET-007,17,149.41
2025-12-07,SKU-031,RET-043,22,149.41
2025-12-08,SKU-031,RET-075,25,149.41
2025-12-09,SKU-031,RET-090,13,149.41
2025-12-10,SKU-031,RET-097,23,149.41
2025-12-11,SKU-031,RET-096,24,149.41
2025-12-12,SKU-031,RET-066,24,149.41
2025-12-13,SKU-031,RET-039,34,149.41
2025-12-14,SKU-031,RET-010,16,149.41
2025-12-15,SKU-031,RET-023,32,149.41
2025-12-16,SKU-031,RET-038,27,149.41
2025-12-17,SKU-031,RET-009,32,149.41
2025-12-18,SKU-031,RET-015,22,149.41
2025-12-19,SKU-031,RET-097,24,149.41
2025-12-20,SKU-031,RET-087,21,149.41
2025-12-21,SKU-031,RET-075,17,149.41
2025-12-22,SKU-031,RET-059,22,149.41
2025-12-23,SKU-031,RET-020,21,149.41
2025-12-24,SKU-031,RET-088,21,149.41
2025-12-25,SKU-031,RET-072,21,149.41
2025-12-26,SKU-031,RET-065,31,149.41
2025-12-27,SKU-031,RET-047,26,149.41
2025-12-28,SKU-031,RET-081,32,149.41
2025-12-29,SKU-031,RET-035,28,149.41
2025-12-30,SKU-031,RET-059,28,149.41
2025-12-31,SKU-031,RET-083,24,149.41
2026-01-01,SKU-031,RET-037,29,149.41
2026-01-02,SKU-031,RET-008,41,149.41
2026-01-03,SKU-031,RET-086,30,149.41
2026-01-04,SKU-031,RET-051,27,149.41
2026-01-05,SKU-031,RET-084,30,149.41
2026-01-06,SKU-031,RET-005,27,149.41
2026-01-07,SKU-031,RET-064,36,149.41
2026-01-08,SKU-031,RET-069,33,149.41
2026-01-09,SKU-031,RET-006,30,149.41
2026-01-10,SKU-031,RET-068,38,149.41
2026-01-11,SKU-031,RET-045,20,149.41
2026-01-12,SKU-031,RET-041,28,149.41
2026-01-13,SKU-031,RET-040,20,149.41
2026-01-14,SKU-031,RET-026,24,149.41
2026-01-15,SKU-031,RET-044,31,149.41
2026-01-16,SKU-031,RET-059,33,149.41
2026-01-17,SKU-031,RET-001,37,149.41
2026-01-18,SKU-031,RET-021,37,149.41
2026-01-19,SKU-031,RET-029,36,149.41
2026-01-20,SKU-031,RET-047,23,149.41
2026-01-21,SKU-031,RET-062,31,149.41
2026-01-22,SKU-031,RET-054,23,149.41
2026-01-23,SKU-031,RET-043,27,149.41
2026-01-24,SKU-031,RET-060,26,149.41
2026-01-25,SKU-031,RET-091,29,149.41
2026-01-26,SKU-031,RET-077,24,149.41
2026-01-27,SKU-031,RET-019,23,149.41
2026-01-28,SKU-031,RET-023,24,149.41
2026-01-29,SKU-031,RET-074,26,149.41
2026-01-30,SKU-031,RET-086,26,149.41
2026-01-31,SKU-031,RET-042,40,149.41
2026-02-01,SKU-031,RET-077,31,149.41
2026-02-02,SKU-031,RET-038,27,149.41
2026-02-03,SKU-031,RET-072,28,149.41
2026-02-04,SKU-031,RET-006,24,149.41
2026-02-05,SKU-031,RET-046,29,149.41
2026-02-06,SKU-031,RET-023,35,149.41
2026-02-07,SKU-031,RET-073,29,149.41
2026-02-08,SKU-031,RET-019,22,149.41
2026-02-09,SKU-031,RET-041,38,149.41
2026-02-10,SKU-031,RET-004,32,149.41
2026-02-11,SKU-031,RET-095,19,149.41
2026-02-12,SKU-031,RET-083,27,149.41
2026-02-13,SKU-031,RET-097,38,149.41
2026-02-14,SKU-031,RET-097,35,149.41
2026-02-15,SKU-031,RET-088,26,149.41
2026-02-16,SKU-031,RET-048,36,149.41
2026-02-17,SKU-031,RET-054,29,149.41
2026-02-18,SKU-031,RET-053,21,149.41
2026-02-19,SKU-031,RET-007,17,149.41
2026-02-20,SKU-031,RET-050,42,149.41
2026-02-21,SKU-031,RET-050,32,149.41
2026-02-22,SKU-031,RET-030,30,149.41
2026-02-23,SKU-031,RET-086,30,149.41
2026-02-24,SKU-031,RET-004,29,149.41
2026-02-25,SKU-031,RET-052,30,149.41
2026-02-26,SKU-031,RET-031,45,149.41
2026-02-27,SKU-031,RET-054,29,149.41
2026-02-28,SKU-031,RET-055,38,149.41
2026-03-01,SKU-031,RET-043,23,149.41
2026-03-02,SKU-031,RET-017,34,149.41
2026-03-03,SKU-031,RET-090,28,149.41
2026-03-04,SKU-031,RET-037,30,149.41
2026-03-05,SKU-031,RET-078,26,149.41
2026-03-06,SKU-031,RET-046,41,149.41
2026-03-07,SKU-031,RET-050,35,149.41
2026-03-08,SKU-031,RET-002,33,149.41
2026-03-09,SKU-031,RET-028,22,149.41
2026-03-10,SKU-031,RET-065,26,149.41
2026-03-11,SKU-031,RET-038,32,149.41
2026-03-12,SKU-031,RET-001,29,149.41
2026-03-13,SKU-031,RET-041,35,149.41
2026-03-14,SKU-031,RET-067,44,149.41
2026-03-15,SKU-031,RET-061,35,149.41
2026-03-16,SKU-031,RET-049,28,149.41
2026-03-17,SKU-031,RET-024,21,149.41
2026-03-18,SKU-031,RET-030,26,149.41
2026-03-19,SKU-031,RET-060,29,149.41
2026-03-20,SKU-031,RET-062,34,149.41
2026-03-21,SKU-031,RET-006,32,149.41
2026-03-22,SKU-031,RET-061,35,149.41
2026-03-23,SKU-031,RET-015,31,149.41
2026-03-24,SKU-031,RET-085,34,149.41
2026-03-25,SKU-031,RET-091,44,149.41
2026-03-26,SKU-031,RET-096,26,149.41
2026-03-27,SKU-031,RET-001,38,149.41
2026-03-28,SKU-031,RET-072,28,149.41
2026-03-29,SKU-031,RET-096,31,149.41
2026-03-30,SKU-031,RET-042,33,149.41
2026-03-31,SKU-031,RET-056,31,149.41
2026-04-01,SKU-031,RET-009,31,149.41
2026-04-02,SKU-031,RET-039,23,149.41
2026-04-03,SKU-031,RET-004,38,149.41
2026-04-04,SKU-031,RET-005,34,149.41
2026-04-05,SKU-031,RET-076,29,149.41
2026-04-06,SKU-031,RET-056,26,149.41
2026-04-07,SKU-031,RET-059,28,149.41
2026-04-08,SKU-031,RET-025,28,149.41
2026-04-09,SKU-031,RET-078,28,149.41
2026-04-10,SKU-031,RET-071,41,149.41
2026-04-11,SKU-031,RET-033,37,149.41
2026-04-12,SKU-031,RET-078,32,149.41
2026-04-13,SKU-031,RET-037,29,149.41
2026-04-14,SKU-031,RET-084,31,149.41
2026-04-15,SKU-031,RET-076,26,149.41
2026-04-16,SKU-031,RET-088,29,149.41
2026-04-17,SKU-031,RET-022,31,149.41
2026-04-18,SKU-031,RET-010,34,149.41
2026-04-19,SKU-031,RET-067,33,149.41
2026-04-20,SKU-031,RET-057,26,149.41
2026-04-21,SKU-031,RET-091,21,149.41
2026-04-22,SKU-031,RET-005,43,149.41
2026-04-23,SKU-031,RET-096,28,149.41
2026-04-24,SKU-031,RET-052,35,149.41
2026-04-25,SKU-031,RET-092,40,149.41
2026-04-26,SKU-031,RET-049,28,149.41
2026-04-27,SKU-031,RET-024,26,149.41
2026-04-28,SKU-031,RET-080,31,149.41
2026-04-29,SKU-031,RET-060,42,149.41
2026-04-30,SKU-031,RET-035,22,149.41
2026-05-01,SKU-031,RET-097,45,149.41
2026-05-02,SKU-031,RET-065,39,149.41
2026-05-03,SKU-031,RET-011,32,149.41
2026-05-04,SKU-031,RET-026,35,149.41
2026-05-05,SKU-031,RET-038,32,149.41
2026-05-06,SKU-031,RET-054,22,149.41
2026-05-07,SKU-031,RET-089,31,149.41
2026-05-08,SKU-031,RET-011,30,149.41
2026-05-09,SKU-031,RET-009,38,149.41
2026-05-10,SKU-031,RET-067,29,149.41
2026-05-11,SKU-031,RET-061,30,149.41
2026-05-12,SKU-031,RET-097,23,149.41
2026-05-13,SKU-031,RET-058,28,149.41
2026-05-14,SKU-031,RET-072,28,149.41
2026-05-15,SKU-031,RET-018,38,149.41
2026-05-16,SKU-031,RET-097,37,149.41
2026-05-17,SKU-031,RET-082,27,149.41
2026-05-18,SKU-031,RET-030,28,149.41
2026-05-19,SKU-031,RET-078,21,149.41
2026-05-20,SKU-031,RET-073,38,149.41
2026-05-21,SKU-031,RET-045,23,149.41
2026-05-22,SKU-031,RET-026,41,149.41
2026-05-23,SKU-031,RET-085,38,149.41
2026-05-24,SKU-031,RET-044,31,149.41
2026-05-25,SKU-031,RET-075,37,149.41
2026-05-26,SKU-031,RET-043,30,149.41
2026-05-27,SKU-031,RET-082,21,149.41
2026-05-28,SKU-031,RET-082,28,149.41
2026-05-29,SKU-031,RET-100,35,149.41
2026-05-30,SKU-031,RET-032,41,149.41
2026-05-31,SKU-031,RET-029,35,149.41
2026-06-01,SKU-031,RET-081,25,149.41
2026-06-02,SKU-031,RET-058,28,149.41
2026-06-03,SKU-031,RET-069,21,149.41
2026-06-04,SKU-031,RET-065,26,149.41
2026-06-05,SKU-031,RET-074,38,149.41
2026-06-06,SKU-031,RET-019,40,149.41
2026-06-07,SKU-031,RET-034,20,149.41
2026-06-08,SKU-031,RET-008,28,149.41
2026-06-09,SKU-031,RET-080,22,149.41
2026-06-10,SKU-031,RET-068,32,149.41
2026-06-11,SKU-031,RET-075,22,149.41
2026-06-12,SKU-031,RET-070,38,149.41
2026-06-13,SKU-031,RET-086,37,149.41
2026-06-14,SKU-031,RET-053,28,149.41
2026-06-15,SKU-031,RET-015,22,149.41
2026-06-16,SKU-031,RET-078,33,149.41
2026-06-17,SKU-031,RET-092,23,149.41
2026-06-18,SKU-031,RET-042,24,149.41
2026-06-19,SKU-031,RET-019,32,149.41
2026-06-20,SKU-031,RET-039,22,149.41
2026-06-21,SKU-031,RET-022,44,149.41
2026-06-22,SKU-031,RET-005,32,149.41
2026-06-23,SKU-031,RET-055,28,149.41
2026-06-24,SKU-031,RET-078,19,149.41
2026-06-25,SKU-031,RET-006,22,149.41
2026-06-26,SKU-031,RET-035,32,149.41
2026-06-27,SKU-031,RET-089,35,149.41
2026-06-28,SKU-031,RET-089,21,149.41
2026-06-29,SKU-031,RET-036,25,149.41
2026-06-30,SKU-031,RET-015,22,149.41
2026-07-01,SKU-031,RET-029,27,149.41
2026-07-02,SKU-031,RET-052,25,149.41
2026-07-03,SKU-031,RET-077,30,149.41
2026-07-04,SKU-031,RET-058,34,149.41
2026-07-05,SKU-031,RET-044,24,149.41
2026-07-06,SKU-031,RET-054,25,149.41
2026-07-07,SKU-031,RET-042,25,149.41
2026-07-08,SKU-031,RET-090,32,149.41
2026-07-09,SKU-031,RET-091,36,149.41
2026-07-10,SKU-031,RET-022,42,149.41
2026-07-11,SKU-031,RET-048,30,149.41
2026-07-12,SKU-031,RET-009,20,149.41
2026-07-13,SKU-031,RET-009,25,149.41
2026-07-14,SKU-031,RET-055,16,149.41
2026-07-15,SKU-031,RET-047,24,149.41
2026-07-16,SKU-031,RET-090,23,149.41
2026-07-17,SKU-031,RET-029,30,149.41
2026-07-18,SKU-031,RET-009,34,149.41
2026-07-19,SKU-031,RET-040,22,149.41
2026-07-20,SKU-031,RET-057,27,149.41
2026-07-21,SKU-031,RET-057,24,149.41
2026-07-22,SKU-031,RET-070,24,149.41
2026-07-23,SKU-031,RET-031,23,149.41
2026-07-24,SKU-031,RET-071,29,149.41
2026-07-25,SKU-031,RET-063,33,149.41
2026-07-26,SKU-031,RET-022,20,149.41
2026-07-27,SKU-031,RET-071,26,149.41
2026-07-28,SKU-031,RET-004,22,149.41
2026-07-29,SKU-031,RET-036,21,149.41
2026-07-30,SKU-031,RET-086,30,149.41
2026-07-31,SKU-031,RET-075,34,149.41
2026-08-01,SKU-031,RET-070,24,149.41
2026-08-02,SKU-031,RET-045,33,149.41
2026-08-03,SKU-031,RET-008,18,149.41
2026-08-04,SKU-031,RET-095,16,149.41
2026-08-05,SKU-031,RET-013,25,149.41
2026-08-06,SKU-031,RET-042,26,149.41
2026-08-07,SKU-031,RET-010,24,149.41
2026-08-08,SKU-031,RET-040,31,149.41
2026-08-09,SKU-031,RET-095,18,149.41
2026-08-10,SKU-031,RET-083,18,149.41
2026-08-11,SKU-031,RET-058,27,149.41
2026-08-12,SKU-031,RET-020,39,149.41
2026-08-13,SKU-031,RET-099,21,149.41
2026-08-14,SKU-031,RET-098,28,149.41
2026-08-15,SKU-031,RET-019,26,149.41
2026-08-16,SKU-031,RET-079,28,149.41
2026-08-17,SKU-031,RET-027,24,149.41
2026-08-18,SKU-031,RET-048,19,149.41
2026-08-19,SKU-031,RET-071,17,149.41
2026-08-20,SKU-031,RET-079,18,149.41
2026-08-21,SKU-031,RET-089,23,149.41
2026-08-22,SKU-031,RET-045,27,149.41
2026-08-23,SKU-031,RET-086,19,149.41
2026-08-24,SKU-031,RET-034,23,149.41
2026-08-25,SKU-031,RET-059,19,149.41
2025-08-26,SKU-032,RET-012,19,160.92
2025-08-27,SKU-032,RET-003,24,160.92
2025-08-28,SKU-032,RET-037,35,160.92
2025-08-29,SKU-032,RET-064,26,160.92
2025-08-30,SKU-032,RET-040,24,160.92
2025-08-31,SKU-032,RET-084,22,160.92
2025-09-01,SKU-032,RET-099,17,160.92
2025-09-02,SKU-032,RET-022,25,160.92
2025-09-03,SKU-032,RET-046,22,160.92
2025-09-04,SKU-032,RET-076,26,160.92
2025-09-05,SKU-032,RET-089,31,160.92
2025-09-06,SKU-032,RET-026,25,160.92
2025-09-07,SKU-032,RET-093,22,160.92
2025-09-08,SKU-032,RET-005,21,160.92
2025-09-09,SKU-032,RET-005,28,160.92
2025-09-10,SKU-032,RET-063,24,160.92
2025-09-11,SKU-032,RET-063,24,160.92
2025-09-12,SKU-032,RET-073,35,160.92
2025-09-13,SKU-032,RET-081,31,160.92
2025-09-14,SKU-032,RET-024,25,160.92
2025-09-15,SKU-032,RET-074,15,160.92
2025-09-16,SKU-032,RET-096,9,160.92
2025-09-17,SKU-032,RET-012,14,160.92
2025-09-18,SKU-032,RET-093,22,160.92
2025-09-19,SKU-032,RET-062,27,160.92
2025-09-20,SKU-032,RET-065,39,160.92
2025-09-21,SKU-032,RET-004,29,160.92
2025-09-22,SKU-032,RET-067,24,160.92
2025-09-23,SKU-032,RET-078,22,160.92
2025-09-24,SKU-032,RET-091,22,160.92
2025-09-25,SKU-032,RET-009,25,160.92
2025-09-26,SKU-032,RET-005,25,160.92
2025-09-27,SKU-032,RET-065,33,160.92
2025-09-28,SKU-032,RET-030,26,160.92
2025-09-29,SKU-032,RET-091,29,160.92
2025-09-30,SKU-032,RET-090,20,160.92
2025-10-01,SKU-032,RET-076,31,160.92
2025-10-02,SKU-032,RET-027,28,160.92
2025-10-03,SKU-032,RET-024,32,160.92
2025-10-04,SKU-032,RET-025,39,160.92
2025-10-05,SKU-032,RET-057,32,160.92
2025-10-06,SKU-032,RET-072,23,160.92
2025-10-07,SKU-032,RET-025,34,160.92
2025-10-08,SKU-032,RET-008,37,160.92
2025-10-09,SKU-032,RET-079,29,160.92
2025-10-10,SKU-032,RET-037,31,160.92
2025-10-11,SKU-032,RET-080,44,160.92
2025-10-12,SKU-032,RET-061,40,160.92
2025-10-13,SKU-032,RET-060,26,160.92
2025-10-14,SKU-032,RET-060,19,160.92
2025-10-15,SKU-032,RET-069,28,160.92
2025-10-16,SKU-032,RET-067,30,160.92
2025-10-17,SKU-032,RET-063,31,160.92
2025-10-18,SKU-032,RET-055,42,160.92
2025-10-19,SKU-032,RET-063,36,160.92
2025-10-20,SKU-032,RET-025,26,160.92
2025-10-21,SKU-032,RET-100,30,160.92
2025-10-22,SKU-032,RET-020,32,160.92
2025-10-23,SKU-032,RET-008,25,160.92
2025-10-24,SKU-032,RET-006,32,160.92
2025-10-25,SKU-032,RET-100,28,160.92
2025-10-26,SKU-032,RET-073,35,160.92
2025-10-27,SKU-032,RET-082,32,160.92
2025-10-28,SKU-032,RET-089,26,160.92
2025-10-29,SKU-032,RET-050,29,160.92
2025-10-30,SKU-032,RET-020,27,160.92
2025-10-31,SKU-032,RET-075,28,160.92
2025-11-01,SKU-032,RET-086,32,160.92
2025-11-02,SKU-032,RET-100,30,160.92
2025-11-03,SKU-032,RET-081,25,160.92
2025-11-04,SKU-032,RET-034,34,160.92
2025-11-05,SKU-032,RET-053,42,160.92
2025-11-06,SKU-032,RET-061,37,160.92
2025-11-07,SKU-032,RET-093,44,160.92
2025-11-08,SKU-032,RET-039,49,160.92
2025-11-09,SKU-032,RET-058,33,160.92
2025-11-10,SKU-032,RET-028,35,160.92
2025-11-11,SKU-032,RET-060,38,160.92
2025-11-12,SKU-032,RET-004,34,160.92
2025-11-13,SKU-032,RET-084,25,160.92
2025-11-14,SKU-032,RET-036,29,160.92
2025-11-15,SKU-032,RET-077,40,160.92
2025-11-16,SKU-032,RET-021,28,160.92
2025-11-17,SKU-032,RET-090,34,160.92
2025-11-18,SKU-032,RET-069,31,160.92
2025-11-19,SKU-032,RET-051,32,160.92
2025-11-20,SKU-032,RET-003,38,160.92
2025-11-21,SKU-032,RET-052,40,160.92
2025-11-22,SKU-032,RET-046,33,160.92
2025-11-23,SKU-032,RET-060,31,160.92
2025-11-24,SKU-032,RET-031,43,160.92
2025-11-25,SKU-032,RET-006,20,160.92
2025-11-26,SKU-032,RET-006,23,160.92
2025-11-27,SKU-032,RET-009,32,160.92
2025-11-28,SKU-032,RET-063,36,160.92
2025-11-29,SKU-032,RET-037,44,160.92
2025-11-30,SKU-032,RET-010,26,160.92
2025-12-01,SKU-032,RET-087,26,160.92
2025-12-02,SKU-032,RET-051,28,160.92
2025-12-03,SKU-032,RET-030,26,160.92
2025-12-04,SKU-032,RET-046,26,160.92
2025-12-05,SKU-032,RET-091,35,160.92
2025-12-06,SKU-032,RET-031,36,160.92
2025-12-07,SKU-032,RET-073,23,160.92
2025-12-08,SKU-032,RET-010,27,160.92
2025-12-09,SKU-032,RET-057,38,160.92
2025-12-10,SKU-032,RET-014,23,160.92
2025-12-11,SKU-032,RET-087,20,160.92
2025-12-12,SKU-032,RET-008,38,160.92
2025-12-13,SKU-032,RET-078,31,160.92
2025-12-14,SKU-032,RET-065,33,160.92
2025-12-15,SKU-032,RET-006,28,160.92
2025-12-16,SKU-032,RET-036,28,160.92
2025-12-17,SKU-032,RET-068,23,160.92
2025-12-18,SKU-032,RET-044,21,160.92
2025-12-19,SKU-032,RET-082,23,160.92
2025-12-20,SKU-032,RET-016,37,160.92
2025-12-21,SKU-032,RET-033,27,160.92
2025-12-22,SKU-032,RET-051,21,160.92
2025-12-23,SKU-032,RET-077,21,160.92
2025-12-24,SKU-032,RET-077,30,160.92
2025-12-25,SKU-032,RET-063,29,160.92
2025-12-26,SKU-032,RET-065,32,160.92
2025-12-27,SKU-032,RET-029,48,160.92
2025-12-28,SKU-032,RET-032,13,160.92
2025-12-29,SKU-032,RET-093,32,160.92
2025-12-30,SKU-032,RET-001,35,160.92
2025-12-31,SKU-032,RET-024,20,160.92
2026-01-01,SKU-032,RET-076,28,160.92
2026-01-02,SKU-032,RET-012,32,160.92
2026-01-03,SKU-032,RET-067,35,160.92
2026-01-04,SKU-032,RET-017,32,160.92
2026-01-05,SKU-032,RET-098,32,160.92
2026-01-06,SKU-032,RET-086,28,160.92
2026-01-07,SKU-032,RET-008,31,160.92
2026-01-08,SKU-032,RET-089,22,160.92
2026-01-09,SKU-032,RET-057,23,160.92
2026-01-10,SKU-032,RET-028,33,160.92
2026-01-11,SKU-032,RET-065,23,160.92
2026-01-12,SKU-032,RET-058,27,160.92
2026-01-13,SKU-032,RET-035,25,160.92
2026-01-14,SKU-032,RET-027,33,160.92
2026-01-15,SKU-032,RET-054,28,160.92
2026-01-16,SKU-032,RET-096,40,160.92
2026-01-17,SKU-032,RET-069,39,160.92
2026-01-18,SKU-032,RET-009,28,160.92
2026-01-19,SKU-032,RET-073,26,160.92
2026-01-20,SKU-032,RET-072,30,160.92
2026-01-21,SKU-032,RET-071,29,160.92
2026-01-22,SKU-032,RET-074,25,160.92
2026-01-23,SKU-032,RET-071,31,160.92
2026-01-24,SKU-032,RET-027,38,160.92
2026-01-25,SKU-032,RET-071,32,160.92
2026-01-26,SKU-032,RET-100,26,160.92
2026-01-27,SKU-032,RET-083,24,160.92
2026-01-28,SKU-032,RET-084,30,160.92
2026-01-29,SKU-032,RET-017,17,160.92
2026-01-30,SKU-032,RET-078,33,160.92
2026-01-31,SKU-032,RET-025,39,160.92
2026-02-01,SKU-032,RET-063,39,160.92
2026-02-02,SKU-032,RET-038,26,160.92
2026-02-03,SKU-032,RET-052,28,160.92
2026-02-04,SKU-032,RET-096,30,160.92
2026-02-05,SKU-032,RET-022,35,160.92
2026-02-06,SKU-032,RET-014,44,160.92
2026-02-07,SKU-032,RET-035,31,160.92
2026-02-08,SKU-032,RET-004,32,160.92
2026-02-09,SKU-032,RET-025,33,160.92
2026-02-10,SKU-032,RET-033,22,160.92
2026-02-11,SKU-032,RET-086,29,160.92
2026-02-12,SKU-032,RET-079,30,160.92
2026-02-13,SKU-032,RET-083,46,160.92
2026-02-14,SKU-032,RET-004,32,160.92
2026-02-15,SKU-032,RET-045,24,160.92
2026-02-16,SKU-032,RET-019,29,160.92
2026-02-17,SKU-032,RET-082,35,160.92
2026-02-18,SKU-032,RET-093,17,160.92
2026-02-19,SKU-032,RET-044,40,160.92
2026-02-20,SKU-032,RET-049,36,160.92
2026-02-21,SKU-032,RET-032,49,160.92
2026-02-22,SKU-032,RET-014,20,160.92
2026-02-23,SKU-032,RET-015,30,160.92
2026-02-24,SKU-032,RET-058,29,160.92
2026-02-25,SKU-032,RET-044,25,160.92
2026-02-26,SKU-032,RET-017,34,160.92
2026-02-27,SKU-032,RET-034,20,160.92
2026-02-28,SKU-032,RET-049,33,160.92
2026-03-01,SKU-032,RET-048,24,160.92
2026-03-02,SKU-032,RET-092,35,160.92
2026-03-03,SKU-032,RET-039,42,160.92
2026-03-04,SKU-032,RET-075,33,160.92
2026-03-05,SKU-032,RET-007,30,160.92
2026-03-06,SKU-032,RET-076,44,160.92
2026-03-07,SKU-032,RET-091,35,160.92
2026-03-08,SKU-032,RET-045,39,160.92
2026-03-09,SKU-032,RET-071,27,160.92
2026-03-10,SKU-032,RET-048,31,160.92
2026-03-11,SKU-032,RET-086,32,160.92
2026-03-12,SKU-032,RET-011,31,160.92
2026-03-13,SKU-032,RET-072,45,160.92
2026-03-14,SKU-032,RET-098,36,160.92
2026-03-15,SKU-032,RET-010,36,160.92
2026-03-16,SKU-032,RET-074,29,160.92
2026-03-17,SKU-032,RET-018,31,160.92
2026-03-18,SKU-032,RET-083,34,160.92
2026-03-19,SKU-032,RET-060,32,160.92
2026-03-20,SKU-032,RET-087,34,160.92
2026-03-21,SKU-032,RET-064,41,160.92
2026-03-22,SKU-032,RET-004,39,160.92
2026-03-23,SKU-032,RET-058,33,160.92
2026-03-24,SKU-032,RET-062,29,160.92
2026-03-25,SKU-032,RET-013,42,160.92
2026-03-26,SKU-032,RET-088,35,160.92
2026-03-27,SKU-032,RET-087,46,160.92
2026-03-28,SKU-032,RET-003,39,160.92
2026-03-29,SKU-032,RET-061,30,160.92
2026-03-30,SKU-032,RET-067,21,160.92
2026-03-31,SKU-032,RET-028,41,160.92
2026-04-01,SKU-032,RET-091,20,160.92
2026-04-02,SKU-032,RET-017,24,160.92
2026-04-03,SKU-032,RET-003,43,160.92
2026-04-04,SKU-032,RET-079,39,160.92
2026-04-05,SKU-032,RET-018,34,160.92
2026-04-06,SKU-032,RET-011,38,160.92
2026-04-07,SKU-032,RET-098,34,160.92
2026-04-08,SKU-032,RET-071,34,160.92
2026-04-09,SKU-032,RET-071,32,160.92
2026-04-10,SKU-032,RET-100,44,160.92
2026-04-11,SKU-032,RET-030,43,160.92
2026-04-12,SKU-032,RET-025,31,160.92
2026-04-13,SKU-032,RET-016,33,160.92
2026-04-14,SKU-032,RET-098,38,160.92
2026-04-15,SKU-032,RET-085,35,160.92
2026-04-16,SKU-032,RET-086,28,160.92
2026-04-17,SKU-032,RET-090,30,160.92
2026-04-18,SKU-032,RET-032,43,160.92
2026-04-19,SKU-032,RET-030,42,160.92
2026-04-20,SKU-032,RET-074,38,160.92
2026-04-21,SKU-032,RET-063,47,160.92
2026-04-22,SKU-032,RET-072,27,160.92
2026-04-23,SKU-032,RET-058,33,160.92
2026-04-24,SKU-032,RET-014,47,160.92
2026-04-25,SKU-032,RET-048,41,160.92
2026-04-26,SKU-032,RET-078,35,160.92
2026-04-27,SKU-032,RET-046,22,160.92
2026-04-28,SKU-032,RET-057,33,160.92
2026-04-29,SKU-032,RET-041,41,160.92
2026-04-30,SKU-032,RET-070,22,160.92
2026-05-01,SKU-032,RET-091,37,160.92
2026-05-02,SKU-032,RET-062,34,160.92
2026-05-03,SKU-032,RET-056,36,160.92
2026-05-04,SKU-032,RET-033,33,160.92
2026-05-05,SKU-032,RET-064,30,160.92
2026-05-06,SKU-032,RET-014,31,160.92
2026-05-07,SKU-032,RET-056,40,160.92
2026-05-08,SKU-032,RET-046,46,160.92
2026-05-09,SKU-032,RET-079,42,160.92
2026-05-10,SKU-032,RET-024,32,160.92
2026-05-11,SKU-032,RET-060,32,160.92
2026-05-12,SKU-032,RET-052,21,160.92
2026-05-13,SKU-032,RET-020,38,160.92
2026-05-14,SKU-032,RET-053,36,160.92
2026-05-15,SKU-032,RET-078,42,160.92
2026-05-16,SKU-032,RET-075,26,160.92
2026-05-17,SKU-032,RET-048,31,160.92
2026-05-18,SKU-032,RET-059,36,160.92
2026-05-19,SKU-032,RET-030,30,160.92
2026-05-20,SKU-032,RET-029,25,160.92
2026-05-21,SKU-032,RET-034,36,160.92
2026-05-22,SKU-032,RET-012,42,160.92
2026-05-23,SKU-032,RET-077,37,160.92
2026-05-24,SKU-032,RET-026,34,160.92
2026-05-25,SKU-032,RET-025,25,160.92
2026-05-26,SKU-032,RET-032,34,160.92
2026-05-27,SKU-032,RET-094,27,160.92
2026-05-28,SKU-032,RET-065,23,160.92
2026-05-29,SKU-032,RET-089,34,160.92
2026-05-30,SKU-032,RET-008,27,160.92
2026-05-31,SKU-032,RET-041,20,160.92
2026-06-01,SKU-032,RET-071,28,160.92
2026-06-02,SKU-032,RET-076,22,160.92
2026-06-03,SKU-032,RET-085,29,160.92
2026-06-04,SKU-032,RET-068,25,160.92
2026-06-05,SKU-032,RET-042,35,160.92
2026-06-06,SKU-032,RET-061,39,160.92
2026-06-07,SKU-032,RET-078,27,160.92
2026-06-08,SKU-032,RET-080,41,160.92
2026-06-09,SKU-032,RET-097,23,160.92
2026-06-10,SKU-032,RET-025,31,160.92
2026-06-11,SKU-032,RET-018,22,160.92
2026-06-12,SKU-032,RET-011,32,160.92
2026-06-13,SKU-032,RET-018,25,160.92
2026-06-14,SKU-032,RET-025,31,160.92
2026-06-15,SKU-032,RET-010,35,160.92
2026-06-16,SKU-032,RET-088,26,160.92
2026-06-17,SKU-032,RET-005,29,160.92
2026-06-18,SKU-032,RET-069,25,160.92
2026-06-19,SKU-032,RET-093,40,160.92
2026-06-20,SKU-032,RET-047,48,160.92
2026-06-21,SKU-032,RET-087,28,160.92
2026-06-22,SKU-032,RET-028,36,160.92
2026-06-23,SKU-032,RET-018,23,160.92
2026-06-24,SKU-032,RET-052,23,160.92
2026-06-25,SKU-032,RET-051,26,160.92
2026-06-26,SKU-032,RET-031,26,160.92
2026-06-27,SKU-032,RET-098,35,160.92
2026-06-28,SKU-032,RET-056,25,160.92
2026-06-29,SKU-032,RET-052,26,160.92
2026-06-30,SKU-032,RET-036,22,160.92
2026-07-01,SKU-032,RET-059,31,160.92
2026-07-02,SKU-032,RET-040,36,160.92
2026-07-03,SKU-032,RET-091,37,160.92
2026-07-04,SKU-032,RET-056,34,160.92
2026-07-05,SKU-032,RET-057,28,160.92
2026-07-06,SKU-032,RET-005,34,160.92
2026-07-07,SKU-032,RET-057,27,160.92
2026-07-08,SKU-032,RET-059,36,160.92
2026-07-09,SKU-032,RET-070,27,160.92
2026-07-10,SKU-032,RET-013,27,160.92
2026-07-11,SKU-032,RET-055,40,160.92
2026-07-12,SKU-032,RET-084,31,160.92
2026-07-13,SKU-032,RET-045,32,160.92
2026-07-14,SKU-032,RET-019,26,160.92
2026-07-15,SKU-032,RET-023,30,160.92
2026-07-16,SKU-032,RET-078,26,160.92
2026-07-17,SKU-032,RET-014,33,160.92
2026-07-18,SKU-032,RET-051,37,160.92
2026-07-19,SKU-032,RET-049,20,160.92
2026-07-20,SKU-032,RET-007,25,160.92
2026-07-21,SKU-032,RET-066,20,160.92
2026-07-22,SKU-032,RET-015,28,160.92
2026-07-23,SKU-032,RET-036,28,160.92
2026-07-24,SKU-032,RET-100,40,160.92
2026-07-25,SKU-032,RET-077,29,160.92
2026-07-26,SKU-032,RET-046,29,160.92
2026-07-27,SKU-032,RET-056,22,160.92
2026-07-28,SKU-032,RET-088,30,160.92
2026-07-29,SKU-032,RET-031,25,160.92
2026-07-30,SKU-032,RET-036,22,160.92
2026-07-31,SKU-032,RET-095,34,160.92
2026-08-01,SKU-032,RET-025,30,160.92
2026-08-02,SKU-032,RET-024,22,160.92
2026-08-03,SKU-032,RET-086,18,160.92
2026-08-04,SKU-032,RET-064,22,160.92
2026-08-05,SKU-032,RET-044,31,160.92
2026-08-06,SKU-032,RET-057,27,160.92
2026-08-07,SKU-032,RET-081,26,160.92
2026-08-08,SKU-032,RET-042,38,160.92
2026-08-09,SKU-032,RET-085,32,160.92
2026-08-10,SKU-032,RET-076,30,160.92
2026-08-11,SKU-032,RET-029,26,160.92
2026-08-12,SKU-032,RET-036,24,160.92
2026-08-13,SKU-032,RET-053,32,160.92
2026-08-14,SKU-032,RET-014,33,160.92
2026-08-15,SKU-032,RET-045,22,160.92
2026-08-16,SKU-032,RET-087,38,160.92
2026-08-17,SKU-032,RET-047,17,160.92
2026-08-18,SKU-032,RET-051,21,160.92
2026-08-19,SKU-032,RET-039,29,160.92
2026-08-20,SKU-032,RET-031,25,160.92
2026-08-21,SKU-032,RET-040,27,160.92
2026-08-22,SKU-032,RET-085,35,160.92
2026-08-23,SKU-032,RET-046,26,160.92
2026-08-24,SKU-032,RET-063,21,160.92
2026-08-25,SKU-032,RET-056,33,160.92
2025-08-26,SKU-033,RET-087,28,47.53
2025-08-27,SKU-033,RET-047,24,47.53
2025-08-28,SKU-033,RET-009,30,47.53
2025-08-29,SKU-033,RET-047,32,47.53
2025-08-30,SKU-033,RET-068,26,47.53
2025-08-31,SKU-033,RET-035,22,47.53
2025-09-01,SKU-033,RET-008,23,47.53
2025-09-02,SKU-033,RET-093,21,47.53
2025-09-03,SKU-033,RET-084,20,47.53
2025-09-04,SKU-033,RET-085,33,47.53
2025-09-05,SKU-033,RET-008,32,47.53
2025-09-06,SKU-033,RET-050,34,47.53
2025-09-07,SKU-033,RET-077,34,47.53
2025-09-08,SKU-033,RET-081,32,47.53
2025-09-09,SKU-033,RET-049,27,47.53
2025-09-10,SKU-033,RET-056,20,47.53
2025-09-11,SKU-033,RET-029,31,47.53
2025-09-12,SKU-033,RET-088,33,47.53
2025-09-13,SKU-033,RET-060,27,47.53
2025-09-14,SKU-033,RET-095,25,47.53
2025-09-15,SKU-033,RET-038,27,47.53
2025-09-16,SKU-033,RET-082,27,47.53
2025-09-17,SKU-033,RET-057,27,47.53
2025-09-18,SKU-033,RET-081,30,47.53
2025-09-19,SKU-033,RET-011,34,47.53
2025-09-20,SKU-033,RET-026,36,47.53
2025-09-21,SKU-033,RET-065,26,47.53
2025-09-22,SKU-033,RET-088,30,47.53
2025-09-23,SKU-033,RET-074,20,47.53
2025-09-24,SKU-033,RET-019,18,47.53
2025-09-25,SKU-033,RET-085,19,47.53
2025-09-26,SKU-033,RET-031,38,47.53
2025-09-27,SKU-033,RET-059,22,47.53
2025-09-28,SKU-033,RET-040,26,47.53
2025-09-29,SKU-033,RET-064,23,47.53
2025-09-30,SKU-033,RET-070,24,47.53
2025-10-01,SKU-033,RET-062,26,47.53
2025-10-02,SKU-033,RET-005,27,47.53
2025-10-03,SKU-033,RET-057,43,47.53
2025-10-04,SKU-033,RET-080,41,47.53
2025-10-05,SKU-033,RET-096,29,47.53
2025-10-06,SKU-033,RET-008,23,47.53
2025-10-07,SKU-033,RET-066,27,47.53
2025-10-08,SKU-033,RET-043,33,47.53
2025-10-09,SKU-033,RET-054,34,47.53
2025-10-10,SKU-033,RET-005,45,47.53
2025-10-11,SKU-033,RET-097,43,47.53
2025-10-12,SKU-033,RET-045,39,47.53
2025-10-13,SKU-033,RET-029,29,47.53
2025-10-14,SKU-033,RET-057,34,47.53
2025-10-15,SKU-033,RET-050,26,47.53
2025-10-16,SKU-033,RET-079,30,47.53
2025-10-17,SKU-033,RET-071,34,47.53
2025-10-18,SKU-033,RET-011,42,47.53
2025-10-19,SKU-033,RET-007,40,47.53
2025-10-20,SKU-033,RET-034,32,47.53
2025-10-21,SKU-033,RET-059,22,47.53
2025-10-22,SKU-033,RET-064,35,47.53
2025-10-23,SKU-033,RET-069,39,47.53
2025-10-24,SKU-033,RET-066,47,47.53
2025-10-25,SKU-033,RET-081,39,47.53
2025-10-26,SKU-033,RET-063,31,47.53
2025-10-27,SKU-033,RET-038,31,47.53
2025-10-28,SKU-033,RET-016,39,47.53
2025-10-29,SKU-033,RET-064,43,47.53
2025-10-30,SKU-033,RET-046,37,47.53
2025-10-31,SKU-033,RET-096,29,47.53
2025-11-01,SKU-033,RET-051,44,47.53
2025-11-02,SKU-033,RET-076,36,47.53
2025-11-03,SKU-033,RET-077,37,47.53
2025-11-04,SKU-033,RET-086,27,47.53
2025-11-05,SKU-033,RET-018,26,47.53
2025-11-06,SKU-033,RET-063,34,47.53
2025-11-07,SKU-033,RET-092,48,47.53
2025-11-08,SKU-033,RET-050,33,47.53
2025-11-09,SKU-033,RET-070,43,47.53
2025-11-10,SKU-033,RET-076,31,47.53
2025-11-11,SKU-033,RET-078,26,47.53
2025-11-12,SKU-033,RET-017,35,47.53
2025-11-13,SKU-033,RET-041,41,47.53
2025-11-14,SKU-033,RET-022,32,47.53
2025-11-15,SKU-033,RET-041,47,47.53
2025-11-16,SKU-033,RET-062,42,47.53
2025-11-17,SKU-033,RET-050,34,47.53
2025-11-18,SKU-033,RET-022,33,47.53
2025-11-19,SKU-033,RET-023,42,47.53
2025-11-20,SKU-033,RET-040,39,47.53
2025-11-21,SKU-033,RET-015,40,47.53
2025-11-22,SKU-033,RET-010,44,47.53
2025-11-23,SKU-033,RET-036,38,47.53
2025-11-24,SKU-033,RET-006,34,47.53
2025-11-25,SKU-033,RET-042,32,47.53
2025-11-26,SKU-033,RET-090,33,47.53
2025-11-27,SKU-033,RET-079,33,47.53
2025-11-28,SKU-033,RET-068,45,47.53
2025-11-29,SKU-033,RET-022,46,47.53
2025-11-30,SKU-033,RET-055,35,47.53
2025-12-01,SKU-033,RET-078,36,47.53
2025-12-02,SKU-033,RET-018,26,47.53
2025-12-03,SKU-033,RET-090,26,47.53
2025-12-04,SKU-033,RET-052,21,47.53
2025-12-05,SKU-033,RET-099,43,47.53
2025-12-06,SKU-033,RET-063,35,47.53
2025-12-07,SKU-033,RET-036,29,47.53
2025-12-08,SKU-033,RET-048,24,47.53
2025-12-09,SKU-033,RET-057,35,47.53
2025-12-10,SKU-033,RET-013,20,47.53
2025-12-11,SKU-033,RET-090,33,47.53
2025-12-12,SKU-033,RET-095,39,47.53
2025-12-13,SKU-033,RET-062,42,47.53
2025-12-14,SKU-033,RET-057,21,47.53
2025-12-15,SKU-033,RET-083,30,47.53
2025-12-16,SKU-033,RET-030,37,47.53
2025-12-17,SKU-033,RET-074,36,47.53
2025-12-18,SKU-033,RET-076,37,47.53
2025-12-19,SKU-033,RET-042,35,47.53
2025-12-20,SKU-033,RET-042,41,47.53
2025-12-21,SKU-033,RET-022,33,47.53
2025-12-22,SKU-033,RET-095,31,47.53
2025-12-23,SKU-033,RET-097,28,47.53
2025-12-24,SKU-033,RET-023,32,47.53
2025-12-25,SKU-033,RET-040,36,47.53
2025-12-26,SKU-033,RET-076,43,47.53
2025-12-27,SKU-033,RET-027,35,47.53
2025-12-28,SKU-033,RET-057,26,47.53
2025-12-29,SKU-033,RET-031,29,47.53
2025-12-30,SKU-033,RET-059,43,47.53
2025-12-31,SKU-033,RET-013,25,47.53
2026-01-01,SKU-033,RET-091,37,47.53
2026-01-02,SKU-033,RET-016,40,47.53
2026-01-03,SKU-033,RET-063,32,47.53
2026-01-04,SKU-033,RET-004,30,47.53
2026-01-05,SKU-033,RET-024,37,47.53
2026-01-06,SKU-033,RET-090,22,47.53
2026-01-07,SKU-033,RET-073,48,47.53
2026-01-08,SKU-033,RET-040,27,47.53
2026-01-09,SKU-033,RET-090,38,47.53
2026-01-10,SKU-033,RET-016,47,47.53
2026-01-11,SKU-033,RET-079,45,47.53
2026-01-12,SKU-033,RET-084,31,47.53
2026-01-13,SKU-033,RET-051,34,47.53
2026-01-14,SKU-033,RET-037,36,47.53
2026-01-15,SKU-033,RET-012,28,47.53
2026-01-16,SKU-033,RET-002,48,47.53
2026-01-17,SKU-033,RET-085,28,47.53
2026-01-18,SKU-033,RET-058,32,47.53
2026-01-19,SKU-033,RET-062,38,47.53
2026-01-20,SKU-033,RET-080,44,47.53
2026-01-21,SKU-033,RET-092,29,47.53
2026-01-22,SKU-033,RET-072,35,47.53
2026-01-23,SKU-033,RET-078,31,47.53
2026-01-24,SKU-033,RET-058,34,47.53
2026-01-25,SKU-033,RET-016,43,47.53
2026-01-26,SKU-033,RET-023,35,47.53
2026-01-27,SKU-033,RET-016,34,47.53
2026-01-28,SKU-033,RET-027,34,47.53
2026-01-29,SKU-033,RET-073,41,47.53
2026-01-30,SKU-033,RET-031,29,47.53
2026-01-31,SKU-033,RET-012,40,47.53
2026-02-01,SKU-033,RET-061,19,47.53
2026-02-02,SKU-033,RET-083,32,47.53
2026-02-03,SKU-033,RET-036,47,47.53
2026-02-04,SKU-033,RET-079,40,47.53
2026-02-05,SKU-033,RET-033,42,47.53
2026-02-06,SKU-033,RET-018,43,47.53
2026-02-07,SKU-033,RET-013,44,47.53
2026-02-08,SKU-033,RET-041,35,47.53
2026-02-09,SKU-033,RET-055,40,47.53
2026-02-10,SKU-033,RET-023,35,47.53
2026-02-11,SKU-033,RET-090,36,47.53
2026-02-12,SKU-033,RET-073,37,47.53
2026-02-13,SKU-033,RET-077,47,47.53
2026-02-14,SKU-033,RET-025,41,47.53
2026-02-15,SKU-033,RET-015,32,47.53
2026-02-16,SKU-033,RET-003,32,47.53
2026-02-17,SKU-033,RET-004,42,47.53
2026-02-18,SKU-033,RET-033,17,47.53
2026-02-19,SKU-033,RET-075,33,47.53
2026-02-20,SKU-033,RET-075,54,47.53
2026-02-21,SKU-033,RET-084,34,47.53
2026-02-22,SKU-033,RET-059,37,47.53
2026-02-23,SKU-033,RET-082,35,47.53
2026-02-24,SKU-033,RET-033,33,47.53
2026-02-25,SKU-033,RET-064,51,47.53
2026-02-26,SKU-033,RET-003,42,47.53
2026-02-27,SKU-033,RET-025,49,47.53
2026-02-28,SKU-033,RET-016,39,47.53
2026-03-01,SKU-033,RET-048,34,47.53
2026-03-02,SKU-033,RET-047,42,47.53
2026-03-03,SKU-033,RET-039,45,47.53
2026-03-04,SKU-033,RET-066,31,47.53
2026-03-05,SKU-033,RET-067,52,47.53
2026-03-06,SKU-033,RET-077,49,47.53
2026-03-07,SKU-033,RET-031,55,47.53
2026-03-08,SKU-033,RET-085,43,47.53
2026-03-09,SKU-033,RET-021,42,47.53
2026-03-10,SKU-033,RET-050,32,47.53
2026-03-11,SKU-033,RET-010,31,47.53
2026-03-12,SKU-033,RET-019,30,47.53
2026-03-13,SKU-033,RET-051,41,47.53
2026-03-14,SKU-033,RET-090,44,47.53
2026-03-15,SKU-033,RET-087,37,47.53
2026-03-16,SKU-033,RET-094,42,47.53
2026-03-17,SKU-033,RET-064,50,47.53
2026-03-18,SKU-033,RET-081,28,47.53
2026-03-19,SKU-033,RET-033,33,47.53
2026-03-20,SKU-033,RET-064,48,47.53
2026-03-21,SKU-033,RET-049,46,47.53
2026-03-22,SKU-033,RET-091,51,47.53
2026-03-23,SKU-033,RET-095,31,47.53
2026-03-24,SKU-033,RET-049,41,47.53
2026-03-25,SKU-033,RET-004,35,47.53
2026-03-26,SKU-033,RET-020,37,47.53
2026-03-27,SKU-033,RET-066,53,47.53
2026-03-28,SKU-033,RET-012,47,47.53
2026-03-29,SKU-033,RET-036,43,47.53
2026-03-30,SKU-033,RET-040,35,47.53
2026-03-31,SKU-033,RET-061,36,47.53
2026-04-01,SKU-033,RET-033,34,47.53
2026-04-02,SKU-033,RET-053,37,47.53
2026-04-03,SKU-033,RET-021,48,47.53
2026-04-04,SKU-033,RET-029,43,47.53
2026-04-05,SKU-033,RET-066,39,47.53
2026-04-06,SKU-033,RET-002,26,47.53
2026-04-07,SKU-033,RET-075,43,47.53
2026-04-08,SKU-033,RET-024,31,47.53
2026-04-09,SKU-033,RET-012,46,47.53
2026-04-10,SKU-033,RET-011,49,47.53
2026-04-11,SKU-033,RET-032,45,47.53
2026-04-12,SKU-033,RET-019,27,47.53
2026-04-13,SKU-033,RET-008,47,47.53
2026-04-14,SKU-033,RET-027,35,47.53
2026-04-15,SKU-033,RET-079,25,47.53
2026-04-16,SKU-033,RET-008,46,47.53
2026-04-17,SKU-033,RET-002,35,47.53
2026-04-18,SKU-033,RET-017,44,47.53
2026-04-19,SKU-033,RET-059,43,47.53
2026-04-20,SKU-033,RET-050,42,47.53
2026-04-21,SKU-033,RET-091,38,47.53
2026-04-22,SKU-033,RET-036,27,47.53
2026-04-23,SKU-033,RET-068,35,47.53
2026-04-24,SKU-033,RET-058,48,47.53
2026-04-25,SKU-033,RET-029,43,47.53
2026-04-26,SKU-033,RET-021,38,47.53
2026-04-27,SKU-033,RET-027,28,47.53
2026-04-28,SKU-033,RET-072,42,47.53
2026-04-29,SKU-033,RET-058,28,47.53
2026-04-30,SKU-033,RET-048,36,47.53
2026-05-01,SKU-033,RET-025,45,47.53
2026-05-02,SKU-033,RET-076,47,47.53
2026-05-03,SKU-033,RET-022,27,47.53
2026-05-04,SKU-033,RET-044,37,47.53
2026-05-05,SKU-033,RET-062,29,47.53
2026-05-06,SKU-033,RET-071,33,47.53
2026-05-07,SKU-033,RET-092,48,47.53
2026-05-08,SKU-033,RET-081,42,47.53
2026-05-09,SKU-033,RET-012,44,47.53
2026-05-10,SKU-033,RET-007,30,47.53
2026-05-11,SKU-033,RET-032,36,47.53
2026-05-12,SKU-033,RET-061,35,47.53
2026-05-13,SKU-033,RET-049,35,47.53
2026-05-14,SKU-033,RET-012,43,47.53
2026-05-15,SKU-033,RET-004,34,47.53
2026-05-16,SKU-033,RET-094,48,47.53
2026-05-17,SKU-033,RET-051,38,47.53
2026-05-18,SKU-033,RET-100,38,47.53
2026-05-19,SKU-033,RET-063,37,47.53
2026-05-20,SKU-033,RET-012,39,47.53
2026-05-21,SKU-033,RET-042,32,47.53
2026-05-22,SKU-033,RET-054,46,47.53
2026-05-23,SKU-033,RET-014,28,47.53
2026-05-24,SKU-033,RET-081,32,47.53
2026-05-25,SKU-033,RET-043,31,47.53
2026-05-26,SKU-033,RET-078,36,47.53
2026-05-27,SKU-033,RET-064,43,47.53
2026-05-28,SKU-033,RET-092,35,47.53
2026-05-29,SKU-033,RET-081,46,47.53
2026-05-30,SKU-033,RET-019,36,47.53
2026-05-31,SKU-033,RET-009,39,47.53
2026-06-01,SKU-033,RET-048,35,47.53
2026-06-02,SKU-033,RET-048,39,47.53
2026-06-03,SKU-033,RET-058,17,47.53
2026-06-04,SKU-033,RET-008,33,47.53
2026-06-05,SKU-033,RET-063,39,47.53
2026-06-06,SKU-033,RET-088,46,47.53
2026-06-07,SKU-033,RET-014,46,47.53
2026-06-08,SKU-033,RET-020,22,47.53
2026-06-09,SKU-033,RET-028,43,47.53
2026-06-10,SKU-033,RET-062,40,47.53
2026-06-11,SKU-033,RET-010,35,47.53
2026-06-12,SKU-033,RET-007,40,47.53
2026-06-13,SKU-033,RET-002,44,47.53
2026-06-14,SKU-033,RET-081,34,47.53
2026-06-15,SKU-033,RET-061,37,47.53
2026-06-16,SKU-033,RET-031,32,47.53
2026-06-17,SKU-033,RET-036,36,47.53
2026-06-18,SKU-033,RET-001,33,47.53
2026-06-19,SKU-033,RET-097,29,47.53
2026-06-20,SKU-033,RET-010,34,47.53
2026-06-21,SKU-033,RET-070,35,47.53
2026-06-22,SKU-033,RET-008,30,47.53
2026-06-23,SKU-033,RET-066,27,47.53
2026-06-24,SKU-033,RET-036,33,47.53
2026-06-25,SKU-033,RET-003,38,47.53
2026-06-26,SKU-033,RET-009,30,47.53
2026-06-27,SKU-033,RET-041,35,47.53
2026-06-28,SKU-033,RET-084,38,47.53
2026-06-29,SKU-033,RET-053,29,47.53
2026-06-30,SKU-033,RET-058,34,47.53
2026-07-01,SKU-033,RET-063,39,47.53
2026-07-02,SKU-033,RET-027,29,47.53
2026-07-03,SKU-033,RET-036,39,47.53
2026-07-04,SKU-033,RET-091,30,47.53
2026-07-05,SKU-033,RET-061,29,47.53
2026-07-06,SKU-033,RET-077,28,47.53
2026-07-07,SKU-033,RET-017,33,47.53
2026-07-08,SKU-033,RET-069,37,47.53
2026-07-09,SKU-033,RET-089,28,47.53
2026-07-10,SKU-033,RET-043,31,47.53
2026-07-11,SKU-033,RET-039,45,47.53
2026-07-12,SKU-033,RET-044,28,47.53
2026-07-13,SKU-033,RET-041,17,47.53
2026-07-14,SKU-033,RET-076,38,47.53
2026-07-15,SKU-033,RET-063,25,47.53
2026-07-16,SKU-033,RET-097,33,47.53
2026-07-17,SKU-033,RET-090,35,47.53
2026-07-18,SKU-033,RET-099,33,47.53
2026-07-19,SKU-033,RET-072,25,47.53
2026-07-20,SKU-033,RET-064,33,47.53
2026-07-21,SKU-033,RET-040,41,47.53
2026-07-22,SKU-033,RET-053,31,47.53
2026-07-23,SKU-033,RET-006,32,47.53
2026-07-24,SKU-033,RET-080,47,47.53
2026-07-25,SKU-033,RET-024,39,47.53
2026-07-26,SKU-033,RET-066,38,47.53
2026-07-27,SKU-033,RET-046,27,47.53
2026-07-28,SKU-033,RET-012,30,47.53
2026-07-29,SKU-033,RET-035,30,47.53
2026-07-30,SKU-033,RET-080,34,47.53
2026-07-31,SKU-033,RET-097,30,47.53
2026-08-01,SKU-033,RET-037,32,47.53
2026-08-02,SKU-033,RET-068,28,47.53
2026-08-03,SKU-033,RET-096,32,47.53
2026-08-04,SKU-033,RET-011,25,47.53
2026-08-05,SKU-033,RET-067,27,47.53
2026-08-06,SKU-033,RET-093,29,47.53
2026-08-07,SKU-033,RET-018,32,47.53
2026-08-08,SKU-033,RET-001,28,47.53
2026-08-09,SKU-033,RET-082,35,47.53
2026-08-10,SKU-033,RET-065,27,47.53
2026-08-11,SKU-033,RET-099,34,47.53
2026-08-12,SKU-033,RET-060,34,47.53
2026-08-13,SKU-033,RET-012,19,47.53
2026-08-14,SKU-033,RET-026,44,47.53
2026-08-15,SKU-033,RET-067,30,47.53
2026-08-16,SKU-033,RET-100,26,47.53
2026-08-17,SKU-033,RET-045,26,47.53
2026-08-18,SKU-033,RET-023,34,47.53
2026-08-19,SKU-033,RET-028,24,47.53
2026-08-20,SKU-033,RET-023,27,47.53
2026-08-21,SKU-033,RET-013,27,47.53
2026-08-22,SKU-033,RET-032,30,47.53
2026-08-23,SKU-033,RET-048,20,47.53
2026-08-24,SKU-033,RET-052,29,47.53
2026-08-25,SKU-033,RET-083,34,47.53
2025-08-26,SKU-034,RET-028,13,37.89
2025-08-27,SKU-034,RET-064,3,37.89
2025-08-28,SKU-034,RET-051,7,37.89
2025-08-29,SKU-034,RET-066,12,37.89
2025-08-30,SKU-034,RET-021,10,37.89
2025-08-31,SKU-034,RET-008,7,37.89
2025-09-01,SKU-034,RET-027,8,37.89
2025-09-02,SKU-034,RET-080,8,37.89
2025-09-03,SKU-034,RET-088,9,37.89
2025-09-04,SKU-034,RET-065,6,37.89
2025-09-05,SKU-034,RET-063,12,37.89
2025-09-06,SKU-034,RET-013,6,37.89
2025-09-07,SKU-034,RET-055,7,37.89
2025-09-08,SKU-034,RET-026,7,37.89
2025-09-09,SKU-034,RET-099,7,37.89
2025-09-10,SKU-034,RET-088,6,37.89
2025-09-11,SKU-034,RET-039,3,37.89
2025-09-12,SKU-034,RET-008,13,37.89
2025-09-13,SKU-034,RET-030,5,37.89
2025-09-14,SKU-034,RET-052,5,37.89
2025-09-15,SKU-034,RET-041,11,37.89
2025-09-16,SKU-034,RET-092,5,37.89
2025-09-17,SKU-034,RET-089,3,37.89
2025-09-18,SKU-034,RET-098,6,37.89
2025-09-19,SKU-034,RET-006,15,37.89
2025-09-20,SKU-034,RET-062,9,37.89
2025-09-21,SKU-034,RET-089,4,37.89
2025-09-22,SKU-034,RET-020,10,37.89
2025-09-23,SKU-034,RET-026,13,37.89
2025-09-24,SKU-034,RET-019,9,37.89
2025-09-25,SKU-034,RET-045,5,37.89
2025-09-26,SKU-034,RET-088,11,37.89
2025-09-27,SKU-034,RET-082,4,37.89
2025-09-28,SKU-034,RET-024,8,37.89
2025-09-29,SKU-034,RET-069,8,37.89
2025-09-30,SKU-034,RET-079,11,37.89
2025-10-01,SKU-034,RET-032,13,37.89
2025-10-02,SKU-034,RET-096,7,37.89
2025-10-03,SKU-034,RET-045,11,37.89
2025-10-04,SKU-034,RET-100,17,37.89
2025-10-05,SKU-034,RET-026,11,37.89
2025-10-06,SKU-034,RET-041,14,37.89
2025-10-07,SKU-034,RET-082,11,37.89
2025-10-08,SKU-034,RET-062,14,37.89
2025-10-09,SKU-034,RET-050,13,37.89
2025-10-10,SKU-034,RET-052,10,37.89
2025-10-11,SKU-034,RET-020,12,37.89
2025-10-12,SKU-034,RET-076,12,37.89
2025-10-13,SKU-034,RET-089,14,37.89
2025-10-14,SKU-034,RET-082,11,37.89
2025-10-15,SKU-034,RET-096,11,37.89
2025-10-16,SKU-034,RET-053,12,37.89
2025-10-17,SKU-034,RET-099,19,37.89
2025-10-18,SKU-034,RET-063,15,37.89
2025-10-19,SKU-034,RET-060,11,37.89
2025-10-20,SKU-034,RET-091,8,37.89
2025-10-21,SKU-034,RET-002,11,37.89
2025-10-22,SKU-034,RET-014,6,37.89
2025-10-23,SKU-034,RET-032,12,37.89
2025-10-24,SKU-034,RET-023,14,37.89
2025-10-25,SKU-034,RET-007,13,37.89
2025-10-26,SKU-034,RET-089,8,37.89
2025-10-27,SKU-034,RET-035,9,37.89
2025-10-28,SKU-034,RET-058,10,37.89
2025-10-29,SKU-034,RET-076,13,37.89
2025-10-30,SKU-034,RET-090,6,37.89
2025-10-31,SKU-034,RET-006,17,37.89
2025-11-01,SKU-034,RET-097,17,37.89
2025-11-02,SKU-034,RET-015,10,37.89
2025-11-03,SKU-034,RET-017,9,37.89
2025-11-04,SKU-034,RET-020,12,37.89
2025-11-05,SKU-034,RET-031,6,37.89
2025-11-06,SKU-034,RET-034,12,37.89
2025-11-07,SKU-034,RET-084,14,37.89
2025-11-08,SKU-034,RET-016,15,37.89
2025-11-09,SKU-034,RET-074,7,37.89
2025-11-10,SKU-034,RET-048,9,37.89
2025-11-11,SKU-034,RET-011,7,37.89
2025-11-12,SKU-034,RET-087,8,37.89
2025-11-13,SKU-034,RET-097,3,37.89
2025-11-14,SKU-034,RET-080,10,37.89
2025-11-15,SKU-034,RET-028,9,37.89
2025-11-16,SKU-034,RET-064,12,37.89
2025-11-17,SKU-034,RET-045,6,37.89
2025-11-18,SKU-034,RET-017,13,37.89
2025-11-19,SKU-034,RET-037,10,37.89
2025-11-20,SKU-034,RET-083,5,37.89
2025-11-21,SKU-034,RET-006,12,37.89
2025-11-22,SKU-034,RET-045,18,37.89
2025-11-23,SKU-034,RET-049,8,37.89
2025-11-24,SKU-034,RET-046,14,37.89
2025-11-25,SKU-034,RET-041,11,37.89
2025-11-26,SKU-034,RET-008,8,37.89
2025-11-27,SKU-034,RET-020,9,37.89
2025-11-28,SKU-034,RET-074,23,37.89
2025-11-29,SKU-034,RET-088,11,37.89
2025-11-30,SKU-034,RET-020,8,37.89
2025-12-01,SKU-034,RET-011,6,37.89
2025-12-02,SKU-034,RET-065,9,37.89
2025-12-03,SKU-034,RET-019,7,37.89
2025-12-04,SKU-034,RET-035,8,37.89
2025-12-05,SKU-034,RET-039,17,37.89
2025-12-06,SKU-034,RET-064,8,37.89
2025-12-07,SKU-034,RET-009,9,37.89
2025-12-08,SKU-034,RET-012,6,37.89
2025-12-09,SKU-034,RET-093,7,37.89
2025-12-10,SKU-034,RET-069,8,37.89
2025-12-11,SKU-034,RET-017,8,37.89
2025-12-12,SKU-034,RET-027,9,37.89
2025-12-13,SKU-034,RET-024,17,37.89
2025-12-14,SKU-034,RET-079,10,37.89
2025-12-15,SKU-034,RET-018,13,37.89
2025-12-16,SKU-034,RET-038,8,37.89
2025-12-17,SKU-034,RET-029,8,37.89
2025-12-18,SKU-034,RET-005,6,37.89
2025-12-19,SKU-034,RET-053,13,37.89
2025-12-20,SKU-034,RET-065,7,37.89
2025-12-21,SKU-034,RET-072,10,37.89
2025-12-22,SKU-034,RET-087,8,37.89
2025-12-23,SKU-034,RET-041,11,37.89
2025-12-24,SKU-034,RET-028,9,37.89
2025-12-25,SKU-034,RET-027,6,37.89
2025-12-26,SKU-034,RET-070,10,37.89
2025-12-27,SKU-034,RET-032,13,37.89
2025-12-28,SKU-034,RET-066,11,37.89
2025-12-29,SKU-034,RET-055,8,37.89
2025-12-30,SKU-034,RET-009,13,37.89
2025-12-31,SKU-034,RET-027,9,37.89
2026-01-01,SKU-034,RET-008,15,37.89
2026-01-02,SKU-034,RET-063,10,37.89
2026-01-03,SKU-034,RET-080,5,37.89
2026-01-04,SKU-034,RET-014,9,37.89
2026-01-05,SKU-034,RET-027,8,37.89
2026-01-06,SKU-034,RET-086,6,37.89
2026-01-07,SKU-034,RET-046,10,37.89
2026-01-08,SKU-034,RET-036,15,37.89
2026-01-09,SKU-034,RET-058,15,37.89
2026-01-10,SKU-034,RET-008,12,37.89
2026-01-11,SKU-034,RET-086,8,37.89
2026-01-12,SKU-034,RET-063,9,37.89
2026-01-13,SKU-034,RET-090,10,37.89
2026-01-14,SKU-034,RET-075,7,37.89
2026-01-15,SKU-034,RET-097,7,37.89
2026-01-16,SKU-034,RET-042,11,37.89
2026-01-17,SKU-034,RET-094,12,37.89
2026-01-18,SKU-034,RET-099,4,37.89
2026-01-19,SKU-034,RET-007,12,37.89
2026-01-20,SKU-034,RET-046,11,37.89
2026-01-21,SKU-034,RET-006,11,37.89
2026-01-22,SKU-034,RET-054,2,37.89
2026-01-23,SKU-034,RET-029,17,37.89
2026-01-24,SKU-034,RET-019,16,37.89
2026-01-25,SKU-034,RET-001,6,37.89
2026-01-26,SKU-034,RET-084,11,37.89
2026-01-27,SKU-034,RET-057,7,37.89
2026-01-28,SKU-034,RET-049,10,37.89
2026-01-29,SKU-034,RET-093,8,37.89
2026-01-30,SKU-034,RET-025,15,37.89
2026-01-31,SKU-034,RET-088,13,37.89
2026-02-01,SKU-034,RET-080,7,37.89
2026-02-02,SKU-034,RET-052,7,37.89
2026-02-03,SKU-034,RET-073,8,37.89
2026-02-04,SKU-034,RET-072,10,37.89
2026-02-05,SKU-034,RET-071,14,37.89
2026-02-06,SKU-034,RET-019,16,37.89
2026-02-07,SKU-034,RET-071,11,37.89
2026-02-08,SKU-034,RET-090,5,37.89
2026-02-09,SKU-034,RET-024,12,37.89
2026-02-10,SKU-034,RET-066,12,37.89
2026-02-11,SKU-034,RET-029,14,37.89
2026-02-12,SKU-034,RET-012,8,37.89
2026-02-13,SKU-034,RET-002,15,37.89
2026-02-14,SKU-034,RET-063,14,37.89
2026-02-15,SKU-034,RET-072,10,37.89
2026-02-16,SKU-034,RET-009,11,37.89
2026-02-17,SKU-034,RET-003,9,37.89
2026-02-18,SKU-034,RET-002,9,37.89
2026-02-19,SKU-034,RET-064,9,37.89
2026-02-20,SKU-034,RET-012,12,37.89
2026-02-21,SKU-034,RET-014,8,37.89
2026-02-22,SKU-034,RET-012,9,37.89
2026-02-23,SKU-034,RET-071,11,37.89
2026-02-24,SKU-034,RET-074,9,37.89
2026-02-25,SKU-034,RET-076,10,37.89
2026-02-26,SKU-034,RET-026,9,37.89
2026-02-27,SKU-034,RET-093,16,37.89
2026-02-28,SKU-034,RET-087,17,37.89
2026-03-01,SKU-034,RET-058,13,37.89
2026-03-02,SKU-034,RET-092,11,37.89
2026-03-03,SKU-034,RET-061,10,37.89
2026-03-04,SKU-034,RET-037,11,37.89
2026-03-05,SKU-034,RET-037,12,37.89
2026-03-06,SKU-034,RET-011,17,37.89
2026-03-07,SKU-034,RET-083,10,37.89
2026-03-08,SKU-034,RET-001,13,37.89
2026-03-09,SKU-034,RET-025,11,37.89
2026-03-10,SKU-034,RET-050,12,37.89
2026-03-11,SKU-034,RET-041,11,37.89
2026-03-12,SKU-034,RET-067,12,37.89
2026-03-13,SKU-034,RET-028,14,37.89
2026-03-14,SKU-034,RET-060,8,37.89
2026-03-15,SKU-034,RET-047,9,37.89
2026-03-16,SKU-034,RET-042,9,37.89
2026-03-17,SKU-034,RET-017,11,37.89
2026-03-18,SKU-034,RET-034,13,37.89
2026-03-19,SKU-034,RET-069,7,37.89
2026-03-20,SKU-034,RET-036,11,37.89
2026-03-21,SKU-034,RET-006,18,37.89
2026-03-22,SKU-034,RET-022,9,37.89
2026-03-23,SKU-034,RET-041,8,37.89
2026-03-24,SKU-034,RET-035,15,37.89
2026-03-25,SKU-034,RET-094,9,37.89
2026-03-26,SKU-034,RET-025,10,37.89
2026-03-27,SKU-034,RET-097,10,37.89
2026-03-28,SKU-034,RET-020,11,37.89
2026-03-29,SKU-034,RET-029,11,37.89
2026-03-30,SKU-034,RET-027,9,37.89
2026-03-31,SKU-034,RET-004,13,37.89
2026-04-01,SKU-034,RET-091,11,37.89
2026-04-02,SKU-034,RET-073,9,37.89
2026-04-03,SKU-034,RET-018,12,37.89
2026-04-04,SKU-034,RET-067,20,37.89
2026-04-05,SKU-034,RET-098,12,37.89
2026-04-06,SKU-034,RET-024,7,37.89
2026-04-07,SKU-034,RET-024,12,37.89
2026-04-08,SKU-034,RET-049,12,37.89
2026-04-09,SKU-034,RET-094,13,37.89
2026-04-10,SKU-034,RET-060,13,37.89
2026-04-11,SKU-034,RET-016,14,37.89
2026-04-12,SKU-034,RET-071,13,37.89
2026-04-13,SKU-034,RET-014,14,37.89
2026-04-14,SKU-034,RET-024,12,37.89
2026-04-15,SKU-034,RET-032,11,37.89
2026-04-16,SKU-034,RET-056,12,37.89
2026-04-17,SKU-034,RET-066,15,37.89
2026-04-18,SKU-034,RET-025,8,37.89
2026-04-19,SKU-034,RET-055,11,37.89
2026-04-20,SKU-034,RET-067,13,37.89
2026-04-21,SKU-034,RET-035,10,37.89
2026-04-22,SKU-034,RET-066,9,37.89
2026-04-23,SKU-034,RET-039,16,37.89
2026-04-24,SKU-034,RET-027,13,37.89
2026-04-25,SKU-034,RET-033,17,37.89
2026-04-26,SKU-034,RET-032,16,37.89
2026-04-27,SKU-034,RET-037,8,37.89
2026-04-28,SKU-034,RET-032,10,37.89
2026-04-29,SKU-034,RET-010,16,37.89
2026-04-30,SKU-034,RET-070,10,37.89
2026-05-01,SKU-034,RET-028,18,37.89
2026-05-02,SKU-034,RET-032,17,37.89
2026-05-03,SKU-034,RET-049,12,37.89
2026-05-04,SKU-034,RET-005,11,37.89
2026-05-05,SKU-034,RET-045,16,37.89
2026-05-06,SKU-034,RET-062,8,37.89
2026-05-07,SKU-034,RET-063,11,37.89
2026-05-08,SKU-034,RET-062,8,37.89
2026-05-09,SKU-034,RET-031,10,37.89
2026-05-10,SKU-034,RET-047,12,37.89
2026-05-11,SKU-034,RET-086,10,37.89
2026-05-12,SKU-034,RET-001,9,37.89
2026-05-13,SKU-034,RET-090,11,37.89
2026-05-14,SKU-034,RET-098,8,37.89
2026-05-15,SKU-034,RET-035,11,37.89
2026-05-16,SKU-034,RET-080,16,37.89
2026-05-17,SKU-034,RET-054,11,37.89
2026-05-18,SKU-034,RET-006,13,37.89
2026-05-19,SKU-034,RET-056,8,37.89
2026-05-20,SKU-034,RET-072,6,37.89
2026-05-21,SKU-034,RET-080,9,37.89
2026-05-22,SKU-034,RET-089,13,37.89
2026-05-23,SKU-034,RET-003,11,37.89
2026-05-24,SKU-034,RET-008,10,37.89
2026-05-25,SKU-034,RET-070,10,37.89
2026-05-26,SKU-034,RET-037,13,37.89
2026-05-27,SKU-034,RET-070,11,37.89
2026-05-28,SKU-034,RET-057,12,37.89
2026-05-29,SKU-034,RET-008,15,37.89
2026-05-30,SKU-034,RET-002,14,37.89
2026-05-31,SKU-034,RET-100,11,37.89
2026-06-01,SKU-034,RET-068,6,37.89
2026-06-02,SKU-034,RET-005,9,37.89
2026-06-03,SKU-034,RET-083,5,37.89
2026-06-04,SKU-034,RET-093,10,37.89
2026-06-05,SKU-034,RET-041,5,37.89
2026-06-06,SKU-034,RET-071,14,37.89
2026-06-07,SKU-034,RET-022,13,37.89
2026-06-08,SKU-034,RET-030,10,37.89
2026-06-09,SKU-034,RET-095,12,37.89
2026-06-10,SKU-034,RET-015,14,37.89
2026-06-11,SKU-034,RET-006,6,37.89
2026-06-12,SKU-034,RET-044,9,37.89
2026-06-13,SKU-034,RET-061,20,37.89
2026-06-14,SKU-034,RET-082,10,37.89
2026-06-15,SKU-034,RET-075,12,37.89
2026-06-16,SKU-034,RET-093,4,37.89
2026-06-17,SKU-034,RET-087,6,37.89
2026-06-18,SKU-034,RET-024,9,37.89
2026-06-19,SKU-034,RET-057,12,37.89
2026-06-20,SKU-034,RET-074,7,37.89
2026-06-21,SKU-034,RET-089,5,37.89
2026-06-22,SKU-034,RET-011,10,37.89
2026-06-23,SKU-034,RET-011,12,37.89
2026-06-24,SKU-034,RET-034,7,37.89
2026-06-25,SKU-034,RET-018,6,37.89
2026-06-26,SKU-034,RET-049,11,37.89
2026-06-27,SKU-034,RET-024,11,37.89
2026-06-28,SKU-034,RET-092,7,37.89
2026-06-29,SKU-034,RET-021,14,37.89
2026-06-30,SKU-034,RET-024,10,37.89
2026-07-01,SKU-034,RET-044,5,37.89
2026-07-02,SKU-034,RET-038,9,37.89
2026-07-03,SKU-034,RET-077,12,37.89
2026-07-04,SKU-034,RET-016,6,37.89
2026-07-05,SKU-034,RET-040,4,37.89
2026-07-06,SKU-034,RET-001,8,37.89
2026-07-07,SKU-034,RET-004,4,37.89
2026-07-08,SKU-034,RET-091,7,37.89
2026-07-09,SKU-034,RET-023,5,37.89
2026-07-10,SKU-034,RET-056,10,37.89
2026-07-11,SKU-034,RET-005,12,37.89
2026-07-12,SKU-034,RET-057,7,37.89
2026-07-13,SKU-034,RET-005,9,37.89
2026-07-14,SKU-034,RET-079,3,37.89
2026-07-15,SKU-034,RET-035,12,37.89
2026-07-16,SKU-034,RET-080,9,37.89
2026-07-17,SKU-034,RET-003,14,37.89
2026-07-18,SKU-034,RET-072,8,37.89
2026-07-19,SKU-034,RET-069,8,37.89
2026-07-20,SKU-034,RET-009,9,37.89
2026-07-21,SKU-034,RET-070,6,37.89
2026-07-22,SKU-034,RET-089,9,37.89
2026-07-23,SKU-034,RET-079,10,37.89
2026-07-24,SKU-034,RET-020,8,37.89
2026-07-25,SKU-034,RET-019,15,37.89
2026-07-26,SKU-034,RET-041,7,37.89
2026-07-27,SKU-034,RET-063,6,37.89
2026-07-28,SKU-034,RET-002,7,37.89
2026-07-29,SKU-034,RET-082,14,37.89
2026-07-30,SKU-034,RET-011,11,37.89
2026-07-31,SKU-034,RET-007,7,37.89
2026-08-01,SKU-034,RET-079,15,37.89
2026-08-02,SKU-034,RET-087,9,37.89
2026-08-03,SKU-034,RET-069,10,37.89
2026-08-04,SKU-034,RET-022,8,37.89
2026-08-05,SKU-034,RET-085,16,37.89
2026-08-06,SKU-034,RET-039,13,37.89
2026-08-07,SKU-034,RET-034,12,37.89
2026-08-08,SKU-034,RET-026,17,37.89
2026-08-09,SKU-034,RET-052,8,37.89
2026-08-10,SKU-034,RET-085,5,37.89
2026-08-11,SKU-034,RET-023,5,37.89
2026-08-12,SKU-034,RET-075,10,37.89
2026-08-13,SKU-034,RET-091,8,37.89
2026-08-14,SKU-034,RET-084,10,37.89
2026-08-15,SKU-034,RET-083,8,37.89
2026-08-16,SKU-034,RET-069,6,37.89
2026-08-17,SKU-034,RET-073,8,37.89
2026-08-18,SKU-034,RET-035,10,37.89
2026-08-19,SKU-034,RET-077,8,37.89
2026-08-20,SKU-034,RET-047,7,37.89
2026-08-21,SKU-034,RET-005,14,37.89
2026-08-22,SKU-034,RET-036,5,37.89
2026-08-23,SKU-034,RET-014,6,37.89
2026-08-24,SKU-034,RET-084,8,37.89
2026-08-25,SKU-034,RET-005,5,37.89
2025-08-26,SKU-035,RET-035,16,52.0
2025-08-27,SKU-035,RET-080,18,52.0
2025-08-28,SKU-035,RET-037,13,52.0
2025-08-29,SKU-035,RET-019,11,52.0
2025-08-30,SKU-035,RET-089,31,52.0
2025-08-31,SKU-035,RET-091,18,52.0
2025-09-01,SKU-035,RET-082,18,52.0
2025-09-02,SKU-035,RET-005,16,52.0
2025-09-03,SKU-035,RET-035,23,52.0
2025-09-04,SKU-035,RET-066,15,52.0
2025-09-05,SKU-035,RET-083,25,52.0
2025-09-06,SKU-035,RET-098,19,52.0
2025-09-07,SKU-035,RET-047,16,52.0
2025-09-08,SKU-035,RET-034,19,52.0
2025-09-09,SKU-035,RET-093,21,52.0
2025-09-10,SKU-035,RET-033,21,52.0
2025-09-11,SKU-035,RET-067,24,52.0
2025-09-12,SKU-035,RET-092,24,52.0
2025-09-13,SKU-035,RET-001,24,52.0
2025-09-14,SKU-035,RET-075,22,52.0
2025-09-15,SKU-035,RET-071,16,52.0
2025-09-16,SKU-035,RET-092,23,52.0
2025-09-17,SKU-035,RET-059,24,52.0
2025-09-18,SKU-035,RET-069,23,52.0
2025-09-19,SKU-035,RET-027,24,52.0
2025-09-20,SKU-035,RET-039,39,52.0
2025-09-21,SKU-035,RET-016,23,52.0
2025-09-22,SKU-035,RET-036,18,52.0
2025-09-23,SKU-035,RET-020,19,52.0
2025-09-24,SKU-035,RET-003,21,52.0
2025-09-25,SKU-035,RET-087,17,52.0
2025-09-26,SKU-035,RET-096,27,52.0
2025-09-27,SKU-035,RET-100,22,52.0
2025-09-28,SKU-035,RET-046,22,52.0
2025-09-29,SKU-035,RET-034,19,52.0
2025-09-30,SKU-035,RET-079,23,52.0
2025-10-01,SKU-035,RET-039,22,52.0
2025-10-02,SKU-035,RET-046,28,52.0
2025-10-03,SKU-035,RET-095,34,52.0
2025-10-04,SKU-035,RET-055,35,52.0
2025-10-05,SKU-035,RET-029,21,52.0
2025-10-06,SKU-035,RET-013,24,52.0
2025-10-07,SKU-035,RET-005,25,52.0
2025-10-08,SKU-035,RET-060,29,52.0
2025-10-09,SKU-035,RET-041,32,52.0
2025-10-10,SKU-035,RET-005,36,52.0
2025-10-11,SKU-035,RET-067,29,52.0
2025-10-12,SKU-035,RET-040,14,52.0
2025-10-13,SKU-035,RET-056,33,52.0
2025-10-14,SKU-035,RET-064,24,52.0
2025-10-15,SKU-035,RET-045,22,52.0
2025-10-16,SKU-035,RET-022,31,52.0
2025-10-17,SKU-035,RET-059,35,52.0
2025-10-18,SKU-035,RET-070,29,52.0
2025-10-19,SKU-035,RET-015,22,52.0
2025-10-20,SKU-035,RET-067,14,52.0
2025-10-21,SKU-035,RET-046,28,52.0
2025-10-22,SKU-035,RET-079,31,52.0
2025-10-23,SKU-035,RET-026,24,52.0
2025-10-24,SKU-035,RET-092,25,52.0
2025-10-25,SKU-035,RET-032,25,52.0
2025-10-26,SKU-035,RET-048,33,52.0
2025-10-27,SKU-035,RET-029,24,52.0
2025-10-28,SKU-035,RET-021,27,52.0
2025-10-29,SKU-035,RET-064,24,52.0
2025-10-30,SKU-035,RET-002,41,52.0
2025-10-31,SKU-035,RET-042,34,52.0
2025-11-01,SKU-035,RET-013,26,52.0
2025-11-02,SKU-035,RET-095,29,52.0
2025-11-03,SKU-035,RET-033,30,52.0
2025-11-04,SKU-035,RET-096,28,52.0
2025-11-05,SKU-035,RET-097,27,52.0
2025-11-06,SKU-035,RET-033,19,52.0
2025-11-07,SKU-035,RET-021,40,52.0
2025-11-08,SKU-035,RET-046,27,52.0
2025-11-09,SKU-035,RET-017,28,52.0
2025-11-10,SKU-035,RET-074,22,52.0
2025-11-11,SKU-035,RET-037,23,52.0
2025-11-12,SKU-035,RET-034,31,52.0
2025-11-13,SKU-035,RET-093,23,52.0
2025-11-14,SKU-035,RET-041,35,52.0
2025-11-15,SKU-035,RET-075,34,52.0
2025-11-16,SKU-035,RET-083,25,52.0
2025-11-17,SKU-035,RET-004,25,52.0
2025-11-18,SKU-035,RET-002,29,52.0
2025-11-19,SKU-035,RET-037,19,52.0
2025-11-20,SKU-035,RET-011,17,52.0
2025-11-21,SKU-035,RET-047,34,52.0
2025-11-22,SKU-035,RET-096,40,52.0
2025-11-23,SKU-035,RET-091,21,52.0
2025-11-24,SKU-035,RET-096,34,52.0
2025-11-25,SKU-035,RET-094,23,52.0
2025-11-26,SKU-035,RET-094,31,52.0
2025-11-27,SKU-035,RET-048,21,52.0
2025-11-28,SKU-035,RET-066,38,52.0
2025-11-29,SKU-035,RET-055,29,52.0
2025-11-30,SKU-035,RET-086,26,52.0
2025-12-01,SKU-035,RET-084,24,52.0
2025-12-02,SKU-035,RET-065,23,52.0
2025-12-03,SKU-035,RET-091,27,52.0
2025-12-04,SKU-035,RET-003,22,52.0
2025-12-05,SKU-035,RET-031,29,52.0
2025-12-06,SKU-035,RET-004,29,52.0
2025-12-07,SKU-035,RET-027,12,52.0
2025-12-08,SKU-035,RET-091,15,52.0
2025-12-09,SKU-035,RET-019,23,52.0
2025-12-10,SKU-035,RET-010,25,52.0
2025-12-11,SKU-035,RET-001,31,52.0
2025-12-12,SKU-035,RET-092,22,52.0
2025-12-13,SKU-035,RET-020,39,52.0
2025-12-14,SKU-035,RET-024,16,52.0
2025-12-15,SKU-035,RET-009,17,52.0
2025-12-16,SKU-035,RET-032,20,52.0
2025-12-17,SKU-035,RET-030,20,52.0
2025-12-18,SKU-035,RET-055,24,52.0
2025-12-19,SKU-035,RET-023,32,52.0
2025-12-20,SKU-035,RET-065,35,52.0
2025-12-21,SKU-035,RET-018,25,52.0
2025-12-22,SKU-035,RET-033,17,52.0
2025-12-23,SKU-035,RET-003,19,52.0
2025-12-24,SKU-035,RET-072,32,52.0
2025-12-25,SKU-035,RET-045,23,52.0
2025-12-26,SKU-035,RET-097,29,52.0
2025-12-27,SKU-035,RET-005,36,52.0
2025-12-28,SKU-035,RET-023,23,52.0
2025-12-29,SKU-035,RET-015,29,52.0
2025-12-30,SKU-035,RET-062,15,52.0
2025-12-31,SKU-035,RET-051,21,52.0
2026-01-01,SKU-035,RET-005,22,52.0
2026-01-02,SKU-035,RET-083,27,52.0
2026-01-03,SKU-035,RET-051,19,52.0
2026-01-04,SKU-035,RET-097,25,52.0
2026-01-05,SKU-035,RET-050,25,52.0
2026-01-06,SKU-035,RET-041,26,52.0
2026-01-07,SKU-035,RET-045,35,52.0
2026-01-08,SKU-035,RET-051,26,52.0
2026-01-09,SKU-035,RET-095,29,52.0
2026-01-10,SKU-035,RET-032,22,52.0
2026-01-11,SKU-035,RET-033,29,52.0
2026-01-12,SKU-035,RET-092,21,52.0
2026-01-13,SKU-035,RET-085,19,52.0
2026-01-14,SKU-035,RET-070,26,52.0
2026-01-15,SKU-035,RET-034,34,52.0
2026-01-16,SKU-035,RET-047,30,52.0
2026-01-17,SKU-035,RET-035,28,52.0
2026-01-18,SKU-035,RET-028,29,52.0
2026-01-19,SKU-035,RET-054,33,52.0
2026-01-20,SKU-035,RET-050,25,52.0
2026-01-21,SKU-035,RET-063,38,52.0
2026-01-22,SKU-035,RET-049,13,52.0
2026-01-23,SKU-035,RET-085,19,52.0
2026-01-24,SKU-035,RET-065,29,52.0
2026-01-25,SKU-035,RET-076,34,52.0
2026-01-26,SKU-035,RET-072,18,52.0
2026-01-27,SKU-035,RET-041,33,52.0
2026-01-28,SKU-035,RET-051,31,52.0
2026-01-29,SKU-035,RET-003,30,52.0
2026-01-30,SKU-035,RET-022,24,52.0
2026-01-31,SKU-035,RET-015,36,52.0
2026-02-01,SKU-035,RET-002,24,52.0
2026-02-02,SKU-035,RET-097,35,52.0
2026-02-03,SKU-035,RET-019,29,52.0
2026-02-04,SKU-035,RET-083,23,52.0
2026-02-05,SKU-035,RET-016,34,52.0
2026-02-06,SKU-035,RET-059,30,52.0
2026-02-07,SKU-035,RET-075,28,52.0
2026-02-08,SKU-035,RET-091,38,52.0
2026-02-09,SKU-035,RET-076,22,52.0
2026-02-10,SKU-035,RET-077,18,52.0
2026-02-11,SKU-035,RET-047,22,52.0
2026-02-12,SKU-035,RET-038,25,52.0
2026-02-13,SKU-035,RET-084,23,52.0
2026-02-14,SKU-035,RET-097,35,52.0
2026-02-15,SKU-035,RET-074,35,52.0
2026-02-16,SKU-035,RET-037,21,52.0
2026-02-17,SKU-035,RET-074,23,52.0
2026-02-18,SKU-035,RET-042,23,52.0
2026-02-19,SKU-035,RET-011,27,52.0
2026-02-20,SKU-035,RET-017,42,52.0
2026-02-21,SKU-035,RET-062,31,52.0
2026-02-22,SKU-035,RET-097,29,52.0
2026-02-23,SKU-035,RET-073,22,52.0
2026-02-24,SKU-035,RET-019,29,52.0
2026-02-25,SKU-035,RET-080,25,52.0
2026-02-26,SKU-035,RET-053,20,52.0
2026-02-27,SKU-035,RET-057,24,52.0
2026-02-28,SKU-035,RET-002,26,52.0
2026-03-01,SKU-035,RET-085,23,52.0
2026-03-02,SKU-035,RET-081,32,52.0
2026-03-03,SKU-035,RET-012,30,52.0
2026-03-04,SKU-035,RET-034,24,52.0
2026-03-05,SKU-035,RET-031,29,52.0
2026-03-06,SKU-035,RET-059,27,52.0
2026-03-07,SKU-035,RET-084,33,52.0
2026-03-08,SKU-035,RET-039,27,52.0
2026-03-09,SKU-035,RET-085,28,52.0
2026-03-10,SKU-035,RET-011,21,52.0
2026-03-11,SKU-035,RET-044,36,52.0
2026-03-12,SKU-035,RET-017,30,52.0
2026-03-13,SKU-035,RET-089,32,52.0
2026-03-14,SKU-035,RET-020,27,52.0
2026-03-15,SKU-035,RET-100,28,52.0
2026-03-16,SKU-035,RET-062,38,52.0
2026-03-17,SKU-035,RET-016,30,52.0
2026-03-18,SKU-035,RET-010,44,52.0
2026-03-19,SKU-035,RET-058,22,52.0
2026-03-20,SKU-035,RET-076,30,52.0
2026-03-21,SKU-035,RET-061,39,52.0
2026-03-22,SKU-035,RET-076,29,52.0
2026-03-23,SKU-035,RET-084,22,52.0
2026-03-24,SKU-035,RET-019,31,52.0
2026-03-25,SKU-035,RET-078,29,52.0
2026-03-26,SKU-035,RET-040,37,52.0
2026-03-27,SKU-035,RET-005,39,52.0
2026-03-28,SKU-035,RET-080,43,52.0
2026-03-29,SKU-035,RET-062,43,52.0
2026-03-30,SKU-035,RET-085,28,52.0
2026-03-31,SKU-035,RET-064,30,52.0
2026-04-01,SKU-035,RET-089,33,52.0
2026-04-02,SKU-035,RET-011,34,52.0
2026-04-03,SKU-035,RET-037,34,52.0
2026-04-04,SKU-035,RET-010,41,52.0
2026-04-05,SKU-035,RET-024,23,52.0
2026-04-06,SKU-035,RET-055,30,52.0
2026-04-07,SKU-035,RET-093,19,52.0
2026-04-08,SKU-035,RET-028,26,52.0
2026-04-09,SKU-035,RET-091,22,52.0
2026-04-10,SKU-035,RET-034,43,52.0
2026-04-11,SKU-035,RET-041,29,52.0
2026-04-12,SKU-035,RET-052,20,52.0
2026-04-13,SKU-035,RET-073,26,52.0
2026-04-14,SKU-035,RET-018,22,52.0
2026-04-15,SKU-035,RET-010,23,52.0
2026-04-16,SKU-035,RET-026,33,52.0
2026-04-17,SKU-035,RET-021,29,52.0
2026-04-18,SKU-035,RET-046,24,52.0
2026-04-19,SKU-035,RET-044,21,52.0
2026-04-20,SKU-035,RET-038,21,52.0
2026-04-21,SKU-035,RET-056,21,52.0
2026-04-22,SKU-035,RET-079,27,52.0
2026-04-23,SKU-035,RET-049,19,52.0
2026-04-24,SKU-035,RET-097,33,52.0
2026-04-25,SKU-035,RET-034,34,52.0
2026-04-26,SKU-035,RET-057,33,52.0
2026-04-27,SKU-035,RET-079,26,52.0
2026-04-28,SKU-035,RET-034,29,52.0
2026-04-29,SKU-035,RET-037,31,52.0
2026-04-30,SKU-035,RET-063,29,52.0
2026-05-01,SKU-035,RET-006,33,52.0
2026-05-02,SKU-035,RET-010,27,52.0
2026-05-03,SKU-035,RET-041,15,52.0
2026-05-04,SKU-035,RET-059,27,52.0
2026-05-05,SKU-035,RET-045,22,52.0
2026-05-06,SKU-035,RET-032,25,52.0
2026-05-07,SKU-035,RET-033,25,52.0
2026-05-08,SKU-035,RET-069,37,52.0
2026-05-09,SKU-035,RET-034,45,52.0
2026-05-10,SKU-035,RET-089,24,52.0
2026-05-11,SKU-035,RET-094,39,52.0
2026-05-12,SKU-035,RET-077,34,52.0
2026-05-13,SKU-035,RET-089,31,52.0
2026-05-14,SKU-035,RET-043,23,52.0
2026-05-15,SKU-035,RET-044,38,52.0
2026-05-16,SKU-035,RET-077,36,52.0
2026-05-17,SKU-035,RET-041,23,52.0
2026-05-18,SKU-035,RET-091,14,52.0
2026-05-19,SKU-035,RET-051,34,52.0
2026-05-20,SKU-035,RET-042,27,52.0
2026-05-21,SKU-035,RET-044,28,52.0
2026-05-22,SKU-035,RET-085,40,52.0
2026-05-23,SKU-035,RET-019,28,52.0
2026-05-24,SKU-035,RET-058,15,52.0
2026-05-25,SKU-035,RET-068,19,52.0
2026-05-26,SKU-035,RET-078,21,52.0
2026-05-27,SKU-035,RET-034,27,52.0
2026-05-28,SKU-035,RET-014,27,52.0
2026-05-29,SKU-035,RET-018,43,52.0
2026-05-30,SKU-035,RET-078,33,52.0
2026-05-31,SKU-035,RET-080,30,52.0
2026-06-01,SKU-035,RET-052,20,52.0
2026-06-02,SKU-035,RET-098,18,52.0
2026-06-03,SKU-035,RET-036,26,52.0
2026-06-04,SKU-035,RET-002,29,52.0
2026-06-05,SKU-035,RET-044,38,52.0
2026-06-06,SKU-035,RET-060,27,52.0
2026-06-07,SKU-035,RET-077,18,52.0
2026-06-08,SKU-035,RET-051,27,52.0
2026-06-09,SKU-035,RET-049,17,52.0
2026-06-10,SKU-035,RET-024,12,52.0
2026-06-11,SKU-035,RET-032,15,52.0
2026-06-12,SKU-035,RET-011,29,52.0
2026-06-13,SKU-035,RET-010,35,52.0
2026-06-14,SKU-035,RET-004,25,52.0
2026-06-15,SKU-035,RET-044,26,52.0
2026-06-16,SKU-035,RET-060,35,52.0
2026-06-17,SKU-035,RET-041,21,52.0
2026-06-18,SKU-035,RET-008,24,52.0
2026-06-19,SKU-035,RET-022,37,52.0
2026-06-20,SKU-035,RET-092,26,52.0
2026-06-21,SKU-035,RET-054,27,52.0
2026-06-22,SKU-035,RET-062,19,52.0
2026-06-23,SKU-035,RET-066,21,52.0
2026-06-24,SKU-035,RET-010,27,52.0
2026-06-25,SKU-035,RET-004,32,52.0
2026-06-26,SKU-035,RET-051,27,52.0
2026-06-27,SKU-035,RET-073,25,52.0
2026-06-28,SKU-035,RET-094,25,52.0
2026-06-29,SKU-035,RET-055,23,52.0
2026-06-30,SKU-035,RET-095,29,52.0
2026-07-01,SKU-035,RET-067,20,52.0
2026-07-02,SKU-035,RET-090,28,52.0
2026-07-03,SKU-035,RET-012,31,52.0
2026-07-04,SKU-035,RET-044,29,52.0
2026-07-05,SKU-035,RET-016,23,52.0
2026-07-06,SKU-035,RET-069,31,52.0
2026-07-07,SKU-035,RET-058,30,52.0
2026-07-08,SKU-035,RET-044,24,52.0
2026-07-09,SKU-035,RET-024,22,52.0
2026-07-10,SKU-035,RET-071,16,52.0
2026-07-11,SKU-035,RET-007,25,52.0
2026-07-12,SKU-035,RET-042,19,52.0
2026-07-13,SKU-035,RET-057,15,52.0
2026-07-14,SKU-035,RET-041,25,52.0
2026-07-15,SKU-035,RET-010,19,52.0
2026-07-16,SKU-035,RET-088,21,52.0
2026-07-17,SKU-035,RET-068,31,52.0
2026-07-18,SKU-035,RET-014,29,52.0
2026-07-19,SKU-035,RET-044,29,52.0
2026-07-20,SKU-035,RET-027,20,52.0
2026-07-21,SKU-035,RET-085,35,52.0
2026-07-22,SKU-035,RET-020,22,52.0
2026-07-23,SKU-035,RET-072,21,52.0
2026-07-24,SKU-035,RET-011,38,52.0
2026-07-25,SKU-035,RET-066,29,52.0
2026-07-26,SKU-035,RET-049,26,52.0
2026-07-27,SKU-035,RET-045,24,52.0
2026-07-28,SKU-035,RET-031,30,52.0
2026-07-29,SKU-035,RET-022,16,52.0
2026-07-30,SKU-035,RET-078,21,52.0
2026-07-31,SKU-035,RET-012,33,52.0
2026-08-01,SKU-035,RET-015,18,52.0
2026-08-02,SKU-035,RET-061,22,52.0
2026-08-03,SKU-035,RET-073,25,52.0
2026-08-04,SKU-035,RET-087,15,52.0
2026-08-05,SKU-035,RET-049,23,52.0
2026-08-06,SKU-035,RET-073,13,52.0
2026-08-07,SKU-035,RET-093,25,52.0
2026-08-08,SKU-035,RET-037,29,52.0
2026-08-09,SKU-035,RET-083,20,52.0
2026-08-10,SKU-035,RET-046,29,52.0
2026-08-11,SKU-035,RET-029,28,52.0
2026-08-12,SKU-035,RET-044,14,52.0
2026-08-13,SKU-035,RET-069,11,52.0
2026-08-14,SKU-035,RET-066,30,52.0
2026-08-15,SKU-035,RET-009,20,52.0
2026-08-16,SKU-035,RET-022,14,52.0
2026-08-17,SKU-035,RET-100,22,52.0
2026-08-18,SKU-035,RET-080,22,52.0
2026-08-19,SKU-035,RET-050,23,52.0
2026-08-20,SKU-035,RET-091,16,52.0
2026-08-21,SKU-035,RET-031,30,52.0
2026-08-22,SKU-035,RET-018,26,52.0
2026-08-23,SKU-035,RET-033,21,52.0
2026-08-24,SKU-035,RET-057,24,52.0
2026-08-25,SKU-035,RET-041,22,52.0
2025-08-26,SKU-036,RET-048,27,52.21
2025-08-27,SKU-036,RET-070,17,52.21
2025-08-28,SKU-036,RET-084,18,52.21
2025-08-29,SKU-036,RET-063,26,52.21
2025-08-30,SKU-036,RET-050,25,52.21
2025-08-31,SKU-036,RET-082,19,52.21
2025-09-01,SKU-036,RET-007,27,52.21
2025-09-02,SKU-036,RET-086,13,52.21
2025-09-03,SKU-036,RET-098,22,52.21
2025-09-04,SKU-036,RET-049,19,52.21
2025-09-05,SKU-036,RET-079,35,52.21
2025-09-06,SKU-036,RET-059,32,52.21
2025-09-07,SKU-036,RET-012,20,52.21
2025-09-08,SKU-036,RET-050,20,52.21
2025-09-09,SKU-036,RET-100,19,52.21
2025-09-10,SKU-036,RET-031,17,52.21
2025-09-11,SKU-036,RET-047,29,52.21
2025-09-12,SKU-036,RET-075,33,52.21
2025-09-13,SKU-036,RET-011,19,52.21
2025-09-14,SKU-036,RET-095,17,52.21
2025-09-15,SKU-036,RET-053,9,52.21
2025-09-16,SKU-036,RET-059,28,52.21
2025-09-17,SKU-036,RET-060,20,52.21
2025-09-18,SKU-036,RET-049,16,52.21
2025-09-19,SKU-036,RET-031,24,52.21
2025-09-20,SKU-036,RET-041,31,52.21
2025-09-21,SKU-036,RET-043,18,52.21
2025-09-22,SKU-036,RET-073,17,52.21
2025-09-23,SKU-036,RET-028,24,52.21
2025-09-24,SKU-036,RET-013,21,52.21
2025-09-25,SKU-036,RET-040,21,52.21
2025-09-26,SKU-036,RET-087,22,52.21
2025-09-27,SKU-036,RET-047,31,52.21
2025-09-28,SKU-036,RET-080,14,52.21
2025-09-29,SKU-036,RET-090,22,52.21
2025-09-30,SKU-036,RET-024,18,52.21
2025-10-01,SKU-036,RET-065,24,52.21
2025-10-02,SKU-036,RET-068,28,52.21
2025-10-03,SKU-036,RET-030,37,52.21
2025-10-04,SKU-036,RET-050,44,52.21
2025-10-05,SKU-036,RET-078,29,52.21
2025-10-06,SKU-036,RET-007,26,52.21
2025-10-07,SKU-036,RET-052,27,52.21
2025-10-08,SKU-036,RET-079,29,52.21
2025-10-09,SKU-036,RET-028,31,52.21
2025-10-10,SKU-036,RET-087,36,52.21
2025-10-11,SKU-036,RET-045,31,52.21
2025-10-12,SKU-036,RET-065,37,52.21
2025-10-13,SKU-036,RET-063,19,52.21
2025-10-14,SKU-036,RET-035,23,52.21
2025-10-15,SKU-036,RET-005,21,52.21
2025-10-16,SKU-036,RET-087,23,52.21
2025-10-17,SKU-036,RET-057,35,52.21
2025-10-18,SKU-036,RET-066,40,52.21
2025-10-19,SKU-036,RET-060,16,52.21
2025-10-20,SKU-036,RET-056,23,52.21
2025-10-21,SKU-036,RET-062,30,52.21
2025-10-22,SKU-036,RET-087,25,52.21
2025-10-23,SKU-036,RET-018,24,52.21
2025-10-24,SKU-036,RET-094,30,52.21
2025-10-25,SKU-036,RET-008,34,52.21
2025-10-26,SKU-036,RET-067,23,52.21
2025-10-27,SKU-036,RET-060,22,52.21
2025-10-28,SKU-036,RET-062,21,52.21
2025-10-29,SKU-036,RET-070,30,52.21
2025-10-30,SKU-036,RET-063,28,52.21
2025-10-31,SKU-036,RET-042,46,52.21
2025-11-01,SKU-036,RET-081,30,52.21
2025-11-02,SKU-036,RET-029,26,52.21
2025-11-03,SKU-036,RET-048,23,52.21
2025-11-04,SKU-036,RET-045,27,52.21
2025-11-05,SKU-036,RET-055,32,52.21
2025-11-06,SKU-036,RET-055,19,52.21
2025-11-07,SKU-036,RET-032,31,52.21
2025-11-08,SKU-036,RET-054,34,52.21
2025-11-09,SKU-036,RET-078,23,52.21
2025-11-10,SKU-036,RET-019,21,52.21
2025-11-11,SKU-036,RET-012,50,52.21
2025-11-12,SKU-036,RET-062,18,52.21
2025-11-13,SKU-036,RET-050,21,52.21
2025-11-14,SKU-036,RET-010,38,52.21
2025-11-15,SKU-036,RET-055,41,52.21
2025-11-16,SKU-036,RET-094,39,52.21
2025-11-17,SKU-036,RET-046,25,52.21
2025-11-18,SKU-036,RET-027,35,52.21
2025-11-19,SKU-036,RET-023,23,52.21
2025-11-20,SKU-036,RET-050,30,52.21
2025-11-21,SKU-036,RET-013,42,52.21
2025-11-22,SKU-036,RET-032,37,52.21
2025-11-23,SKU-036,RET-003,27,52.21
2025-11-24,SKU-036,RET-008,33,52.21
2025-11-25,SKU-036,RET-083,30,52.21
2025-11-26,SKU-036,RET-095,28,52.21
2025-11-27,SKU-036,RET-067,42,52.21
2025-11-28,SKU-036,RET-032,39,52.21
2025-11-29,SKU-036,RET-058,41,52.21
2025-11-30,SKU-036,RET-021,30,52.21
2025-12-01,SKU-036,RET-074,24,52.21
2025-12-02,SKU-036,RET-084,24,52.21
2025-12-03,SKU-036,RET-012,22,52.21
2025-12-04,SKU-036,RET-016,21,52.21
2025-12-05,SKU-036,RET-076,37,52.21
2025-12-06,SKU-036,RET-057,26,52.21
2025-12-07,SKU-036,RET-086,30,52.21
2025-12-08,SKU-036,RET-004,19,52.21
2025-12-09,SKU-036,RET-076,27,52.21
2025-12-10,SKU-036,RET-032,26,52.21
2025-12-11,SKU-036,RET-002,18,52.21
2025-12-12,SKU-036,RET-005,41,52.21
2025-12-13,SKU-036,RET-100,33,52.21
2025-12-14,SKU-036,RET-084,27,52.21
2025-12-15,SKU-036,RET-089,25,52.21
2025-12-16,SKU-036,RET-012,28,52.21
2025-12-17,SKU-036,RET-052,17,52.21
2025-12-18,SKU-036,RET-082,30,52.21
2025-12-19,SKU-036,RET-074,26,52.21
2025-12-20,SKU-036,RET-072,28,52.21
2025-12-21,SKU-036,RET-036,28,52.21
2025-12-22,SKU-036,RET-008,22,52.21
2025-12-23,SKU-036,RET-052,24,52.21
2025-12-24,SKU-036,RET-078,23,52.21
2025-12-25,SKU-036,RET-004,23,52.21
2025-12-26,SKU-036,RET-040,39,52.21
2025-12-27,SKU-036,RET-071,36,52.21
2025-12-28,SKU-036,RET-034,22,52.21
2025-12-29,SKU-036,RET-028,34,52.21
2025-12-30,SKU-036,RET-056,25,52.21
2025-12-31,SKU-036,RET-070,23,52.21
2026-01-01,SKU-036,RET-068,26,52.21
2026-01-02,SKU-036,RET-076,37,52.21
2026-01-03,SKU-036,RET-065,38,52.21
2026-01-04,SKU-036,RET-053,27,52.21
2026-01-05,SKU-036,RET-099,19,52.21
2026-01-06,SKU-036,RET-092,21,52.21
2026-01-07,SKU-036,RET-009,16,52.21
2026-01-08,SKU-036,RET-038,40,52.21
2026-01-09,SKU-036,RET-023,24,52.21
2026-01-10,SKU-036,RET-053,33,52.21
2026-01-11,SKU-036,RET-069,22,52.21
2026-01-12,SKU-036,RET-001,32,52.21
2026-01-13,SKU-036,RET-035,24,52.21
2026-01-14,SKU-036,RET-033,30,52.21
2026-01-15,SKU-036,RET-072,23,52.21
2026-01-16,SKU-036,RET-035,32,52.21
2026-01-17,SKU-036,RET-025,27,52.21
2026-01-18,SKU-036,RET-097,22,52.21
2026-01-19,SKU-036,RET-041,25,52.21
2026-01-20,SKU-036,RET-089,35,52.21
2026-01-21,SKU-036,RET-009,32,52.21
2026-01-22,SKU-036,RET-078,35,52.21
2026-01-23,SKU-036,RET-098,22,52.21
2026-01-24,SKU-036,RET-079,36,52.21
2026-01-25,SKU-036,RET-079,33,52.21
2026-01-26,SKU-036,RET-068,33,52.21
2026-01-27,SKU-036,RET-061,28,52.21
2026-01-28,SKU-036,RET-035,26,52.21
2026-01-29,SKU-036,RET-011,33,52.21
2026-01-30,SKU-036,RET-044,35,52.21
2026-01-31,SKU-036,RET-045,33,52.21
2026-02-01,SKU-036,RET-024,26,52.21
2026-02-02,SKU-036,RET-027,27,52.21
2026-02-03,SKU-036,RET-036,15,52.21
2026-02-04,SKU-036,RET-098,19,52.21
2026-02-05,SKU-036,RET-051,38,52.21
2026-02-06,SKU-036,RET-074,39,52.21
2026-02-07,SKU-036,RET-034,33,52.21
2026-02-08,SKU-036,RET-025,31,52.21
2026-02-09,SKU-036,RET-081,30,52.21
2026-02-10,SKU-036,RET-038,23,52.21
2026-02-11,SKU-036,RET-071,28,52.21
2026-02-12,SKU-036,RET-068,27,52.21
2026-02-13,SKU-036,RET-065,32,52.21
2026-02-14,SKU-036,RET-001,40,52.21
2026-02-15,SKU-036,RET-004,33,52.21
2026-02-16,SKU-036,RET-067,39,52.21
2026-02-17,SKU-036,RET-021,29,52.21
2026-02-18,SKU-036,RET-026,34,52.21
2026-02-19,SKU-036,RET-057,31,52.21
2026-02-20,SKU-036,RET-072,43,52.21
2026-02-21,SKU-036,RET-092,37,52.21
2026-02-22,SKU-036,RET-049,24,52.21
2026-02-23,SKU-036,RET-059,23,52.21
2026-02-24,SKU-036,RET-021,25,52.21
2026-02-25,SKU-036,RET-095,31,52.21
2026-02-26,SKU-036,RET-061,33,52.21
2026-02-27,SKU-036,RET-083,33,52.21
2026-02-28,SKU-036,RET-014,31,52.21
2026-03-01,SKU-036,RET-014,36,52.21
2026-03-02,SKU-036,RET-093,29,52.21
2026-03-03,SKU-036,RET-039,36,52.21
2026-03-04,SKU-036,RET-031,33,52.21
2026-03-05,SKU-036,RET-081,28,52.21
2026-03-06,SKU-036,RET-060,32,52.21
2026-03-07,SKU-036,RET-094,42,52.21
2026-03-08,SKU-036,RET-042,34,52.21
2026-03-09,SKU-036,RET-013,21,52.21
2026-03-10,SKU-036,RET-010,31,52.21
2026-03-11,SKU-036,RET-088,27,52.21
2026-03-12,SKU-036,RET-058,27,52.21
2026-03-13,SKU-036,RET-081,37,52.21
2026-03-14,SKU-036,RET-099,51,52.21
2026-03-15,SKU-036,RET-017,27,52.21
2026-03-16,SKU-036,RET-086,22,52.21
2026-03-17,SKU-036,RET-074,25,52.21
2026-03-18,SKU-036,RET-091,28,52.21
2026-03-19,SKU-036,RET-019,31,52.21
2026-03-20,SKU-036,RET-059,42,52.21
2026-03-21,SKU-036,RET-055,40,52.21
2026-03-22,SKU-036,RET-047,24,52.21
2026-03-23,SKU-036,RET-018,23,52.21
2026-03-24,SKU-036,RET-006,29,52.21
2026-03-25,SKU-036,RET-060,41,52.21
2026-03-26,SKU-036,RET-079,30,52.21
2026-03-27,SKU-036,RET-009,30,52.21
2026-03-28,SKU-036,RET-006,41,52.21
2026-03-29,SKU-036,RET-004,35,52.21
2026-03-30,SKU-036,RET-023,27,52.21
2026-03-31,SKU-036,RET-100,26,52.21
2026-04-01,SKU-036,RET-017,22,52.21
2026-04-02,SKU-036,RET-053,36,52.21
2026-04-03,SKU-036,RET-052,51,52.21
2026-04-04,SKU-036,RET-011,43,52.21
2026-04-05,SKU-036,RET-007,25,52.21
2026-04-06,SKU-036,RET-096,25,52.21
2026-04-07,SKU-036,RET-044,25,52.21
2026-04-08,SKU-036,RET-041,28,52.21
2026-04-09,SKU-036,RET-086,45,52.21
2026-04-10,SKU-036,RET-042,38,52.21
2026-04-11,SKU-036,RET-037,35,52.21
2026-04-12,SKU-036,RET-005,35,52.21
2026-04-13,SKU-036,RET-030,34,52.21
2026-04-14,SKU-036,RET-068,33,52.21
2026-04-15,SKU-036,RET-075,25,52.21
2026-04-16,SKU-036,RET-091,25,52.21
2026-04-17,SKU-036,RET-086,30,52.21
2026-04-18,SKU-036,RET-100,35,52.21
2026-04-19,SKU-036,RET-100,31,52.21
2026-04-20,SKU-036,RET-043,32,52.21
2026-04-21,SKU-036,RET-010,30,52.21
2026-04-22,SKU-036,RET-040,26,52.21
2026-04-23,SKU-036,RET-046,36,52.21
2026-04-24,SKU-036,RET-077,32,52.21
2026-04-25,SKU-036,RET-097,45,52.21
2026-04-26,SKU-036,RET-056,29,52.21
2026-04-27,SKU-036,RET-020,23,52.21
2026-04-28,SKU-036,RET-003,30,52.21
2026-04-29,SKU-036,RET-077,21,52.21
2026-04-30,SKU-036,RET-027,38,52.21
2026-05-01,SKU-036,RET-015,36,52.21
2026-05-02,SKU-036,RET-088,40,52.21
2026-05-03,SKU-036,RET-063,22,52.21
2026-05-04,SKU-036,RET-078,26,52.21
2026-05-05,SKU-036,RET-039,24,52.21
2026-05-06,SKU-036,RET-034,27,52.21
2026-05-07,SKU-036,RET-023,29,52.21
2026-05-08,SKU-036,RET-054,39,52.21
2026-05-09,SKU-036,RET-085,29,52.21
2026-05-10,SKU-036,RET-042,27,52.21
2026-05-11,SKU-036,RET-083,29,52.21
2026-05-12,SKU-036,RET-068,26,52.21
2026-05-13,SKU-036,RET-063,19,52.21
2026-05-14,SKU-036,RET-075,28,52.21
2026-05-15,SKU-036,RET-079,33,52.21
2026-05-16,SKU-036,RET-038,37,52.21
2026-05-17,SKU-036,RET-027,31,52.21
2026-05-18,SKU-036,RET-020,30,52.21
2026-05-19,SKU-036,RET-004,30,52.21
2026-05-20,SKU-036,RET-036,33,52.21
2026-05-21,SKU-036,RET-017,36,52.21
2026-05-22,SKU-036,RET-080,32,52.21
2026-05-23,SKU-036,RET-049,33,52.21
2026-05-24,SKU-036,RET-013,27,52.21
2026-05-25,SKU-036,RET-089,29,52.21
2026-05-26,SKU-036,RET-045,30,52.21
2026-05-27,SKU-036,RET-057,40,52.21
2026-05-28,SKU-036,RET-037,27,52.21
2026-05-29,SKU-036,RET-022,23,52.21
2026-05-30,SKU-036,RET-052,27,52.21
2026-05-31,SKU-036,RET-022,28,52.21
2026-06-01,SKU-036,RET-017,24,52.21
2026-06-02,SKU-036,RET-080,23,52.21
2026-06-03,SKU-036,RET-096,22,52.21
2026-06-04,SKU-036,RET-045,24,52.21
2026-06-05,SKU-036,RET-088,38,52.21
2026-06-06,SKU-036,RET-029,33,52.21
2026-06-07,SKU-036,RET-012,32,52.21
2026-06-08,SKU-036,RET-088,19,52.21
2026-06-09,SKU-036,RET-065,22,52.21
2026-06-10,SKU-036,RET-047,30,52.21
2026-06-11,SKU-036,RET-061,27,52.21
2026-06-12,SKU-036,RET-074,30,52.21
2026-06-13,SKU-036,RET-060,35,52.21
2026-06-14,SKU-036,RET-004,26,52.21
2026-06-15,SKU-036,RET-092,26,52.21
2026-06-16,SKU-036,RET-002,35,52.21
2026-06-17,SKU-036,RET-073,28,52.21
2026-06-18,SKU-036,RET-098,33,52.21
2026-06-19,SKU-036,RET-004,30,52.21
2026-06-20,SKU-036,RET-074,28,52.21
2026-06-21,SKU-036,RET-053,22,52.21
2026-06-22,SKU-036,RET-070,23,52.21
2026-06-23,SKU-036,RET-044,27,52.21
2026-06-24,SKU-036,RET-009,24,52.21
2026-06-25,SKU-036,RET-094,27,52.21
2026-06-26,SKU-036,RET-033,23,52.21
2026-06-27,SKU-036,RET-036,36,52.21
2026-06-28,SKU-036,RET-064,28,52.21
2026-06-29,SKU-036,RET-003,20,52.21
2026-06-30,SKU-036,RET-036,23,52.21
2026-07-01,SKU-036,RET-089,37,52.21
2026-07-02,SKU-036,RET-051,27,52.21
2026-07-03,SKU-036,RET-094,35,52.21
2026-07-04,SKU-036,RET-068,26,52.21
2026-07-05,SKU-036,RET-019,23,52.21
2026-07-06,SKU-036,RET-059,32,52.21
2026-07-07,SKU-036,RET-064,21,52.21
2026-07-08,SKU-036,RET-097,27,52.21
2026-07-09,SKU-036,RET-082,20,52.21
2026-07-10,SKU-036,RET-074,28,52.21
2026-07-11,SKU-036,RET-061,26,52.21
2026-07-12,SKU-036,RET-029,21,52.21
2026-07-13,SKU-036,RET-060,24,52.21
2026-07-14,SKU-036,RET-065,28,52.21
2026-07-15,SKU-036,RET-058,25,52.21
2026-07-16,SKU-036,RET-023,20,52.21
2026-07-17,SKU-036,RET-029,38,52.21
2026-07-18,SKU-036,RET-083,27,52.21
2026-07-19,SKU-036,RET-076,28,52.21
2026-07-20,SKU-036,RET-035,21,52.21
2026-07-21,SKU-036,RET-097,30,52.21
2026-07-22,SKU-036,RET-046,24,52.21
2026-07-23,SKU-036,RET-034,21,52.21
2026-07-24,SKU-036,RET-053,32,52.21
2026-07-25,SKU-036,RET-100,23,52.21
2026-07-26,SKU-036,RET-051,22,52.21
2026-07-27,SKU-036,RET-087,26,52.21
2026-07-28,SKU-036,RET-094,18,52.21
2026-07-29,SKU-036,RET-080,28,52.21
2026-07-30,SKU-036,RET-081,22,52.21
2026-07-31,SKU-036,RET-048,27,52.21
2026-08-01,SKU-036,RET-010,29,52.21
2026-08-02,SKU-036,RET-037,28,52.21
2026-08-03,SKU-036,RET-062,24,52.21
2026-08-04,SKU-036,RET-088,24,52.21
2026-08-05,SKU-036,RET-033,27,52.21
2026-08-06,SKU-036,RET-028,20,52.21
2026-08-07,SKU-036,RET-062,34,52.21
2026-08-08,SKU-036,RET-046,25,52.21
2026-08-09,SKU-036,RET-006,20,52.21
2026-08-10,SKU-036,RET-079,20,52.21
2026-08-11,SKU-036,RET-050,12,52.21
2026-08-12,SKU-036,RET-012,20,52.21
2026-08-13,SKU-036,RET-081,23,52.21
2026-08-14,SKU-036,RET-046,24,52.21
2026-08-15,SKU-036,RET-020,28,52.21
2026-08-16,SKU-036,RET-069,21,52.21
2026-08-17,SKU-036,RET-019,24,52.21
2026-08-18,SKU-036,RET-017,19,52.21
2026-08-19,SKU-036,RET-056,20,52.21
2026-08-20,SKU-036,RET-040,26,52.21
2026-08-21,SKU-036,RET-017,34,52.21
2026-08-22,SKU-036,RET-049,31,52.21
2026-08-23,SKU-036,RET-053,23,52.21
2026-08-24,SKU-036,RET-023,30,52.21
2026-08-25,SKU-036,RET-072,24,52.21
2025-08-26,SKU-037,RET-012,11,96.57
2025-08-27,SKU-037,RET-051,10,96.57
2025-08-28,SKU-037,RET-002,20,96.57
2025-08-29,SKU-037,RET-079,20,96.57
2025-08-30,SKU-037,RET-019,17,96.57
2025-08-31,SKU-037,RET-038,16,96.57
2025-09-01,SKU-037,RET-024,18,96.57
2025-09-02,SKU-037,RET-063,18,96.57
2025-09-03,SKU-037,RET-059,16,96.57
2025-09-04,SKU-037,RET-080,12,96.57
2025-09-05,SKU-037,RET-032,15,96.57
2025-09-06,SKU-037,RET-093,15,96.57
2025-09-07,SKU-037,RET-033,17,96.57
2025-09-08,SKU-037,RET-054,11,96.57
2025-09-09,SKU-037,RET-056,21,96.57
2025-09-10,SKU-037,RET-017,15,96.57
2025-09-11,SKU-037,RET-023,12,96.57
2025-09-12,SKU-037,RET-051,17,96.57
2025-09-13,SKU-037,RET-098,20,96.57
2025-09-14,SKU-037,RET-048,23,96.57
2025-09-15,SKU-037,RET-013,13,96.57
2025-09-16,SKU-037,RET-086,15,96.57
2025-09-17,SKU-037,RET-003,12,96.57
2025-09-18,SKU-037,RET-097,16,96.57
2025-09-19,SKU-037,RET-049,22,96.57
2025-09-20,SKU-037,RET-006,24,96.57
2025-09-21,SKU-037,RET-076,15,96.57
2025-09-22,SKU-037,RET-070,17,96.57
2025-09-23,SKU-037,RET-081,22,96.57
2025-09-24,SKU-037,RET-001,11,96.57
2025-09-25,SKU-037,RET-032,13,96.57
2025-09-26,SKU-037,RET-069,21,96.57
2025-09-27,SKU-037,RET-030,15,96.57
2025-09-28,SKU-037,RET-100,19,96.57
2025-09-29,SKU-037,RET-047,9,96.57
2025-09-30,SKU-037,RET-080,13,96.57
2025-10-01,SKU-037,RET-018,22,96.57
2025-10-02,SKU-037,RET-024,28,96.57
2025-10-03,SKU-037,RET-007,25,96.57
2025-10-04,SKU-037,RET-041,29,96.57
2025-10-05,SKU-037,RET-052,22,96.57
2025-10-06,SKU-037,RET-038,14,96.57
2025-10-07,SKU-037,RET-073,26,96.57
2025-10-08,SKU-037,RET-007,19,96.57
2025-10-09,SKU-037,RET-003,22,96.57
2025-10-10,SKU-037,RET-066,25,96.57
2025-10-11,SKU-037,RET-095,21,96.57
2025-10-12,SKU-037,RET-061,20,96.57
2025-10-13,SKU-037,RET-077,22,96.57
2025-10-14,SKU-037,RET-040,21,96.57
2025-10-15,SKU-037,RET-028,20,96.57
2025-10-16,SKU-037,RET-042,22,96.57
2025-10-17,SKU-037,RET-097,23,96.57
2025-10-18,SKU-037,RET-074,30,96.57
2025-10-19,SKU-037,RET-090,22,96.57
2025-10-20,SKU-037,RET-084,16,96.57
2025-10-21,SKU-037,RET-022,11,96.57
2025-10-22,SKU-037,RET-045,23,96.57
2025-10-23,SKU-037,RET-015,23,96.57
2025-10-24,SKU-037,RET-018,25,96.57
2025-10-25,SKU-037,RET-087,30,96.57
2025-10-26,SKU-037,RET-042,20,96.57
2025-10-27,SKU-037,RET-012,17,96.57
2025-10-28,SKU-037,RET-082,18,96.57
2025-10-29,SKU-037,RET-015,28,96.57
2025-10-30,SKU-037,RET-077,27,96.57
2025-10-31,SKU-037,RET-070,31,96.57
2025-11-01,SKU-037,RET-060,20,96.57
2025-11-02,SKU-037,RET-096,28,96.57
2025-11-03,SKU-037,RET-058,26,96.57
2025-11-04,SKU-037,RET-097,25,96.57
2025-11-05,SKU-037,RET-050,21,96.57
2025-11-06,SKU-037,RET-067,23,96.57
2025-11-07,SKU-037,RET-088,23,96.57
2025-11-08,SKU-037,RET-016,32,96.57
2025-11-09,SKU-037,RET-034,16,96.57
2025-11-10,SKU-037,RET-082,22,96.57
2025-11-11,SKU-037,RET-084,23,96.57
2025-11-12,SKU-037,RET-089,20,96.57
2025-11-13,SKU-037,RET-002,29,96.57
2025-11-14,SKU-037,RET-058,38,96.57
2025-11-15,SKU-037,RET-023,24,96.57
2025-11-16,SKU-037,RET-044,23,96.57
2025-11-17,SKU-037,RET-003,24,96.57
2025-11-18,SKU-037,RET-060,20,96.57
2025-11-19,SKU-037,RET-021,22,96.57
2025-11-20,SKU-037,RET-030,31,96.57
2025-11-21,SKU-037,RET-007,33,96.57
2025-11-22,SKU-037,RET-017,27,96.57
2025-11-23,SKU-037,RET-056,18,96.57
2025-11-24,SKU-037,RET-014,29,96.57
2025-11-25,SKU-037,RET-084,20,96.57
2025-11-26,SKU-037,RET-002,23,96.57
2025-11-27,SKU-037,RET-012,18,96.57
2025-11-28,SKU-037,RET-033,39,96.57
2025-11-29,SKU-037,RET-061,40,96.57
2025-11-30,SKU-037,RET-045,17,96.57
2025-12-01,SKU-037,RET-002,19,96.57
2025-12-02,SKU-037,RET-044,15,96.57
2025-12-03,SKU-037,RET-091,15,96.57
2025-12-04,SKU-037,RET-061,13,96.57
2025-12-05,SKU-037,RET-006,23,96.57
2025-12-06,SKU-037,RET-009,26,96.57
2025-12-07,SKU-037,RET-013,14,96.57
2025-12-08,SKU-037,RET-075,18,96.57
2025-12-09,SKU-037,RET-057,22,96.57
2025-12-10,SKU-037,RET-009,14,96.57
2025-12-11,SKU-037,RET-061,17,96.57
2025-12-12,SKU-037,RET-058,21,96.57
2025-12-13,SKU-037,RET-010,19,96.57
2025-12-14,SKU-037,RET-091,22,96.57
2025-12-15,SKU-037,RET-088,24,96.57
2025-12-16,SKU-037,RET-075,19,96.57
2025-12-17,SKU-037,RET-010,30,96.57
2025-12-18,SKU-037,RET-061,17,96.57
2025-12-19,SKU-037,RET-071,20,96.57
2025-12-20,SKU-037,RET-089,16,96.57
2025-12-21,SKU-037,RET-041,20,96.57
2025-12-22,SKU-037,RET-013,19,96.57
2025-12-23,SKU-037,RET-073,23,96.57
2025-12-24,SKU-037,RET-022,26,96.57
2025-12-25,SKU-037,RET-076,14,96.57
2025-12-26,SKU-037,RET-043,22,96.57
2025-12-27,SKU-037,RET-049,27,96.57
2025-12-28,SKU-037,RET-034,21,96.57
2025-12-29,SKU-037,RET-096,26,96.57
2025-12-30,SKU-037,RET-051,26,96.57
2025-12-31,SKU-037,RET-072,24,96.57
2026-01-01,SKU-037,RET-071,13,96.57
2026-01-02,SKU-037,RET-056,25,96.57
2026-01-03,SKU-037,RET-033,29,96.57
2026-01-04,SKU-037,RET-028,16,96.57
2026-01-05,SKU-037,RET-032,24,96.57
2026-01-06,SKU-037,RET-053,20,96.57
2026-01-07,SKU-037,RET-081,26,96.57
2026-01-08,SKU-037,RET-031,17,96.57
2026-01-09,SKU-037,RET-086,20,96.57
2026-01-10,SKU-037,RET-090,21,96.57
2026-01-11,SKU-037,RET-034,25,96.57
2026-01-12,SKU-037,RET-022,20,96.57
2026-01-13,SKU-037,RET-041,25,96.57
2026-01-14,SKU-037,RET-067,22,96.57
2026-01-15,SKU-037,RET-003,22,96.57
2026-01-16,SKU-037,RET-067,28,96.57
2026-01-17,SKU-037,RET-022,20,96.57
2026-01-18,SKU-037,RET-051,30,96.57
2026-01-19,SKU-037,RET-049,30,96.57
2026-01-20,SKU-037,RET-065,25,96.57
2026-01-21,SKU-037,RET-050,18,96.57
2026-01-22,SKU-037,RET-035,18,96.57
2026-01-23,SKU-037,RET-088,27,96.57
2026-01-24,SKU-037,RET-002,22,96.57
2026-01-25,SKU-037,RET-035,23,96.57
2026-01-26,SKU-037,RET-043,16,96.57
2026-01-27,SKU-037,RET-042,21,96.57
2026-01-28,SKU-037,RET-030,14,96.57
2026-01-29,SKU-037,RET-018,17,96.57
2026-01-30,SKU-037,RET-019,29,96.57
2026-01-31,SKU-037,RET-093,32,96.57
2026-02-01,SKU-037,RET-068,24,96.57
2026-02-02,SKU-037,RET-065,21,96.57
2026-02-03,SKU-037,RET-057,21,96.57
2026-02-04,SKU-037,RET-049,26,96.57
2026-02-05,SKU-037,RET-001,23,96.57
2026-02-06,SKU-037,RET-067,25,96.57
2026-02-07,SKU-037,RET-001,16,96.57
2026-02-08,SKU-037,RET-006,22,96.57
2026-02-09,SKU-037,RET-096,15,96.57
2026-02-10,SKU-037,RET-018,24,96.57
2026-02-11,SKU-037,RET-052,20,96.57
2026-02-12,SKU-037,RET-093,29,96.57
2026-02-13,SKU-037,RET-044,20,96.57
2026-02-14,SKU-037,RET-090,28,96.57
2026-02-15,SKU-037,RET-054,24,96.57
2026-02-16,SKU-037,RET-086,24,96.57
2026-02-17,SKU-037,RET-013,22,96.57
2026-02-18,SKU-037,RET-046,17,96.57
2026-02-19,SKU-037,RET-080,32,96.57
2026-02-20,SKU-037,RET-008,35,96.57
2026-02-21,SKU-037,RET-077,24,96.57
2026-02-22,SKU-037,RET-072,25,96.57
2026-02-23,SKU-037,RET-071,19,96.57
2026-02-24,SKU-037,RET-041,14,96.57
2026-02-25,SKU-037,RET-059,28,96.57
2026-02-26,SKU-037,RET-052,31,96.57
2026-02-27,SKU-037,RET-001,24,96.57
2026-02-28,SKU-037,RET-061,40,96.57
2026-03-01,SKU-037,RET-028,24,96.57
2026-03-02,SKU-037,RET-086,20,96.57
2026-03-03,SKU-037,RET-089,21,96.57
2026-03-04,SKU-037,RET-093,32,96.57
2026-03-05,SKU-037,RET-046,15,96.57
2026-03-06,SKU-037,RET-065,25,96.57
2026-03-07,SKU-037,RET-081,34,96.57
2026-03-08,SKU-037,RET-097,22,96.57
2026-03-09,SKU-037,RET-029,33,96.57
2026-03-10,SKU-037,RET-012,22,96.57
2026-03-11,SKU-037,RET-078,18,96.57
2026-03-12,SKU-037,RET-096,20,96.57
2026-03-13,SKU-037,RET-041,22,96.57
2026-03-14,SKU-037,RET-003,30,96.57
2026-03-15,SKU-037,RET-054,24,96.57
2026-03-16,SKU-037,RET-010,16,96.57
2026-03-17,SKU-037,RET-001,27,96.57
2026-03-18,SKU-037,RET-032,23,96.57
2026-03-19,SKU-037,RET-084,29,96.57
2026-03-20,SKU-037,RET-068,33,96.57
2026-03-21,SKU-037,RET-008,22,96.57
2026-03-22,SKU-037,RET-010,19,96.57
2026-03-23,SKU-037,RET-065,20,96.57
2026-03-24,SKU-037,RET-010,16,96.57
2026-03-25,SKU-037,RET-092,36,96.57
2026-03-26,SKU-037,RET-013,18,96.57
2026-03-27,SKU-037,RET-085,35,96.57
2026-03-28,SKU-037,RET-023,32,96.57
2026-03-29,SKU-037,RET-017,25,96.57
2026-03-30,SKU-037,RET-089,25,96.57
2026-03-31,SKU-037,RET-084,24,96.57
2026-04-01,SKU-037,RET-091,17,96.57
2026-04-02,SKU-037,RET-032,28,96.57
2026-04-03,SKU-037,RET-032,34,96.57
2026-04-04,SKU-037,RET-098,27,96.57
2026-04-05,SKU-037,RET-056,31,96.57
2026-04-06,SKU-037,RET-089,25,96.57
2026-04-07,SKU-037,RET-031,23,96.57
2026-04-08,SKU-037,RET-012,22,96.57
2026-04-09,SKU-037,RET-017,25,96.57
2026-04-10,SKU-037,RET-100,35,96.57
2026-04-11,SKU-037,RET-090,20,96.57
2026-04-12,SKU-037,RET-048,25,96.57
2026-04-13,SKU-037,RET-093,23,96.57
2026-04-14,SKU-037,RET-099,24,96.57
2026-04-15,SKU-037,RET-075,21,96.57
2026-04-16,SKU-037,RET-053,21,96.57
2026-04-17,SKU-037,RET-055,35,96.57
2026-04-18,SKU-037,RET-086,26,96.57
2026-04-19,SKU-037,RET-100,17,96.57
2026-04-20,SKU-037,RET-031,22,96.57
2026-04-21,SKU-037,RET-077,19,96.57
2026-04-22,SKU-037,RET-014,22,96.57
2026-04-23,SKU-037,RET-025,29,96.57
2026-04-24,SKU-037,RET-012,24,96.57
2026-04-25,SKU-037,RET-059,17,96.57
2026-04-26,SKU-037,RET-022,22,96.57
2026-04-27,SKU-037,RET-078,31,96.57
2026-04-28,SKU-037,RET-003,29,96.57
2026-04-29,SKU-037,RET-016,15,96.57
2026-04-30,SKU-037,RET-094,25,96.57
2026-05-01,SKU-037,RET-078,32,96.57
2026-05-02,SKU-037,RET-064,30,96.57
2026-05-03,SKU-037,RET-043,27,96.57
2026-05-04,SKU-037,RET-018,17,96.57
2026-05-05,SKU-037,RET-069,25,96.57
2026-05-06,SKU-037,RET-044,22,96.57
2026-05-07,SKU-037,RET-010,24,96.57
2026-05-08,SKU-037,RET-012,24,96.57
2026-05-09,SKU-037,RET-068,22,96.57
2026-05-10,SKU-037,RET-082,31,96.57
2026-05-11,SKU-037,RET-091,18,96.57
2026-05-12,SKU-037,RET-045,16,96.57
2026-05-13,SKU-037,RET-100,20,96.57
2026-05-14,SKU-037,RET-085,25,96.57
2026-05-15,SKU-037,RET-095,31,96.57
2026-05-16,SKU-037,RET-084,24,96.57
2026-05-17,SKU-037,RET-065,19,96.57
2026-05-18,SKU-037,RET-080,28,96.57
2026-05-19,SKU-037,RET-095,20,96.57
2026-05-20,SKU-037,RET-003,21,96.57
2026-05-21,SKU-037,RET-035,19,96.57
2026-05-22,SKU-037,RET-073,29,96.57
2026-05-23,SKU-037,RET-045,27,96.57
2026-05-24,SKU-037,RET-007,17,96.57
2026-05-25,SKU-037,RET-001,22,96.57
2026-05-26,SKU-037,RET-059,24,96.57
2026-05-27,SKU-037,RET-059,29,96.57
2026-05-28,SKU-037,RET-044,22,96.57
2026-05-29,SKU-037,RET-096,21,96.57
2026-05-30,SKU-037,RET-004,29,96.57
2026-05-31,SKU-037,RET-032,22,96.57
2026-06-01,SKU-037,RET-079,20,96.57
2026-06-02,SKU-037,RET-015,26,96.57
2026-06-03,SKU-037,RET-005,24,96.57
2026-06-04,SKU-037,RET-017,25,96.57
2026-06-05,SKU-037,RET-029,34,96.57
2026-06-06,SKU-037,RET-058,28,96.57
2026-06-07,SKU-037,RET-084,18,96.57
2026-06-08,SKU-037,RET-075,21,96.57
2026-06-09,SKU-037,RET-057,20,96.57
2026-06-10,SKU-037,RET-043,24,96.57
2026-06-11,SKU-037,RET-048,19,96.57
2026-06-12,SKU-037,RET-056,23,96.57
2026-06-13,SKU-037,RET-076,34,96.57
2026-06-14,SKU-037,RET-074,17,96.57
2026-06-15,SKU-037,RET-077,20,96.57
2026-06-16,SKU-037,RET-053,17,96.57
2026-06-17,SKU-037,RET-025,19,96.57
2026-06-18,SKU-037,RET-071,25,96.57
2026-06-19,SKU-037,RET-020,26,96.57
2026-06-20,SKU-037,RET-094,25,96.57
2026-06-21,SKU-037,RET-019,18,96.57
2026-06-22,SKU-037,RET-012,23,96.57
2026-06-23,SKU-037,RET-057,14,96.57
2026-06-24,SKU-037,RET-030,20,96.57
2026-06-25,SKU-037,RET-051,14,96.57
2026-06-26,SKU-037,RET-031,27,96.57
2026-06-27,SKU-037,RET-004,21,96.57
2026-06-28,SKU-037,RET-063,23,96.57
2026-06-29,SKU-037,RET-013,20,96.57
2026-06-30,SKU-037,RET-030,19,96.57
2026-07-01,SKU-037,RET-028,23,96.57
2026-07-02,SKU-037,RET-092,21,96.57
2026-07-03,SKU-037,RET-047,15,96.57
2026-07-04,SKU-037,RET-038,23,96.57
2026-07-05,SKU-037,RET-023,26,96.57
2026-07-06,SKU-037,RET-039,21,96.57
2026-07-07,SKU-037,RET-021,19,96.57
2026-07-08,SKU-037,RET-059,18,96.57
2026-07-09,SKU-037,RET-056,15,96.57
2026-07-10,SKU-037,RET-006,25,96.57
2026-07-11,SKU-037,RET-057,30,96.57
2026-07-12,SKU-037,RET-012,20,96.57
2026-07-13,SKU-037,RET-052,22,96.57
2026-07-14,SKU-037,RET-074,16,96.57
2026-07-15,SKU-037,RET-023,21,96.57
2026-07-16,SKU-037,RET-029,14,96.57
2026-07-17,SKU-037,RET-089,24,96.57
2026-07-18,SKU-037,RET-057,18,96.57
2026-07-19,SKU-037,RET-056,22,96.57
2026-07-20,SKU-037,RET-089,17,96.57
2026-07-21,SKU-037,RET-069,19,96.57
2026-07-22,SKU-037,RET-017,16,96.57
2026-07-23,SKU-037,RET-047,27,96.57
2026-07-24,SKU-037,RET-017,24,96.57
2026-07-25,SKU-037,RET-032,15,96.57
2026-07-26,SKU-037,RET-086,12,96.57
2026-07-27,SKU-037,RET-096,13,96.57
2026-07-28,SKU-037,RET-077,15,96.57
2026-07-29,SKU-037,RET-087,14,96.57
2026-07-30,SKU-037,RET-025,22,96.57
2026-07-31,SKU-037,RET-011,22,96.57
2026-08-01,SKU-037,RET-077,26,96.57
2026-08-02,SKU-037,RET-059,17,96.57
2026-08-03,SKU-037,RET-024,12,96.57
2026-08-04,SKU-037,RET-089,18,96.57
2026-08-05,SKU-037,RET-061,16,96.57
2026-08-06,SKU-037,RET-067,18,96.57
2026-08-07,SKU-037,RET-069,22,96.57
2026-08-08,SKU-037,RET-050,21,96.57
2026-08-09,SKU-037,RET-078,30,96.57
2026-08-10,SKU-037,RET-073,15,96.57
2026-08-11,SKU-037,RET-071,15,96.57
2026-08-12,SKU-037,RET-029,25,96.57
2026-08-13,SKU-037,RET-068,22,96.57
2026-08-14,SKU-037,RET-023,25,96.57
2026-08-15,SKU-037,RET-061,23,96.57
2026-08-16,SKU-037,RET-039,15,96.57
2026-08-17,SKU-037,RET-038,16,96.57
2026-08-18,SKU-037,RET-053,19,96.57
2026-08-19,SKU-037,RET-070,12,96.57
2026-08-20,SKU-037,RET-084,27,96.57
2026-08-21,SKU-037,RET-058,23,96.57
2026-08-22,SKU-037,RET-073,18,96.57
2026-08-23,SKU-037,RET-002,19,96.57
2026-08-24,SKU-037,RET-095,21,96.57
2026-08-25,SKU-037,RET-019,18,96.57
2025-08-26,SKU-038,RET-049,21,151.91
2025-08-27,SKU-038,RET-096,32,151.91
2025-08-28,SKU-038,RET-030,22,151.91
2025-08-29,SKU-038,RET-094,33,151.91
2025-08-30,SKU-038,RET-033,19,151.91
2025-08-31,SKU-038,RET-090,17,151.91
2025-09-01,SKU-038,RET-024,18,151.91
2025-09-02,SKU-038,RET-084,19,151.91
2025-09-03,SKU-038,RET-028,31,151.91
2025-09-04,SKU-038,RET-041,25,151.91
2025-09-05,SKU-038,RET-046,30,151.91
2025-09-06,SKU-038,RET-041,29,151.91
2025-09-07,SKU-038,RET-022,22,151.91
2025-09-08,SKU-038,RET-082,28,151.91
2025-09-09,SKU-038,RET-062,24,151.91
2025-09-10,SKU-038,RET-061,30,151.91
2025-09-11,SKU-038,RET-090,21,151.91
2025-09-12,SKU-038,RET-011,21,151.91
2025-09-13,SKU-038,RET-002,27,151.91
2025-09-14,SKU-038,RET-040,25,151.91
2025-09-15,SKU-038,RET-016,24,151.91
2025-09-16,SKU-038,RET-037,23,151.91
2025-09-17,SKU-038,RET-046,22,151.91
2025-09-18,SKU-038,RET-028,27,151.91
2025-09-19,SKU-038,RET-026,33,151.91
2025-09-20,SKU-038,RET-096,24,151.91
2025-09-21,SKU-038,RET-021,20,151.91
2025-09-22,SKU-038,RET-003,17,151.91
2025-09-23,SKU-038,RET-098,24,151.91
2025-09-24,SKU-038,RET-064,16,151.91
2025-09-25,SKU-038,RET-041,28,151.91
2025-09-26,SKU-038,RET-080,24,151.91
2025-09-27,SKU-038,RET-002,34,151.91
2025-09-28,SKU-038,RET-051,21,151.91
2025-09-29,SKU-038,RET-021,28,151.91
2025-09-30,SKU-038,RET-042,24,151.91
2025-10-01,SKU-038,RET-069,32,151.91
2025-10-02,SKU-038,RET-006,33,151.91
2025-10-03,SKU-038,RET-054,33,151.91
2025-10-04,SKU-038,RET-022,35,151.91
2025-10-05,SKU-038,RET-077,26,151.91
2025-10-06,SKU-038,RET-093,28,151.91
2025-10-07,SKU-038,RET-041,30,151.91
2025-10-08,SKU-038,RET-100,42,151.91
2025-10-09,SKU-038,RET-026,31,151.91
2025-10-10,SKU-038,RET-020,35,151.91
2025-10-11,SKU-038,RET-053,41,151.91
2025-10-12,SKU-038,RET-064,22,151.91
2025-10-13,SKU-038,RET-024,36,151.91
2025-10-14,SKU-038,RET-015,37,151.91
2025-10-15,SKU-038,RET-093,20,151.91
2025-10-16,SKU-038,RET-019,29,151.91
2025-10-17,SKU-038,RET-061,31,151.91
2025-10-18,SKU-038,RET-059,35,151.91
2025-10-19,SKU-038,RET-063,29,151.91
2025-10-20,SKU-038,RET-082,28,151.91
2025-10-21,SKU-038,RET-067,31,151.91
2025-10-22,SKU-038,RET-006,28,151.91
2025-10-23,SKU-038,RET-026,32,151.91
2025-10-24,SKU-038,RET-054,62,151.91
2025-10-25,SKU-038,RET-018,37,151.91
2025-10-26,SKU-038,RET-059,28,151.91
2025-10-27,SKU-038,RET-048,27,151.91
2025-10-28,SKU-038,RET-089,27,151.91
2025-10-29,SKU-038,RET-041,35,151.91
2025-10-30,SKU-038,RET-011,41,151.91
2025-10-31,SKU-038,RET-011,47,151.91
2025-11-01,SKU-038,RET-078,39,151.91
2025-11-02,SKU-038,RET-050,25,151.91
2025-11-03,SKU-038,RET-016,33,151.91
2025-11-04,SKU-038,RET-005,23,151.91
2025-11-05,SKU-038,RET-034,31,151.91
2025-11-06,SKU-038,RET-091,25,151.91
2025-11-07,SKU-038,RET-023,36,151.91
2025-11-08,SKU-038,RET-039,51,151.91
2025-11-09,SKU-038,RET-029,37,151.91
2025-11-10,SKU-038,RET-070,31,151.91
2025-11-11,SKU-038,RET-001,45,151.91
2025-11-12,SKU-038,RET-012,39,151.91
2025-11-13,SKU-038,RET-056,30,151.91
2025-11-14,SKU-038,RET-042,44,151.91
2025-11-15,SKU-038,RET-048,41,151.91
2025-11-16,SKU-038,RET-073,33,151.91
2025-11-17,SKU-038,RET-063,25,151.91
2025-11-18,SKU-038,RET-045,26,151.91
2025-11-19,SKU-038,RET-059,31,151.91
2025-11-20,SKU-038,RET-010,39,151.91
2025-11-21,SKU-038,RET-068,37,151.91
2025-11-22,SKU-038,RET-090,48,151.91
2025-11-23,SKU-038,RET-016,31,151.91
2025-11-24,SKU-038,RET-067,25,151.91
2025-11-25,SKU-038,RET-072,37,151.91
2025-11-26,SKU-038,RET-059,36,151.91
2025-11-27,SKU-038,RET-022,33,151.91
2025-11-28,SKU-038,RET-085,39,151.91
2025-11-29,SKU-038,RET-016,38,151.91
2025-11-30,SKU-038,RET-027,20,151.91
2025-12-01,SKU-038,RET-072,26,151.91
2025-12-02,SKU-038,RET-061,25,151.91
2025-12-03,SKU-038,RET-013,27,151.91
2025-12-04,SKU-038,RET-028,31,151.91
2025-12-05,SKU-038,RET-044,33,151.91
2025-12-06,SKU-038,RET-042,26,151.91
2025-12-07,SKU-038,RET-094,28,151.91
2025-12-08,SKU-038,RET-011,21,151.91
2025-12-09,SKU-038,RET-018,25,151.91
2025-12-10,SKU-038,RET-029,21,151.91
2025-12-11,SKU-038,RET-073,26,151.91
2025-12-12,SKU-038,RET-087,28,151.91
2025-12-13,SKU-038,RET-021,34,151.91
2025-12-14,SKU-038,RET-019,32,151.91
2025-12-15,SKU-038,RET-037,29,151.91
2025-12-16,SKU-038,RET-019,26,151.91
2025-12-17,SKU-038,RET-006,34,151.91
2025-12-18,SKU-038,RET-004,25,151.91
2025-12-19,SKU-038,RET-011,27,151.91
2025-12-20,SKU-038,RET-097,38,151.91
2025-12-21,SKU-038,RET-056,26,151.91
2025-12-22,SKU-038,RET-045,29,151.91
2025-12-23,SKU-038,RET-059,28,151.91
2025-12-24,SKU-038,RET-012,33,151.91
2025-12-25,SKU-038,RET-044,17,151.91
2025-12-26,SKU-038,RET-060,24,151.91
2025-12-27,SKU-038,RET-043,32,151.91
2025-12-28,SKU-038,RET-022,21,151.91
2025-12-29,SKU-038,RET-076,32,151.91
2025-12-30,SKU-038,RET-042,25,151.91
2025-12-31,SKU-038,RET-100,35,151.91
2026-01-01,SKU-038,RET-064,23,151.91
2026-01-02,SKU-038,RET-071,49,151.91
2026-01-03,SKU-038,RET-045,29,151.91
2026-01-04,SKU-038,RET-046,28,151.91
2026-01-05,SKU-038,RET-078,28,151.91
2026-01-06,SKU-038,RET-027,27,151.91
2026-01-07,SKU-038,RET-052,38,151.91
2026-01-08,SKU-038,RET-081,26,151.91
2026-01-09,SKU-038,RET-087,31,151.91
2026-01-10,SKU-038,RET-045,40,151.91
2026-01-11,SKU-038,RET-044,27,151.91
2026-01-12,SKU-038,RET-066,20,151.91
2026-01-13,SKU-038,RET-024,33,151.91
2026-01-14,SKU-038,RET-017,25,151.91
2026-01-15,SKU-038,RET-014,42,151.91
2026-01-16,SKU-038,RET-080,38,151.91
2026-01-17,SKU-038,RET-088,52,151.91
2026-01-18,SKU-038,RET-081,26,151.91
2026-01-19,SKU-038,RET-071,36,151.91
2026-01-20,SKU-038,RET-046,28,151.91
2026-01-21,SKU-038,RET-086,26,151.91
2026-01-22,SKU-038,RET-013,38,151.91
2026-01-23,SKU-038,RET-089,25,151.91
2026-01-24,SKU-038,RET-076,45,151.91
2026-01-25,SKU-038,RET-010,32,151.91
2026-01-26,SKU-038,RET-085,38,151.91
2026-01-27,SKU-038,RET-019,27,151.91
2026-01-28,SKU-038,RET-040,29,151.91
2026-01-29,SKU-038,RET-095,35,151.91
2026-01-30,SKU-038,RET-032,43,151.91
2026-01-31,SKU-038,RET-050,32,151.91
2026-02-01,SKU-038,RET-076,25,151.91
2026-02-02,SKU-038,RET-089,30,151.91
2026-02-03,SKU-038,RET-072,36,151.91
2026-02-04,SKU-038,RET-096,37,151.91
2026-02-05,SKU-038,RET-098,32,151.91
2026-02-06,SKU-038,RET-043,48,151.91
2026-02-07,SKU-038,RET-002,33,151.91
2026-02-08,SKU-038,RET-073,26,151.91
2026-02-09,SKU-038,RET-060,26,151.91
2026-02-10,SKU-038,RET-067,21,151.91
2026-02-11,SKU-038,RET-100,32,151.91
2026-02-12,SKU-038,RET-019,24,151.91
2026-02-13,SKU-038,RET-019,40,151.91
2026-02-14,SKU-038,RET-073,43,151.91
2026-02-15,SKU-038,RET-054,31,151.91
2026-02-16,SKU-038,RET-061,21,151.91
2026-02-17,SKU-038,RET-052,26,151.91
2026-02-18,SKU-038,RET-035,31,151.91
2026-02-19,SKU-038,RET-057,30,151.91
2026-02-20,SKU-038,RET-040,37,151.91
2026-02-21,SKU-038,RET-043,39,151.91
2026-02-22,SKU-038,RET-039,36,151.91
2026-02-23,SKU-038,RET-050,25,151.91
2026-02-24,SKU-038,RET-004,30,151.91
2026-02-25,SKU-038,RET-034,33,151.91
2026-02-26,SKU-038,RET-010,30,151.91
2026-02-27,SKU-038,RET-063,34,151.91
2026-02-28,SKU-038,RET-004,47,151.91
2026-03-01,SKU-038,RET-036,22,151.91
2026-03-02,SKU-038,RET-056,34,151.91
2026-03-03,SKU-038,RET-072,28,151.91
2026-03-04,SKU-038,RET-043,31,151.91
2026-03-05,SKU-038,RET-012,41,151.91
2026-03-06,SKU-038,RET-096,32,151.91
2026-03-07,SKU-038,RET-028,38,151.91
2026-03-08,SKU-038,RET-012,32,151.91
2026-03-09,SKU-038,RET-017,31,151.91
2026-03-10,SKU-038,RET-021,38,151.91
2026-03-11,SKU-038,RET-098,32,151.91
2026-03-12,SKU-038,RET-068,41,151.91
2026-03-13,SKU-038,RET-050,42,151.91
2026-03-14,SKU-038,RET-042,40,151.91
2026-03-15,SKU-038,RET-018,35,151.91
2026-03-16,SKU-038,RET-070,30,151.91
2026-03-17,SKU-038,RET-007,29,151.91
2026-03-18,SKU-038,RET-055,29,151.91
2026-03-19,SKU-038,RET-088,37,151.91
2026-03-20,SKU-038,RET-082,46,151.91
2026-03-21,SKU-038,RET-073,44,151.91
2026-03-22,SKU-038,RET-087,30,151.91
2026-03-23,SKU-038,RET-089,33,151.91
2026-03-24,SKU-038,RET-042,37,151.91
2026-03-25,SKU-038,RET-096,34,151.91
2026-03-26,SKU-038,RET-015,35,151.91
2026-03-27,SKU-038,RET-053,41,151.91
2026-03-28,SKU-038,RET-014,34,151.91
2026-03-29,SKU-038,RET-038,38,151.91
2026-03-30,SKU-038,RET-034,36,151.91
2026-03-31,SKU-038,RET-005,29,151.91
2026-04-01,SKU-038,RET-042,30,151.91
2026-04-02,SKU-038,RET-100,29,151.91
2026-04-03,SKU-038,RET-039,46,151.91
2026-04-04,SKU-038,RET-006,47,151.91
2026-04-05,SKU-038,RET-013,30,151.91
2026-04-06,SKU-038,RET-004,41,151.91
2026-04-07,SKU-038,RET-053,35,151.91
2026-04-08,SKU-038,RET-076,32,151.91
2026-04-09,SKU-038,RET-074,35,151.91
2026-04-10,SKU-038,RET-001,40,151.91
2026-04-11,SKU-038,RET-040,45,151.91
2026-04-12,SKU-038,RET-059,29,151.91
2026-04-13,SKU-038,RET-095,29,151.91
2026-04-14,SKU-038,RET-043,42,151.91
2026-04-15,SKU-038,RET-048,37,151.91
2026-04-16,SKU-038,RET-013,34,151.91
2026-04-17,SKU-038,RET-071,36,151.91
2026-04-18,SKU-038,RET-037,38,151.91
2026-04-19,SKU-038,RET-027,31,151.91
2026-04-20,SKU-038,RET-049,27,151.91
2026-04-21,SKU-038,RET-100,35,151.91
2026-04-22,SKU-038,RET-019,30,151.91
2026-04-23,SKU-038,RET-037,31,151.91
2026-04-24,SKU-038,RET-075,33,151.91
2026-04-25,SKU-038,RET-017,38,151.91
2026-04-26,SKU-038,RET-030,26,151.91
2026-04-27,SKU-038,RET-019,34,151.91
2026-04-28,SKU-038,RET-053,28,151.91
2026-04-29,SKU-038,RET-073,35,151.91
2026-04-30,SKU-038,RET-099,34,151.91
2026-05-01,SKU-038,RET-068,41,151.91
2026-05-02,SKU-038,RET-066,46,151.91
2026-05-03,SKU-038,RET-008,26,151.91
2026-05-04,SKU-038,RET-097,30,151.91
2026-05-05,SKU-038,RET-023,28,151.91
2026-05-06,SKU-038,RET-091,35,151.91
2026-05-07,SKU-038,RET-007,36,151.91
2026-05-08,SKU-038,RET-068,42,151.91
2026-05-09,SKU-038,RET-093,33,151.91
2026-05-10,SKU-038,RET-009,23,151.91
2026-05-11,SKU-038,RET-032,36,151.91
2026-05-12,SKU-038,RET-044,37,151.91
2026-05-13,SKU-038,RET-062,35,151.91
2026-05-14,SKU-038,RET-071,27,151.91
2026-05-15,SKU-038,RET-030,33,151.91
2026-05-16,SKU-038,RET-055,36,151.91
2026-05-17,SKU-038,RET-057,22,151.91
2026-05-18,SKU-038,RET-050,29,151.91
2026-05-19,SKU-038,RET-027,28,151.91
2026-05-20,SKU-038,RET-044,28,151.91
2026-05-21,SKU-038,RET-055,35,151.91
2026-05-22,SKU-038,RET-070,28,151.91
2026-05-23,SKU-038,RET-081,40,151.91
2026-05-24,SKU-038,RET-072,32,151.91
2026-05-25,SKU-038,RET-023,30,151.91
2026-05-26,SKU-038,RET-007,38,151.91
2026-05-27,SKU-038,RET-026,24,151.91
2026-05-28,SKU-038,RET-038,30,151.91
2026-05-29,SKU-038,RET-039,28,151.91
2026-05-30,SKU-038,RET-069,31,151.91
2026-05-31,SKU-038,RET-062,22,151.91
2026-06-01,SKU-038,RET-071,37,151.91
2026-06-02,SKU-038,RET-081,25,151.91
2026-06-03,SKU-038,RET-064,26,151.91
2026-06-04,SKU-038,RET-087,27,151.91
2026-06-05,SKU-038,RET-066,32,151.91
2026-06-06,SKU-038,RET-024,33,151.91
2026-06-07,SKU-038,RET-037,21,151.91
2026-06-08,SKU-038,RET-080,37,151.91
2026-06-09,SKU-038,RET-085,33,151.91
2026-06-10,SKU-038,RET-080,25,151.91
2026-06-11,SKU-038,RET-021,27,151.91
2026-06-12,SKU-038,RET-059,37,151.91
2026-06-13,SKU-038,RET-068,30,151.91
2026-06-14,SKU-038,RET-057,23,151.91
2026-06-15,SKU-038,RET-006,36,151.91
2026-06-16,SKU-038,RET-091,28,151.91
2026-06-17,SKU-038,RET-068,24,151.91
2026-06-18,SKU-038,RET-034,30,151.91
2026-06-19,SKU-038,RET-038,40,151.91
2026-06-20,SKU-038,RET-059,33,151.91
2026-06-21,SKU-038,RET-003,29,151.91
2026-06-22,SKU-038,RET-020,34,151.91
2026-06-23,SKU-038,RET-085,24,151.91
2026-06-24,SKU-038,RET-011,29,151.91
2026-06-25,SKU-038,RET-060,33,151.91
2026-06-26,SKU-038,RET-035,29,151.91
2026-06-27,SKU-038,RET-075,35,151.91
2026-06-28,SKU-038,RET-022,35,151.91
2026-06-29,SKU-038,RET-066,19,151.91
2026-06-30,SKU-038,RET-059,30,151.91
2026-07-01,SKU-038,RET-048,25,151.91
2026-07-02,SKU-038,RET-086,26,151.91
2026-07-03,SKU-038,RET-054,36,151.91
2026-07-04,SKU-038,RET-064,38,151.91
2026-07-05,SKU-038,RET-053,18,151.91
2026-07-06,SKU-038,RET-092,26,151.91
2026-07-07,SKU-038,RET-042,41,151.91
2026-07-08,SKU-038,RET-026,19,151.91
2026-07-09,SKU-038,RET-010,30,151.91
2026-07-10,SKU-038,RET-057,24,151.91
2026-07-11,SKU-038,RET-034,20,151.91
2026-07-12,SKU-038,RET-016,37,151.91
2026-07-13,SKU-038,RET-069,26,151.91
2026-07-14,SKU-038,RET-048,33,151.91
2026-07-15,SKU-038,RET-051,24,151.91
2026-07-16,SKU-038,RET-020,24,151.91
2026-07-17,SKU-038,RET-028,29,151.91
2026-07-18,SKU-038,RET-033,34,151.91
2026-07-19,SKU-038,RET-040,26,151.91
2026-07-20,SKU-038,RET-023,18,151.91
2026-07-21,SKU-038,RET-030,29,151.91
2026-07-22,SKU-038,RET-027,20,151.91
2026-07-23,SKU-038,RET-043,29,151.91
2026-07-24,SKU-038,RET-081,27,151.91
2026-07-25,SKU-038,RET-009,35,151.91
2026-07-26,SKU-038,RET-085,27,151.91
2026-07-27,SKU-038,RET-019,30,151.91
2026-07-28,SKU-038,RET-020,29,151.91
2026-07-29,SKU-038,RET-062,31,151.91
2026-07-30,SKU-038,RET-089,27,151.91
2026-07-31,SKU-038,RET-052,29,151.91
2026-08-01,SKU-038,RET-035,33,151.91
2026-08-02,SKU-038,RET-026,23,151.91
2026-08-03,SKU-038,RET-007,18,151.91
2026-08-04,SKU-038,RET-034,41,151.91
2026-08-05,SKU-038,RET-059,29,151.91
2026-08-06,SKU-038,RET-086,21,151.91
2026-08-07,SKU-038,RET-081,31,151.91
2026-08-08,SKU-038,RET-029,37,151.91
2026-08-09,SKU-038,RET-096,30,151.91
2026-08-10,SKU-038,RET-062,17,151.91
2026-08-11,SKU-038,RET-053,36,151.91
2026-08-12,SKU-038,RET-018,26,151.91
2026-08-13,SKU-038,RET-074,26,151.91
2026-08-14,SKU-038,RET-084,30,151.91
2026-08-15,SKU-038,RET-032,27,151.91
2026-08-16,SKU-038,RET-098,29,151.91
2026-08-17,SKU-038,RET-005,26,151.91
2026-08-18,SKU-038,RET-034,21,151.91
2026-08-19,SKU-038,RET-004,18,151.91
2026-08-20,SKU-038,RET-072,34,151.91
2026-08-21,SKU-038,RET-008,22,151.91
2026-08-22,SKU-038,RET-075,27,151.91
2026-08-23,SKU-038,RET-015,19,151.91
2026-08-24,SKU-038,RET-066,24,151.91
2026-08-25,SKU-038,RET-094,25,151.91
2025-08-26,SKU-039,RET-092,15,46.73
2025-08-27,SKU-039,RET-075,13,46.73
2025-08-28,SKU-039,RET-100,16,46.73
2025-08-29,SKU-039,RET-066,21,46.73
2025-08-30,SKU-039,RET-053,15,46.73
2025-08-31,SKU-039,RET-067,10,46.73
2025-09-01,SKU-039,RET-081,6,46.73
2025-09-02,SKU-039,RET-060,15,46.73
2025-09-03,SKU-039,RET-039,8,46.73
2025-09-04,SKU-039,RET-100,14,46.73
2025-09-05,SKU-039,RET-006,15,46.73
2025-09-06,SKU-039,RET-008,16,46.73
2025-09-07,SKU-039,RET-024,17,46.73
2025-09-08,SKU-039,RET-029,10,46.73
2025-09-09,SKU-039,RET-002,10,46.73
2025-09-10,SKU-039,RET-027,11,46.73
2025-09-11,SKU-039,RET-082,13,46.73
2025-09-12,SKU-039,RET-058,16,46.73
2025-09-13,SKU-039,RET-082,18,46.73
2025-09-14,SKU-039,RET-058,14,46.73
2025-09-15,SKU-039,RET-081,10,46.73
2025-09-16,SKU-039,RET-031,15,46.73
2025-09-17,SKU-039,RET-054,13,46.73
2025-09-18,SKU-039,RET-037,16,46.73
2025-09-19,SKU-039,RET-027,16,46.73
2025-09-20,SKU-039,RET-011,17,46.73
2025-09-21,SKU-039,RET-047,16,46.73
2025-09-22,SKU-039,RET-027,11,46.73
2025-09-23,SKU-039,RET-008,19,46.73
2025-09-24,SKU-039,RET-015,12,46.73
2025-09-25,SKU-039,RET-085,9,46.73
2025-09-26,SKU-039,RET-003,13,46.73
2025-09-27,SKU-039,RET-063,13,46.73
2025-09-28,SKU-039,RET-034,14,46.73
2025-09-29,SKU-039,RET-023,12,46.73
2025-09-30,SKU-039,RET-039,18,46.73
2025-10-01,SKU-039,RET-085,12,46.73
2025-10-02,SKU-039,RET-032,17,46.73
2025-10-03,SKU-039,RET-095,22,46.73
2025-10-04,SKU-039,RET-057,24,46.73
2025-10-05,SKU-039,RET-093,12,46.73
2025-10-06,SKU-039,RET-002,17,46.73
2025-10-07,SKU-039,RET-054,16,46.73
2025-10-08,SKU-039,RET-033,12,46.73
2025-10-09,SKU-039,RET-004,21,46.73
2025-10-10,SKU-039,RET-003,26,46.73
2025-10-11,SKU-039,RET-097,20,46.73
2025-10-12,SKU-039,RET-025,22,46.73
2025-10-13,SKU-039,RET-071,15,46.73
2025-10-14,SKU-039,RET-006,17,46.73
2025-10-15,SKU-039,RET-083,9,46.73
2025-10-16,SKU-039,RET-072,22,46.73
2025-10-17,SKU-039,RET-018,22,46.73
2025-10-18,SKU-039,RET-083,27,46.73
2025-10-19,SKU-039,RET-068,23,46.73
2025-10-20,SKU-039,RET-026,9,46.73
2025-10-21,SKU-039,RET-028,18,46.73
2025-10-22,SKU-039,RET-051,15,46.73
2025-10-23,SKU-039,RET-053,21,46.73
2025-10-24,SKU-039,RET-014,17,46.73
2025-10-25,SKU-039,RET-030,24,46.73
2025-10-26,SKU-039,RET-044,19,46.73
2025-10-27,SKU-039,RET-010,14,46.73
2025-10-28,SKU-039,RET-060,17,46.73
2025-10-29,SKU-039,RET-031,11,46.73
2025-10-30,SKU-039,RET-033,20,46.73
2025-10-31,SKU-039,RET-062,18,46.73
2025-11-01,SKU-039,RET-025,22,46.73
2025-11-02,SKU-039,RET-082,20,46.73
2025-11-03,SKU-039,RET-079,26,46.73
2025-11-04,SKU-039,RET-015,18,46.73
2025-11-05,SKU-039,RET-080,15,46.73
2025-11-06,SKU-039,RET-054,18,46.73
2025-11-07,SKU-039,RET-092,21,46.73
2025-11-08,SKU-039,RET-029,17,46.73
2025-11-09,SKU-039,RET-026,24,46.73
2025-11-10,SKU-039,RET-031,9,46.73
2025-11-11,SKU-039,RET-066,20,46.73
2025-11-12,SKU-039,RET-040,25,46.73
2025-11-13,SKU-039,RET-028,18,46.73
2025-11-14,SKU-039,RET-015,28,46.73
2025-11-15,SKU-039,RET-055,18,46.73
2025-11-16,SKU-039,RET-017,16,46.73
2025-11-17,SKU-039,RET-029,18,46.73
2025-11-18,SKU-039,RET-084,20,46.73
2025-11-19,SKU-039,RET-026,20,46.73
2025-11-20,SKU-039,RET-091,16,46.73
2025-11-21,SKU-039,RET-018,21,46.73
2025-11-22,SKU-039,RET-084,22,46.73
2025-11-23,SKU-039,RET-030,10,46.73
2025-11-24,SKU-039,RET-034,17,46.73
2025-11-25,SKU-039,RET-019,13,46.73
2025-11-26,SKU-039,RET-059,15,46.73
2025-11-27,SKU-039,RET-012,18,46.73
2025-11-28,SKU-039,RET-007,21,46.73
2025-11-29,SKU-039,RET-075,27,46.73
2025-11-30,SKU-039,RET-065,15,46.73
2025-12-01,SKU-039,RET-010,16,46.73
2025-12-02,SKU-039,RET-042,24,46.73
2025-12-03,SKU-039,RET-037,16,46.73
2025-12-04,SKU-039,RET-069,15,46.73
2025-12-05,SKU-039,RET-073,21,46.73
2025-12-06,SKU-039,RET-028,14,46.73
2025-12-07,SKU-039,RET-041,12,46.73
2025-12-08,SKU-039,RET-045,15,46.73
2025-12-09,SKU-039,RET-010,13,46.73
2025-12-10,SKU-039,RET-080,11,46.73
2025-12-11,SKU-039,RET-097,13,46.73
2025-12-12,SKU-039,RET-090,20,46.73
2025-12-13,SKU-039,RET-004,21,46.73
2025-12-14,SKU-039,RET-048,16,46.73
2025-12-15,SKU-039,RET-021,17,46.73
2025-12-16,SKU-039,RET-015,14,46.73
2025-12-17,SKU-039,RET-017,14,46.73
2025-12-18,SKU-039,RET-090,20,46.73
2025-12-19,SKU-039,RET-041,21,46.73
2025-12-20,SKU-039,RET-061,15,46.73
2025-12-21,SKU-039,RET-007,17,46.73
2025-12-22,SKU-039,RET-076,12,46.73
2025-12-23,SKU-039,RET-045,22,46.73
2025-12-24,SKU-039,RET-026,15,46.73
2025-12-25,SKU-039,RET-085,18,46.73
2025-12-26,SKU-039,RET-100,16,46.73
2025-12-27,SKU-039,RET-001,19,46.73
2025-12-28,SKU-039,RET-001,12,46.73
2025-12-29,SKU-039,RET-031,14,46.73
2025-12-30,SKU-039,RET-062,9,46.73
2025-12-31,SKU-039,RET-019,25,46.73
2026-01-01,SKU-039,RET-009,13,46.73
2026-01-02,SKU-039,RET-023,25,46.73
2026-01-03,SKU-039,RET-035,17,46.73
2026-01-04,SKU-039,RET-067,15,46.73
2026-01-05,SKU-039,RET-018,16,46.73
2026-01-06,SKU-039,RET-053,12,46.73
2026-01-07,SKU-039,RET-097,15,46.73
2026-01-08,SKU-039,RET-099,14,46.73
2026-01-09,SKU-039,RET-073,25,46.73
2026-01-10,SKU-039,RET-093,14,46.73
2026-01-11,SKU-039,RET-032,18,46.73
2026-01-12,SKU-039,RET-100,20,46.73
2026-01-13,SKU-039,RET-034,12,46.73
2026-01-14,SKU-039,RET-078,17,46.73
2026-01-15,SKU-039,RET-083,18,46.73
2026-01-16,SKU-039,RET-007,24,46.73
2026-01-17,SKU-039,RET-071,21,46.73
2026-01-18,SKU-039,RET-019,15,46.73
2026-01-19,SKU-039,RET-044,15,46.73
2026-01-20,SKU-039,RET-075,13,46.73
2026-01-21,SKU-039,RET-078,14,46.73
2026-01-22,SKU-039,RET-044,13,46.73
2026-01-23,SKU-039,RET-059,22,46.73
2026-01-24,SKU-039,RET-034,23,46.73
2026-01-25,SKU-039,RET-021,8,46.73
2026-01-26,SKU-039,RET-013,16,46.73
2026-01-27,SKU-039,RET-049,13,46.73
2026-01-28,SKU-039,RET-029,20,46.73
2026-01-29,SKU-039,RET-022,17,46.73
2026-01-30,SKU-039,RET-095,9,46.73
2026-01-31,SKU-039,RET-078,21,46.73
2026-02-01,SKU-039,RET-069,22,46.73
2026-02-02,SKU-039,RET-080,21,46.73
2026-02-03,SKU-039,RET-099,12,46.73
2026-02-04,SKU-039,RET-096,19,46.73
2026-02-05,SKU-039,RET-055,23,46.73
2026-02-06,SKU-039,RET-038,18,46.73
2026-02-07,SKU-039,RET-018,25,46.73
2026-02-08,SKU-039,RET-039,15,46.73
2026-02-09,SKU-039,RET-055,21,46.73
2026-02-10,SKU-039,RET-048,14,46.73
2026-02-11,SKU-039,RET-068,16,46.73
2026-02-12,SKU-039,RET-086,18,46.73
2026-02-13,SKU-039,RET-078,24,46.73
2026-02-14,SKU-039,RET-083,20,46.73
2026-02-15,SKU-039,RET-020,16,46.73
2026-02-16,SKU-039,RET-074,13,46.73
2026-02-17,SKU-039,RET-040,11,46.73
2026-02-18,SKU-039,RET-051,13,46.73
2026-02-19,SKU-039,RET-010,22,46.73
2026-02-20,SKU-039,RET-017,22,46.73
2026-02-21,SKU-039,RET-085,16,46.73
2026-02-22,SKU-039,RET-027,15,46.73
2026-02-23,SKU-039,RET-053,15,46.73
2026-02-24,SKU-039,RET-030,22,46.73
2026-02-25,SKU-039,RET-006,19,46.73
2026-02-26,SKU-039,RET-044,16,46.73
2026-02-27,SKU-039,RET-091,19,46.73
2026-02-28,SKU-039,RET-059,24,46.73
2026-03-01,SKU-039,RET-088,15,46.73
2026-03-02,SKU-039,RET-012,16,46.73
2026-03-03,SKU-039,RET-039,19,46.73
2026-03-04,SKU-039,RET-058,24,46.73
2026-03-05,SKU-039,RET-014,14,46.73
2026-03-06,SKU-039,RET-066,23,46.73
2026-03-07,SKU-039,RET-089,25,46.73
2026-03-08,SKU-039,RET-042,17,46.73
2026-03-09,SKU-039,RET-061,23,46.73
2026-03-10,SKU-039,RET-072,22,46.73
2026-03-11,SKU-039,RET-089,15,46.73
2026-03-12,SKU-039,RET-015,30,46.73
2026-03-13,SKU-039,RET-084,18,46.73
2026-03-14,SKU-039,RET-038,14,46.73
2026-03-15,SKU-039,RET-008,15,46.73
2026-03-16,SKU-039,RET-040,12,46.73
2026-03-17,SKU-039,RET-051,25,46.73
2026-03-18,SKU-039,RET-092,21,46.73
2026-03-19,SKU-039,RET-027,17,46.73
2026-03-20,SKU-039,RET-057,25,46.73
2026-03-21,SKU-039,RET-075,30,46.73
2026-03-22,SKU-039,RET-034,21,46.73
2026-03-23,SKU-039,RET-100,17,46.73
2026-03-24,SKU-039,RET-073,24,46.73
2026-03-25,SKU-039,RET-030,23,46.73
2026-03-26,SKU-039,RET-058,16,46.73
2026-03-27,SKU-039,RET-024,29,46.73
2026-03-28,SKU-039,RET-039,27,46.73
2026-03-29,SKU-039,RET-074,20,46.73
2026-03-30,SKU-039,RET-052,17,46.73
2026-03-31,SKU-039,RET-016,16,46.73
2026-04-01,SKU-039,RET-062,18,46.73
2026-04-02,SKU-039,RET-094,14,46.73
2026-04-03,SKU-039,RET-055,19,46.73
2026-04-04,SKU-039,RET-077,25,46.73
2026-04-05,SKU-039,RET-027,11,46.73
2026-04-06,SKU-039,RET-036,21,46.73
2026-04-07,SKU-039,RET-029,23,46.73
2026-04-08,SKU-039,RET-041,20,46.73
2026-04-09,SKU-039,RET-051,23,46.73
2026-04-10,SKU-039,RET-100,22,46.73
2026-04-11,SKU-039,RET-042,22,46.73
2026-04-12,SKU-039,RET-094,14,46.73
2026-04-13,SKU-039,RET-008,19,46.73
2026-04-14,SKU-039,RET-030,20,46.73
2026-04-15,SKU-039,RET-041,21,46.73
2026-04-16,SKU-039,RET-077,15,46.73
2026-04-17,SKU-039,RET-078,15,46.73
2026-04-18,SKU-039,RET-046,22,46.73
2026-04-19,SKU-039,RET-092,22,46.73
2026-04-20,SKU-039,RET-006,18,46.73
2026-04-21,SKU-039,RET-067,19,46.73
2026-04-22,SKU-039,RET-052,25,46.73
2026-04-23,SKU-039,RET-015,20,46.73
2026-04-24,SKU-039,RET-069,22,46.73
2026-04-25,SKU-039,RET-031,17,46.73
2026-04-26,SKU-039,RET-087,13,46.73
2026-04-27,SKU-039,RET-043,25,46.73
2026-04-28,SKU-039,RET-080,13,46.73
2026-04-29,SKU-039,RET-091,12,46.73
2026-04-30,SKU-039,RET-056,20,46.73
2026-05-01,SKU-039,RET-068,25,46.73
2026-05-02,SKU-039,RET-034,18,46.73
2026-05-03,SKU-039,RET-056,13,46.73
2026-05-04,SKU-039,RET-075,21,46.73
2026-05-05,SKU-039,RET-002,13,46.73
2026-05-06,SKU-039,RET-020,15,46.73
2026-05-07,SKU-039,RET-079,10,46.73
2026-05-08,SKU-039,RET-052,14,46.73
2026-05-09,SKU-039,RET-079,26,46.73
2026-05-10,SKU-039,RET-039,22,46.73
2026-05-11,SKU-039,RET-055,22,46.73
2026-05-12,SKU-039,RET-090,18,46.73
2026-05-13,SKU-039,RET-091,19,46.73
2026-05-14,SKU-039,RET-050,14,46.73
2026-05-15,SKU-039,RET-068,20,46.73
2026-05-16,SKU-039,RET-001,19,46.73
2026-05-17,SKU-039,RET-060,17,46.73
2026-05-18,SKU-039,RET-009,19,46.73
2026-05-19,SKU-039,RET-034,21,46.73
2026-05-20,SKU-039,RET-077,25,46.73
2026-05-21,SKU-039,RET-023,17,46.73
2026-05-22,SKU-039,RET-078,21,46.73
2026-05-23,SKU-039,RET-044,18,46.73
2026-05-24,SKU-039,RET-079,15,46.73
2026-05-25,SKU-039,RET-068,13,46.73
2026-05-26,SKU-039,RET-078,10,46.73
2026-05-27,SKU-039,RET-024,21,46.73
2026-05-28,SKU-039,RET-063,20,46.73
2026-05-29,SKU-039,RET-083,21,46.73
2026-05-30,SKU-039,RET-029,27,46.73
2026-05-31,SKU-039,RET-093,23,46.73
2026-06-01,SKU-039,RET-018,25,46.73
2026-06-02,SKU-039,RET-067,19,46.73
2026-06-03,SKU-039,RET-098,17,46.73
2026-06-04,SKU-039,RET-005,16,46.73
2026-06-05,SKU-039,RET-025,19,46.73
2026-06-06,SKU-039,RET-054,14,46.73
2026-06-07,SKU-039,RET-094,16,46.73
2026-06-08,SKU-039,RET-012,14,46.73
2026-06-09,SKU-039,RET-086,11,46.73
2026-06-10,SKU-039,RET-056,21,46.73
2026-06-11,SKU-039,RET-077,18,46.73
2026-06-12,SKU-039,RET-090,20,46.73
2026-06-13,SKU-039,RET-027,21,46.73
2026-06-14,SKU-039,RET-069,26,46.73
2026-06-15,SKU-039,RET-079,23,46.73
2026-06-16,SKU-039,RET-062,15,46.73
2026-06-17,SKU-039,RET-046,17,46.73
2026-06-18,SKU-039,RET-093,14,46.73
2026-06-19,SKU-039,RET-014,13,46.73
2026-06-20,SKU-039,RET-016,16,46.73
2026-06-21,SKU-039,RET-049,14,46.73
2026-06-22,SKU-039,RET-087,20,46.73
2026-06-23,SKU-039,RET-100,15,46.73
2026-06-24,SKU-039,RET-034,13,46.73
2026-06-25,SKU-039,RET-019,13,46.73
2026-06-26,SKU-039,RET-073,22,46.73
2026-06-27,SKU-039,RET-015,19,46.73
2026-06-28,SKU-039,RET-022,13,46.73
2026-06-29,SKU-039,RET-051,26,46.73
2026-06-30,SKU-039,RET-033,12,46.73
2026-07-01,SKU-039,RET-056,14,46.73
2026-07-02,SKU-039,RET-035,15,46.73
2026-07-03,SKU-039,RET-009,17,46.73
2026-07-04,SKU-039,RET-050,18,46.73
2026-07-05,SKU-039,RET-065,23,46.73
2026-07-06,SKU-039,RET-076,22,46.73
2026-07-07,SKU-039,RET-068,10,46.73
2026-07-08,SKU-039,RET-089,16,46.73
2026-07-09,SKU-039,RET-008,6,46.73
2026-07-10,SKU-039,RET-058,21,46.73
2026-07-11,SKU-039,RET-053,16,46.73
2026-07-12,SKU-039,RET-087,14,46.73
2026-07-13,SKU-039,RET-025,20,46.73
2026-07-14,SKU-039,RET-017,13,46.73
2026-07-15,SKU-039,RET-086,20,46.73
2026-07-16,SKU-039,RET-086,22,46.73
2026-07-17,SKU-039,RET-068,20,46.73
2026-07-18,SKU-039,RET-040,20,46.73
2026-07-19,SKU-039,RET-028,16,46.73
2026-07-20,SKU-039,RET-013,10,46.73
2026-07-21,SKU-039,RET-048,15,46.73
2026-07-22,SKU-039,RET-065,12,46.73
2026-07-23,SKU-039,RET-091,11,46.73
2026-07-24,SKU-039,RET-041,9,46.73
2026-07-25,SKU-039,RET-043,18,46.73
2026-07-26,SKU-039,RET-052,14,46.73
2026-07-27,SKU-039,RET-041,11,46.73
2026-07-28,SKU-039,RET-022,10,46.73
2026-07-29,SKU-039,RET-010,17,46.73
2026-07-30,SKU-039,RET-063,14,46.73
2026-07-31,SKU-039,RET-075,20,46.73
2026-08-01,SKU-039,RET-055,15,46.73
2026-08-02,SKU-039,RET-032,18,46.73
2026-08-03,SKU-039,RET-050,20,46.73
2026-08-04,SKU-039,RET-054,16,46.73
2026-08-05,SKU-039,RET-012,13,46.73
2026-08-06,SKU-039,RET-021,12,46.73
2026-08-07,SKU-039,RET-004,16,46.73
2026-08-08,SKU-039,RET-059,11,46.73
2026-08-09,SKU-039,RET-092,10,46.73
2026-08-10,SKU-039,RET-063,13,46.73
2026-08-11,SKU-039,RET-067,17,46.73
2026-08-12,SKU-039,RET-055,12,46.73
2026-08-13,SKU-039,RET-054,12,46.73
2026-08-14,SKU-039,RET-052,17,46.73
2026-08-15,SKU-039,RET-080,20,46.73
2026-08-16,SKU-039,RET-007,10,46.73
2026-08-17,SKU-039,RET-092,20,46.73
2026-08-18,SKU-039,RET-047,9,46.73
2026-08-19,SKU-039,RET-054,10,46.73
2026-08-20,SKU-039,RET-044,12,46.73
2026-08-21,SKU-039,RET-025,16,46.73
2026-08-22,SKU-039,RET-046,12,46.73
2026-08-23,SKU-039,RET-009,17,46.73
2026-08-24,SKU-039,RET-066,16,46.73
2026-08-25,SKU-039,RET-043,16,46.73
2025-08-26,SKU-040,RET-022,20,228.84
2025-08-27,SKU-040,RET-091,23,228.84
2025-08-28,SKU-040,RET-079,31,228.84
2025-08-29,SKU-040,RET-055,30,228.84
2025-08-30,SKU-040,RET-067,36,228.84
2025-08-31,SKU-040,RET-075,32,228.84
2025-09-01,SKU-040,RET-064,36,228.84
2025-09-02,SKU-040,RET-021,26,228.84
2025-09-03,SKU-040,RET-046,28,228.84
2025-09-04,SKU-040,RET-030,25,228.84
2025-09-05,SKU-040,RET-097,37,228.84
2025-09-06,SKU-040,RET-020,38,228.84
2025-09-07,SKU-040,RET-012,24,228.84
2025-09-08,SKU-040,RET-074,30,228.84
2025-09-09,SKU-040,RET-084,39,228.84
2025-09-10,SKU-040,RET-004,29,228.84
2025-09-11,SKU-040,RET-061,39,228.84
2025-09-12,SKU-040,RET-046,49,228.84
2025-09-13,SKU-040,RET-099,33,228.84
2025-09-14,SKU-040,RET-014,21,228.84
2025-09-15,SKU-040,RET-097,25,228.84
2025-09-16,SKU-040,RET-014,25,228.84
2025-09-17,SKU-040,RET-006,41,228.84
2025-09-18,SKU-040,RET-018,21,228.84
2025-09-19,SKU-040,RET-003,26,228.84
2025-09-20,SKU-040,RET-075,39,228.84
2025-09-21,SKU-040,RET-009,29,228.84
2025-09-22,SKU-040,RET-005,30,228.84
2025-09-23,SKU-040,RET-060,26,228.84
2025-09-24,SKU-040,RET-072,27,228.84
2025-09-25,SKU-040,RET-004,25,228.84
2025-09-26,SKU-040,RET-091,33,228.84
2025-09-27,SKU-040,RET-097,36,228.84
2025-09-28,SKU-040,RET-084,20,228.84
2025-09-29,SKU-040,RET-002,25,228.84
2025-09-30,SKU-040,RET-065,21,228.84
2025-10-01,SKU-040,RET-048,32,228.84
2025-10-02,SKU-040,RET-038,23,228.84
2025-10-03,SKU-040,RET-026,49,228.84
2025-10-04,SKU-040,RET-078,51,228.84
2025-10-05,SKU-040,RET-015,31,228.84
2025-10-06,SKU-040,RET-023,34,228.84
2025-10-07,SKU-040,RET-039,39,228.84
2025-10-08,SKU-040,RET-036,22,228.84
2025-10-09,SKU-040,RET-032,32,228.84
2025-10-10,SKU-040,RET-002,42,228.84
2025-10-11,SKU-040,RET-026,30,228.84
2025-10-12,SKU-040,RET-022,29,228.84
2025-10-13,SKU-040,RET-082,31,228.84
2025-10-14,SKU-040,RET-063,32,228.84
2025-10-15,SKU-040,RET-033,37,228.84
2025-10-16,SKU-040,RET-020,39,228.84
2025-10-17,SKU-040,RET-075,49,228.84
2025-10-18,SKU-040,RET-081,45,228.84
2025-10-19,SKU-040,RET-023,44,228.84
2025-10-20,SKU-040,RET-073,33,228.84
2025-10-21,SKU-040,RET-007,49,228.84
2025-10-22,SKU-040,RET-019,40,228.84
2025-10-23,SKU-040,RET-096,52,228.84
2025-10-24,SKU-040,RET-058,40,228.84
2025-10-25,SKU-040,RET-070,37,228.84
2025-10-26,SKU-040,RET-068,26,228.84
2025-10-27,SKU-040,RET-041,43,228.84
2025-10-28,SKU-040,RET-061,27,228.84
2025-10-29,SKU-040,RET-070,44,228.84
2025-10-30,SKU-040,RET-099,36,228.84
2025-10-31,SKU-040,RET-064,42,228.84
2025-11-01,SKU-040,RET-096,49,228.84
2025-11-02,SKU-040,RET-034,54,228.84
2025-11-03,SKU-040,RET-038,42,228.84
2025-11-04,SKU-040,RET-041,32,228.84
2025-11-05,SKU-040,RET-027,38,228.84
2025-11-06,SKU-040,RET-051,33,228.84
2025-11-07,SKU-040,RET-087,42,228.84
2025-11-08,SKU-040,RET-094,54,228.84
2025-11-09,SKU-040,RET-032,38,228.84
2025-11-10,SKU-040,RET-032,37,228.84
2025-11-11,SKU-040,RET-093,35,228.84
2025-11-12,SKU-040,RET-083,51,228.84
2025-11-13,SKU-040,RET-049,44,228.84
2025-11-14,SKU-040,RET-015,47,228.84
2025-11-15,SKU-040,RET-026,56,228.84
2025-11-16,SKU-040,RET-001,45,228.84
2025-11-17,SKU-040,RET-055,39,228.84
2025-11-18,SKU-040,RET-046,31,228.84
2025-11-19,SKU-040,RET-083,30,228.84
2025-11-20,SKU-040,RET-060,35,228.84
2025-11-21,SKU-040,RET-054,52,228.84
2025-11-22,SKU-040,RET-021,36,228.84
2025-11-23,SKU-040,RET-040,40,228.84
2025-11-24,SKU-040,RET-026,35,228.84
2025-11-25,SKU-040,RET-033,39,228.84
2025-11-26,SKU-040,RET-063,32,228.84
2025-11-27,SKU-040,RET-038,41,228.84
2025-11-28,SKU-040,RET-088,44,228.84
2025-11-29,SKU-040,RET-092,48,228.84
2025-11-30,SKU-040,RET-052,37,228.84
2025-12-01,SKU-040,RET-079,22,228.84
2025-12-02,SKU-040,RET-048,24,228.84
2025-12-03,SKU-040,RET-027,29,228.84
2025-12-04,SKU-040,RET-017,33,228.84
2025-12-05,SKU-040,RET-045,35,228.84
2025-12-06,SKU-040,RET-085,31,228.84
2025-12-07,SKU-040,RET-098,37,228.84
2025-12-08,SKU-040,RET-029,25,228.84
2025-12-09,SKU-040,RET-010,41,228.84
2025-12-10,SKU-040,RET-023,30,228.84
2025-12-11,SKU-040,RET-084,33,228.84
2025-12-12,SKU-040,RET-099,35,228.84
2025-12-13,SKU-040,RET-047,32,228.84
2025-12-14,SKU-040,RET-026,22,228.84
2025-12-15,SKU-040,RET-054,25,228.84
2025-12-16,SKU-040,RET-021,26,228.84
2025-12-17,SKU-040,RET-003,35,228.84
2025-12-18,SKU-040,RET-054,38,228.84
2025-12-19,SKU-040,RET-039,43,228.84
2025-12-20,SKU-040,RET-095,37,228.84
2025-12-21,SKU-040,RET-072,32,228.84
2025-12-22,SKU-040,RET-002,23,228.84
2025-12-23,SKU-040,RET-099,30,228.84
2025-12-24,SKU-040,RET-007,28,228.84
2025-12-25,SKU-040,RET-029,26,228.84
2025-12-26,SKU-040,RET-005,35,228.84
2025-12-27,SKU-040,RET-027,51,228.84
2025-12-28,SKU-040,RET-095,27,228.84
2025-12-29,SKU-040,RET-082,34,228.84
2025-12-30,SKU-040,RET-096,40,228.84
2025-12-31,SKU-040,RET-039,32,228.84
2026-01-01,SKU-040,RET-027,22,228.84
2026-01-02,SKU-040,RET-025,53,228.84
2026-01-03,SKU-040,RET-025,25,228.84
2026-01-04,SKU-040,RET-059,32,228.84
2026-01-05,SKU-040,RET-015,33,228.84
2026-01-06,SKU-040,RET-071,32,228.84
2026-01-07,SKU-040,RET-040,39,228.84
2026-01-08,SKU-040,RET-004,34,228.84
2026-01-09,SKU-040,RET-001,57,228.84
2026-01-10,SKU-040,RET-094,33,228.84
2026-01-11,SKU-040,RET-058,25,228.84
2026-01-12,SKU-040,RET-023,38,228.84
2026-01-13,SKU-040,RET-026,33,228.84
2026-01-14,SKU-040,RET-033,28,228.84
2026-01-15,SKU-040,RET-010,39,228.84
2026-01-16,SKU-040,RET-081,38,228.84
2026-01-17,SKU-040,RET-062,34,228.84
2026-01-18,SKU-040,RET-047,35,228.84
2026-01-19,SKU-040,RET-097,36,228.84
2026-01-20,SKU-040,RET-017,28,228.84
2026-01-21,SKU-040,RET-068,31,228.84
2026-01-22,SKU-040,RET-035,39,228.84
2026-01-23,SKU-040,RET-035,50,228.84
2026-01-24,SKU-040,RET-063,44,228.84
2026-01-25,SKU-040,RET-024,46,228.84
2026-01-26,SKU-040,RET-023,38,228.84
2026-01-27,SKU-040,RET-024,37,228.84
2026-01-28,SKU-040,RET-070,42,228.84
2026-01-29,SKU-040,RET-013,36,228.84
2026-01-30,SKU-040,RET-008,49,228.84
2026-01-31,SKU-040,RET-057,51,228.84
2026-02-01,SKU-040,RET-009,34,228.84
2026-02-02,SKU-040,RET-015,36,228.84
2026-02-03,SKU-040,RET-050,25,228.84
2026-02-04,SKU-040,RET-067,45,228.84
2026-02-05,SKU-040,RET-059,40,228.84
2026-02-06,SKU-040,RET-067,42,228.84
2026-02-07,SKU-040,RET-007,45,228.84
2026-02-08,SKU-040,RET-006,40,228.84
2026-02-09,SKU-040,RET-061,15,228.84
2026-02-10,SKU-040,RET-034,45,228.84
2026-02-11,SKU-040,RET-039,54,228.84
2026-02-12,SKU-040,RET-055,28,228.84
2026-02-13,SKU-040,RET-055,60,228.84
2026-02-14,SKU-040,RET-023,59,228.84
2026-02-15,SKU-040,RET-053,39,228.84
2026-02-16,SKU-040,RET-047,29,228.84
2026-02-17,SKU-040,RET-040,41,228.84
2026-02-18,SKU-040,RET-059,36,228.84
2026-02-19,SKU-040,RET-054,32,228.84
2026-02-20,SKU-040,RET-022,58,228.84
2026-02-21,SKU-040,RET-026,38,228.84
2026-02-22,SKU-040,RET-069,27,228.84
2026-02-23,SKU-040,RET-039,43,228.84
2026-02-24,SKU-040,RET-090,39,228.84
2026-02-25,SKU-040,RET-078,38,228.84
2026-02-26,SKU-040,RET-026,36,228.84
2026-02-27,SKU-040,RET-068,66,228.84
2026-02-28,SKU-040,RET-018,48,228.84
2026-03-01,SKU-040,RET-032,40,228.84
2026-03-02,SKU-040,RET-046,37,228.84
2026-03-03,SKU-040,RET-003,35,228.84
2026-03-04,SKU-040,RET-052,33,228.84
2026-03-05,SKU-040,RET-063,55,228.84
2026-03-06,SKU-040,RET-009,53,228.84
2026-03-07,SKU-040,RET-014,61,228.84
2026-03-08,SKU-040,RET-070,40,228.84
2026-03-09,SKU-040,RET-056,27,228.84
2026-03-10,SKU-040,RET-052,43,228.84
2026-03-11,SKU-040,RET-068,30,228.84
2026-03-12,SKU-040,RET-066,29,228.84
2026-03-13,SKU-040,RET-052,49,228.84
2026-03-14,SKU-040,RET-035,45,228.84
2026-03-15,SKU-040,RET-021,53,228.84
2026-03-16,SKU-040,RET-090,49,228.84
2026-03-17,SKU-040,RET-006,45,228.84
2026-03-18,SKU-040,RET-045,34,228.84
2026-03-19,SKU-040,RET-093,38,228.84
2026-03-20,SKU-040,RET-009,49,228.84
2026-03-21,SKU-040,RET-002,41,228.84
2026-03-22,SKU-040,RET-066,40,228.84
2026-03-23,SKU-040,RET-072,34,228.84
2026-03-24,SKU-040,RET-098,38,228.84
2026-03-25,SKU-040,RET-093,43,228.84
2026-03-26,SKU-040,RET-013,24,228.84
2026-03-27,SKU-040,RET-057,58,228.84
2026-03-28,SKU-040,RET-007,45,228.84
2026-03-29,SKU-040,RET-082,41,228.84
2026-03-30,SKU-040,RET-088,33,228.84
2026-03-31,SKU-040,RET-052,40,228.84
2026-04-01,SKU-040,RET-041,44,228.84
2026-04-02,SKU-040,RET-068,33,228.84
2026-04-03,SKU-040,RET-031,51,228.84
2026-04-04,SKU-040,RET-031,63,228.84
2026-04-05,SKU-040,RET-063,41,228.84
2026-04-06,SKU-040,RET-057,35,228.84
2026-04-07,SKU-040,RET-077,42,228.84
2026-04-08,SKU-040,RET-055,44,228.84
2026-04-09,SKU-040,RET-076,32,228.84
2026-04-10,SKU-040,RET-054,47,228.84
2026-04-11,SKU-040,RET-009,47,228.84
2026-04-12,SKU-040,RET-025,39,228.84
2026-04-13,SKU-040,RET-079,38,228.84
2026-04-14,SKU-040,RET-070,25,228.84
2026-04-15,SKU-040,RET-079,35,228.84
2026-04-16,SKU-040,RET-066,40,228.84
2026-04-17,SKU-040,RET-092,41,228.84
2026-04-18,SKU-040,RET-100,48,228.84
2026-04-19,SKU-040,RET-035,38,228.84
2026-04-20,SKU-040,RET-096,32,228.84
2026-04-21,SKU-040,RET-021,39,228.84
2026-04-22,SKU-040,RET-072,37,228.84
2026-04-23,SKU-040,RET-026,41,228.84
2026-04-24,SKU-040,RET-004,47,228.84
2026-04-25,SKU-040,RET-016,47,228.84
2026-04-26,SKU-040,RET-006,27,228.84
2026-04-27,SKU-040,RET-016,41,228.84
2026-04-28,SKU-040,RET-044,52,228.84
2026-04-29,SKU-040,RET-097,33,228.84
2026-04-30,SKU-040,RET-024,44,228.84
2026-05-01,SKU-040,RET-030,61,228.84
2026-05-02,SKU-040,RET-089,58,228.84
2026-05-03,SKU-040,RET-068,35,228.84
2026-05-04,SKU-040,RET-068,40,228.84
2026-05-05,SKU-040,RET-047,24,228.84
2026-05-06,SKU-040,RET-010,37,228.84
2026-05-07,SKU-040,RET-038,38,228.84
2026-05-08,SKU-040,RET-019,44,228.84
2026-05-09,SKU-040,RET-070,58,228.84
2026-05-10,SKU-040,RET-031,47,228.84
2026-05-11,SKU-040,RET-045,31,228.84
2026-05-12,SKU-040,RET-076,31,228.84
2026-05-13,SKU-040,RET-012,32,228.84
2026-05-14,SKU-040,RET-040,29,228.84
2026-05-15,SKU-040,RET-064,39,228.84
2026-05-16,SKU-040,RET-053,43,228.84
2026-05-17,SKU-040,RET-010,36,228.84
2026-05-18,SKU-040,RET-031,38,228.84
2026-05-19,SKU-040,RET-068,42,228.84
2026-05-20,SKU-040,RET-021,33,228.84
2026-05-21,SKU-040,RET-088,30,228.84
2026-05-22,SKU-040,RET-020,62,228.84
2026-05-23,SKU-040,RET-096,52,228.84
2026-05-24,SKU-040,RET-021,36,228.84
2026-05-25,SKU-040,RET-030,32,228.84
2026-05-26,SKU-040,RET-072,41,228.84
2026-05-27,SKU-040,RET-019,27,228.84
2026-05-28,SKU-040,RET-056,34,228.84
2026-05-29,SKU-040,RET-009,44,228.84
2026-05-30,SKU-040,RET-019,46,228.84
2026-05-31,SKU-040,RET-047,36,228.84
2026-06-01,SKU-040,RET-061,44,228.84
2026-06-02,SKU-040,RET-098,31,228.84
2026-06-03,SKU-040,RET-071,33,228.84
2026-06-04,SKU-040,RET-049,41,228.84
2026-06-05,SKU-040,RET-039,40,228.84
2026-06-06,SKU-040,RET-057,49,228.84
2026-06-07,SKU-040,RET-026,31,228.84
2026-06-08,SKU-040,RET-029,42,228.84
2026-06-09,SKU-040,RET-087,34,228.84
2026-06-10,SKU-040,RET-061,35,228.84
2026-06-11,SKU-040,RET-017,36,228.84
2026-06-12,SKU-040,RET-022,41,228.84
2026-06-13,SKU-040,RET-089,51,228.84
2026-06-14,SKU-040,RET-037,40,228.84
2026-06-15,SKU-040,RET-035,45,228.84
2026-06-16,SKU-040,RET-022,41,228.84
2026-06-17,SKU-040,RET-090,39,228.84
2026-06-18,SKU-040,RET-029,25,228.84
2026-06-19,SKU-040,RET-017,48,228.84
2026-06-20,SKU-040,RET-028,37,228.84
2026-06-21,SKU-040,RET-031,37,228.84
2026-06-22,SKU-040,RET-069,40,228.84
2026-06-23,SKU-040,RET-025,31,228.84
2026-06-24,SKU-040,RET-002,44,228.84
2026-06-25,SKU-040,RET-036,36,228.84
2026-06-26,SKU-040,RET-062,38,228.84
2026-06-27,SKU-040,RET-020,44,228.84
2026-06-28,SKU-040,RET-042,43,228.84
2026-06-29,SKU-040,RET-030,32,228.84
2026-06-30,SKU-040,RET-069,35,228.84
2026-07-01,SKU-040,RET-032,27,228.84
2026-07-02,SKU-040,RET-061,37,228.84
2026-07-03,SKU-040,RET-041,43,228.84
2026-07-04,SKU-040,RET-074,45,228.84
2026-07-05,SKU-040,RET-061,28,228.84
2026-07-06,SKU-040,RET-036,29,228.84
2026-07-07,SKU-040,RET-033,39,228.84
2026-07-08,SKU-040,RET-050,38,228.84
2026-07-09,SKU-040,RET-054,34,228.84
2026-07-10,SKU-040,RET-075,34,228.84
2026-07-11,SKU-040,RET-038,40,228.84
2026-07-12,SKU-040,RET-057,35,228.84
2026-07-13,SKU-040,RET-099,28,228.84
2026-07-14,SKU-040,RET-073,27,228.84
2026-07-15,SKU-040,RET-041,33,228.84
2026-07-16,SKU-040,RET-099,30,228.84
2026-07-17,SKU-040,RET-070,53,228.84
2026-07-18,SKU-040,RET-093,35,228.84
2026-07-19,SKU-040,RET-008,25,228.84
2026-07-20,SKU-040,RET-077,38,228.84
2026-07-21,SKU-040,RET-091,26,228.84
2026-07-22,SKU-040,RET-090,31,228.84
2026-07-23,SKU-040,RET-008,27,228.84
2026-07-24,SKU-040,RET-058,42,228.84
2026-07-25,SKU-040,RET-030,40,228.84
2026-07-26,SKU-040,RET-034,35,228.84
2026-07-27,SKU-040,RET-059,29,228.84
2026-07-28,SKU-040,RET-077,38,228.84
2026-07-29,SKU-040,RET-060,26,228.84
2026-07-30,SKU-040,RET-040,25,228.84
2026-07-31,SKU-040,RET-059,23,228.84
2026-08-01,SKU-040,RET-088,27,228.84
2026-08-02,SKU-040,RET-036,34,228.84
2026-08-03,SKU-040,RET-044,25,228.84
2026-08-04,SKU-040,RET-083,33,228.84
2026-08-05,SKU-040,RET-085,34,228.84
2026-08-06,SKU-040,RET-066,29,228.84
2026-08-07,SKU-040,RET-056,42,228.84
2026-08-08,SKU-040,RET-041,49,228.84
2026-08-09,SKU-040,RET-003,30,228.84
2026-08-10,SKU-040,RET-078,27,228.84
2026-08-11,SKU-040,RET-053,26,228.84
2026-08-12,SKU-040,RET-100,37,228.84
2026-08-13,SKU-040,RET-027,27,228.84
2026-08-14,SKU-040,RET-032,42,228.84
2026-08-15,SKU-040,RET-011,38,228.84
2026-08-16,SKU-040,RET-004,22,228.84
2026-08-17,SKU-040,RET-084,27,228.84
2026-08-18,SKU-040,RET-039,23,228.84
2026-08-19,SKU-040,RET-012,24,228.84
2026-08-20,SKU-040,RET-029,39,228.84
2026-08-21,SKU-040,RET-086,31,228.84
2026-08-22,SKU-040,RET-042,29,228.84
2026-08-23,SKU-040,RET-026,24,228.84
2026-08-24,SKU-040,RET-021,29,228.84
2026-08-25,SKU-040,RET-095,28,228.84
2025-08-26,SKU-041,RET-071,8,247.13
2025-08-27,SKU-041,RET-025,8,247.13
2025-08-28,SKU-041,RET-058,5,247.13
2025-08-29,SKU-041,RET-019,12,247.13
2025-08-30,SKU-041,RET-023,11,247.13
2025-08-31,SKU-041,RET-026,4,247.13
2025-09-01,SKU-041,RET-047,10,247.13
2025-09-02,SKU-041,RET-064,7,247.13
2025-09-03,SKU-041,RET-024,7,247.13
2025-09-04,SKU-041,RET-076,6,247.13
2025-09-05,SKU-041,RET-030,13,247.13
2025-09-06,SKU-041,RET-059,13,247.13
2025-09-07,SKU-041,RET-051,17,247.13
2025-09-08,SKU-041,RET-093,9,247.13
2025-09-09,SKU-041,RET-030,11,247.13
2025-09-10,SKU-041,RET-088,6,247.13
2025-09-11,SKU-041,RET-063,9,247.13
2025-09-12,SKU-041,RET-034,14,247.13
2025-09-13,SKU-041,RET-009,5,247.13
2025-09-14,SKU-041,RET-015,7,247.13
2025-09-15,SKU-041,RET-093,11,247.13
2025-09-16,SKU-041,RET-073,13,247.13
2025-09-17,SKU-041,RET-100,9,247.13
2025-09-18,SKU-041,RET-034,13,247.13
2025-09-19,SKU-041,RET-015,13,247.13
2025-09-20,SKU-041,RET-064,9,247.13
2025-09-21,SKU-041,RET-002,8,247.13
2025-09-22,SKU-041,RET-074,7,247.13
2025-09-23,SKU-041,RET-093,3,247.13
2025-09-24,SKU-041,RET-075,10,247.13
2025-09-25,SKU-041,RET-062,9,247.13
2025-09-26,SKU-041,RET-069,8,247.13
2025-09-27,SKU-041,RET-038,8,247.13
2025-09-28,SKU-041,RET-071,13,247.13
2025-09-29,SKU-041,RET-033,7,247.13
2025-09-30,SKU-041,RET-095,6,247.13
2025-10-01,SKU-041,RET-036,9,247.13
2025-10-02,SKU-041,RET-070,9,247.13
2025-10-03,SKU-041,RET-030,10,247.13
2025-10-04,SKU-041,RET-086,17,247.13
2025-10-05,SKU-041,RET-098,10,247.13
2025-10-06,SKU-041,RET-052,10,247.13
2025-10-07,SKU-041,RET-048,4,247.13
2025-10-08,SKU-041,RET-060,11,247.13
2025-10-09,SKU-041,RET-096,19,247.13
2025-10-10,SKU-041,RET-023,14,247.13
2025-10-11,SKU-041,RET-084,16,247.13
2025-10-12,SKU-041,RET-074,10,247.13
2025-10-13,SKU-041,RET-067,7,247.13
2025-10-14,SKU-041,RET-036,9,247.13
2025-10-15,SKU-041,RET-065,7,247.13
2025-10-16,SKU-041,RET-079,9,247.13
2025-10-17,SKU-041,RET-006,16,247.13
2025-10-18,SKU-041,RET-030,8,247.13
2025-10-19,SKU-041,RET-027,10,247.13
2025-10-20,SKU-041,RET-057,12,247.13
2025-10-21,SKU-041,RET-050,9,247.13
2025-10-22,SKU-041,RET-036,13,247.13
2025-10-23,SKU-041,RET-052,12,247.13
2025-10-24,SKU-041,RET-023,9,247.13
2025-10-25,SKU-041,RET-016,17,247.13
2025-10-26,SKU-041,RET-018,14,247.13
2025-10-27,SKU-041,RET-041,16,247.13
2025-10-28,SKU-041,RET-063,12,247.13
2025-10-29,SKU-041,RET-022,10,247.13
2025-10-30,SKU-041,RET-027,11,247.13
2025-10-31,SKU-041,RET-006,16,247.13
2025-11-01,SKU-041,RET-037,12,247.13
2025-11-02,SKU-041,RET-007,11,247.13
2025-11-03,SKU-041,RET-027,15,247.13
2025-11-04,SKU-041,RET-016,9,247.13
2025-11-05,SKU-041,RET-082,12,247.13
2025-11-06,SKU-041,RET-042,10,247.13
2025-11-07,SKU-041,RET-023,15,247.13
2025-11-08,SKU-041,RET-048,15,247.13
2025-11-09,SKU-041,RET-020,14,247.13
2025-11-10,SKU-041,RET-052,14,247.13
2025-11-11,SKU-041,RET-051,9,247.13
2025-11-12,SKU-041,RET-085,7,247.13
2025-11-13,SKU-041,RET-057,13,247.13
2025-11-14,SKU-041,RET-043,13,247.13
2025-11-15,SKU-041,RET-080,10,247.13
2025-11-16,SKU-041,RET-097,12,247.13
2025-11-17,SKU-041,RET-090,19,247.13
2025-11-18,SKU-041,RET-047,13,247.13
2025-11-19,SKU-041,RET-033,17,247.13
2025-11-20,SKU-041,RET-070,16,247.13
2025-11-21,SKU-041,RET-061,16,247.13
2025-11-22,SKU-041,RET-009,13,247.13
2025-11-23,SKU-041,RET-042,8,247.13
2025-11-24,SKU-041,RET-038,15,247.13
2025-11-25,SKU-041,RET-021,14,247.13
2025-11-26,SKU-041,RET-047,13,247.13
2025-11-27,SKU-041,RET-069,6,247.13
2025-11-28,SKU-041,RET-034,18,247.13
2025-11-29,SKU-041,RET-096,13,247.13
2025-11-30,SKU-041,RET-086,11,247.13
2025-12-01,SKU-041,RET-077,11,247.13
2025-12-02,SKU-041,RET-056,8,247.13
2025-12-03,SKU-041,RET-053,15,247.13
2025-12-04,SKU-041,RET-058,5,247.13
2025-12-05,SKU-041,RET-009,10,247.13
2025-12-06,SKU-041,RET-049,10,247.13
2025-12-07,SKU-041,RET-065,11,247.13
2025-12-08,SKU-041,RET-035,7,247.13
2025-12-09,SKU-041,RET-037,6,247.13
2025-12-10,SKU-041,RET-063,14,247.13
2025-12-11,SKU-041,RET-096,8,247.13
2025-12-12,SKU-041,RET-094,10,247.13
2025-12-13,SKU-041,RET-073,9,247.13
2025-12-14,SKU-041,RET-019,8,247.13
2025-12-15,SKU-041,RET-031,10,247.13
2025-12-16,SKU-041,RET-045,4,247.13
2025-12-17,SKU-041,RET-041,7,247.13
2025-12-18,SKU-041,RET-072,9,247.13
2025-12-19,SKU-041,RET-085,10,247.13
2025-12-20,SKU-041,RET-098,16,247.13
2025-12-21,SKU-041,RET-044,8,247.13
2025-12-22,SKU-041,RET-083,7,247.13
2025-12-23,SKU-041,RET-090,13,247.13
2025-12-24,SKU-041,RET-040,12,247.13
2025-12-25,SKU-041,RET-062,13,247.13
2025-12-26,SKU-041,RET-070,15,247.13
2025-12-27,SKU-041,RET-057,8,247.13
2025-12-28,SKU-041,RET-082,9,247.13
2025-12-29,SKU-041,RET-040,12,247.13
2025-12-30,SKU-041,RET-061,6,247.13
2025-12-31,SKU-041,RET-011,12,247.13
2026-01-01,SKU-041,RET-005,11,247.13
2026-01-02,SKU-041,RET-004,14,247.13
2026-01-03,SKU-041,RET-018,12,247.13
2026-01-04,SKU-041,RET-059,12,247.13
2026-01-05,SKU-041,RET-050,10,247.13
2026-01-06,SKU-041,RET-013,15,247.13
2026-01-07,SKU-041,RET-002,7,247.13
2026-01-08,SKU-041,RET-099,11,247.13
2026-01-09,SKU-041,RET-072,9,247.13
2026-01-10,SKU-041,RET-015,15,247.13
2026-01-11,SKU-041,RET-032,9,247.13
2026-01-12,SKU-041,RET-024,5,247.13
2026-01-13,SKU-041,RET-050,10,247.13
2026-01-14,SKU-041,RET-067,12,247.13
2026-01-15,SKU-041,RET-085,10,247.13
2026-01-16,SKU-041,RET-006,14,247.13
2026-01-17,SKU-041,RET-047,9,247.13
2026-01-18,SKU-041,RET-041,15,247.13
2026-01-19,SKU-041,RET-052,7,247.13
2026-01-20,SKU-041,RET-052,10,247.13
2026-01-21,SKU-041,RET-092,14,247.13
2026-01-22,SKU-041,RET-001,14,247.13
2026-01-23,SKU-041,RET-002,14,247.13
2026-01-24,SKU-041,RET-055,11,247.13
2026-01-25,SKU-041,RET-093,13,247.13
2026-01-26,SKU-041,RET-001,17,247.13
2026-01-27,SKU-041,RET-018,8,247.13
2026-01-28,SKU-041,RET-083,5,247.13
2026-01-29,SKU-041,RET-055,8,247.13
2026-01-30,SKU-041,RET-023,15,247.13
2026-01-31,SKU-041,RET-066,11,247.13
2026-02-01,SKU-041,RET-081,12,247.13
2026-02-02,SKU-041,RET-055,9,247.13
2026-02-03,SKU-041,RET-020,13,247.13
2026-02-04,SKU-041,RET-084,6,247.13
2026-02-05,SKU-041,RET-092,10,247.13
2026-02-06,SKU-041,RET-064,8,247.13
2026-02-07,SKU-041,RET-048,19,247.13
2026-02-08,SKU-041,RET-090,12,247.13
2026-02-09,SKU-041,RET-043,22,247.13
2026-02-10,SKU-041,RET-029,4,247.13
2026-02-11,SKU-041,RET-024,12,247.13
2026-02-12,SKU-041,RET-015,4,247.13
2026-02-13,SKU-041,RET-082,18,247.13
2026-02-14,SKU-041,RET-038,21,247.13
2026-02-15,SKU-041,RET-080,8,247.13
2026-02-16,SKU-041,RET-027,12,247.13
2026-02-17,SKU-041,RET-044,9,247.13
2026-02-18,SKU-041,RET-067,13,247.13
2026-02-19,SKU-041,RET-023,12,247.13
2026-02-20,SKU-041,RET-080,15,247.13
2026-02-21,SKU-041,RET-026,14,247.13
2026-02-22,SKU-041,RET-088,10,247.13
2026-02-23,SKU-041,RET-089,11,247.13
2026-02-24,SKU-041,RET-070,12,247.13
2026-02-25,SKU-041,RET-031,11,247.13
2026-02-26,SKU-041,RET-002,10,247.13
2026-02-27,SKU-041,RET-088,12,247.13
2026-02-28,SKU-041,RET-099,16,247.13
2026-03-01,SKU-041,RET-080,12,247.13
2026-03-02,SKU-041,RET-016,12,247.13
2026-03-03,SKU-041,RET-093,12,247.13
2026-03-04,SKU-041,RET-099,11,247.13
2026-03-05,SKU-041,RET-072,6,247.13
2026-03-06,SKU-041,RET-007,9,247.13
2026-03-07,SKU-041,RET-020,10,247.13
2026-03-08,SKU-041,RET-005,11,247.13
2026-03-09,SKU-041,RET-090,7,247.13
2026-03-10,SKU-041,RET-032,13,247.13
2026-03-11,SKU-041,RET-047,7,247.13
2026-03-12,SKU-041,RET-019,12,247.13
2026-03-13,SKU-041,RET-012,9,247.13
2026-03-14,SKU-041,RET-065,14,247.13
2026-03-15,SKU-041,RET-046,12,247.13
2026-03-16,SKU-041,RET-014,7,247.13
2026-03-17,SKU-041,RET-053,14,247.13
2026-03-18,SKU-041,RET-036,10,247.13
2026-03-19,SKU-041,RET-004,11,247.13
2026-03-20,SKU-041,RET-033,21,247.13
2026-03-21,SKU-041,RET-008,9,247.13
2026-03-22,SKU-041,RET-087,18,247.13
2026-03-23,SKU-041,RET-042,7,247.13
2026-03-24,SKU-041,RET-015,5,247.13
2026-03-25,SKU-041,RET-044,6,247.13
2026-03-26,SKU-041,RET-095,14,247.13
2026-03-27,SKU-041,RET-068,18,247.13
2026-03-28,SKU-041,RET-058,17,247.13
2026-03-29,SKU-041,RET-038,11,247.13
2026-03-30,SKU-041,RET-081,10,247.13
2026-03-31,SKU-041,RET-068,15,247.13
2026-04-01,SKU-041,RET-063,20,247.13
2026-04-02,SKU-041,RET-090,15,247.13
2026-04-03,SKU-041,RET-044,15,247.13
2026-04-04,SKU-041,RET-086,12,247.13
2026-04-05,SKU-041,RET-054,19,247.13
2026-04-06,SKU-041,RET-051,15,247.13
2026-04-07,SKU-041,RET-077,13,247.13
2026-04-08,SKU-041,RET-081,21,247.13
2026-04-09,SKU-041,RET-003,13,247.13
2026-04-10,SKU-041,RET-052,21,247.13
2026-04-11,SKU-041,RET-036,16,247.13
2026-04-12,SKU-041,RET-099,14,247.13
2026-04-13,SKU-041,RET-041,10,247.13
2026-04-14,SKU-041,RET-061,14,247.13
2026-04-15,SKU-041,RET-038,9,247.13
2026-04-16,SKU-041,RET-079,15,247.13
2026-04-17,SKU-041,RET-022,11,247.13
2026-04-18,SKU-041,RET-037,14,247.13
2026-04-19,SKU-041,RET-038,9,247.13
2026-04-20,SKU-041,RET-064,7,247.13
2026-04-21,SKU-041,RET-020,16,247.13
2026-04-22,SKU-041,RET-025,11,247.13
2026-04-23,SKU-041,RET-059,15,247.13
2026-04-24,SKU-041,RET-039,12,247.13
2026-04-25,SKU-041,RET-074,23,247.13
2026-04-26,SKU-041,RET-064,3,247.13
2026-04-27,SKU-041,RET-040,10,247.13
2026-04-28,SKU-041,RET-052,7,247.13
2026-04-29,SKU-041,RET-007,12,247.13
2026-04-30,SKU-041,RET-089,14,247.13
2026-05-01,SKU-041,RET-069,15,247.13
2026-05-02,SKU-041,RET-088,7,247.13
2026-05-03,SKU-041,RET-071,10,247.13
2026-05-04,SKU-041,RET-048,16,247.13
2026-05-05,SKU-041,RET-031,8,247.13
2026-05-06,SKU-041,RET-006,9,247.13
2026-05-07,SKU-041,RET-071,22,247.13
2026-05-08,SKU-041,RET-032,12,247.13
2026-05-09,SKU-041,RET-031,10,247.13
2026-05-10,SKU-041,RET-086,13,247.13
2026-05-11,SKU-041,RET-010,14,247.13
2026-05-12,SKU-041,RET-093,17,247.13
2026-05-13,SKU-041,RET-014,7,247.13
2026-05-14,SKU-041,RET-051,9,247.13
2026-05-15,SKU-041,RET-007,15,247.13
2026-05-16,SKU-041,RET-018,17,247.13
2026-05-17,SKU-041,RET-053,8,247.13
2026-05-18,SKU-041,RET-022,8,247.13
2026-05-19,SKU-041,RET-093,17,247.13
2026-05-20,SKU-041,RET-077,14,247.13
2026-05-21,SKU-041,RET-040,8,247.13
2026-05-22,SKU-041,RET-024,13,247.13
2026-05-23,SKU-041,RET-075,13,247.13
2026-05-24,SKU-041,RET-098,7,247.13
2026-05-25,SKU-041,RET-091,12,247.13
2026-05-26,SKU-041,RET-042,11,247.13
2026-05-27,SKU-041,RET-090,11,247.13
2026-05-28,SKU-041,RET-090,12,247.13
2026-05-29,SKU-041,RET-025,13,247.13
2026-05-30,SKU-041,RET-093,18,247.13
2026-05-31,SKU-041,RET-030,12,247.13
2026-06-01,SKU-041,RET-032,9,247.13
2026-06-02,SKU-041,RET-028,16,247.13
2026-06-03,SKU-041,RET-013,14,247.13
2026-06-04,SKU-041,RET-095,8,247.13
2026-06-05,SKU-041,RET-063,8,247.13
2026-06-06,SKU-041,RET-017,10,247.13
2026-06-07,SKU-041,RET-080,9,247.13
2026-06-08,SKU-041,RET-069,12,247.13
2026-06-09,SKU-041,RET-092,13,247.13
2026-06-10,SKU-041,RET-022,13,247.13
2026-06-11,SKU-041,RET-014,12,247.13
2026-06-12,SKU-041,RET-039,12,247.13
2026-06-13,SKU-041,RET-035,19,247.13
2026-06-14,SKU-041,RET-077,14,247.13
2026-06-15,SKU-041,RET-036,8,247.13
2026-06-16,SKU-041,RET-060,10,247.13
2026-06-17,SKU-041,RET-099,8,247.13
2026-06-18,SKU-041,RET-053,15,247.13
2026-06-19,SKU-041,RET-017,12,247.13
2026-06-20,SKU-041,RET-026,12,247.13
2026-06-21,SKU-041,RET-066,14,247.13
2026-06-22,SKU-041,RET-087,15,247.13
2026-06-23,SKU-041,RET-043,9,247.13
2026-06-24,SKU-041,RET-023,10,247.13
2026-06-25,SKU-041,RET-001,7,247.13
2026-06-26,SKU-041,RET-048,13,247.13
2026-06-27,SKU-041,RET-069,15,247.13
2026-06-28,SKU-041,RET-051,4,247.13
2026-06-29,SKU-041,RET-022,15,247.13
2026-06-30,SKU-041,RET-033,11,247.13
2026-07-01,SKU-041,RET-033,4,247.13
2026-07-02,SKU-041,RET-028,7,247.13
2026-07-03,SKU-041,RET-077,17,247.13
2026-07-04,SKU-041,RET-040,8,247.13
2026-07-05,SKU-041,RET-089,17,247.13
2026-07-06,SKU-041,RET-034,12,247.13
2026-07-07,SKU-041,RET-053,16,247.13
2026-07-08,SKU-041,RET-019,13,247.13
2026-07-09,SKU-041,RET-008,9,247.13
2026-07-10,SKU-041,RET-029,14,247.13
2026-07-11,SKU-041,RET-057,15,247.13
2026-07-12,SKU-041,RET-045,6,247.13
2026-07-13,SKU-041,RET-070,8,247.13
2026-07-14,SKU-041,RET-065,12,247.13
2026-07-15,SKU-041,RET-004,8,247.13
2026-07-16,SKU-041,RET-053,10,247.13
2026-07-17,SKU-041,RET-047,12,247.13
2026-07-18,SKU-041,RET-023,13,247.13
2026-07-19,SKU-041,RET-030,13,247.13
2026-07-20,SKU-041,RET-079,13,247.13
2026-07-21,SKU-041,RET-054,10,247.13
2026-07-22,SKU-041,RET-069,11,247.13
2026-07-23,SKU-041,RET-033,10,247.13
2026-07-24,SKU-041,RET-073,14,247.13
2026-07-25,SKU-041,RET-050,10,247.13
2026-07-26,SKU-041,RET-023,16,247.13
2026-07-27,SKU-041,RET-075,11,247.13
2026-07-28,SKU-041,RET-070,12,247.13
2026-07-29,SKU-041,RET-019,9,247.13
2026-07-30,SKU-041,RET-057,11,247.13
2026-07-31,SKU-041,RET-071,13,247.13
2026-08-01,SKU-041,RET-088,12,247.13
2026-08-02,SKU-041,RET-047,9,247.13
2026-08-03,SKU-041,RET-001,9,247.13
2026-08-04,SKU-041,RET-056,19,247.13
2026-08-05,SKU-041,RET-054,10,247.13
2026-08-06,SKU-041,RET-075,10,247.13
2026-08-07,SKU-041,RET-028,9,247.13
2026-08-08,SKU-041,RET-056,7,247.13
2026-08-09,SKU-041,RET-045,5,247.13
2026-08-10,SKU-041,RET-011,9,247.13
2026-08-11,SKU-041,RET-013,8,247.13
2026-08-12,SKU-041,RET-064,11,247.13
2026-08-13,SKU-041,RET-099,6,247.13
2026-08-14,SKU-041,RET-062,13,247.13
2026-08-15,SKU-041,RET-018,7,247.13
2026-08-16,SKU-041,RET-083,9,247.13
2026-08-17,SKU-041,RET-046,6,247.13
2026-08-18,SKU-041,RET-087,13,247.13
2026-08-19,SKU-041,RET-004,9,247.13
2026-08-20,SKU-041,RET-083,11,247.13
2026-08-21,SKU-041,RET-092,13,247.13
2026-08-22,SKU-041,RET-048,7,247.13
2026-08-23,SKU-041,RET-078,7,247.13
2026-08-24,SKU-041,RET-084,11,247.13
2026-08-25,SKU-041,RET-008,14,247.13
2025-08-26,SKU-042,RET-054,15,174.13
2025-08-27,SKU-042,RET-019,11,174.13
2025-08-28,SKU-042,RET-006,8,174.13
2025-08-29,SKU-042,RET-043,19,174.13
2025-08-30,SKU-042,RET-043,19,174.13
2025-08-31,SKU-042,RET-096,23,174.13
2025-09-01,SKU-042,RET-040,19,174.13
2025-09-02,SKU-042,RET-079,22,174.13
2025-09-03,SKU-042,RET-036,11,174.13
2025-09-04,SKU-042,RET-012,15,174.13
2025-09-05,SKU-042,RET-027,17,174.13
2025-09-06,SKU-042,RET-027,30,174.13
2025-09-07,SKU-042,RET-099,18,174.13
2025-09-08,SKU-042,RET-070,24,174.13
2025-09-09,SKU-042,RET-061,16,174.13
2025-09-10,SKU-042,RET-028,22,174.13
2025-09-11,SKU-042,RET-029,21,174.13
2025-09-12,SKU-042,RET-100,17,174.13
2025-09-13,SKU-042,RET-036,27,174.13
2025-09-14,SKU-042,RET-053,22,174.13
2025-09-15,SKU-042,RET-032,20,174.13
2025-09-16,SKU-042,RET-026,7,174.13
2025-09-17,SKU-042,RET-055,16,174.13
2025-09-18,SKU-042,RET-072,16,174.13
2025-09-19,SKU-042,RET-067,26,174.13
2025-09-20,SKU-042,RET-099,28,174.13
2025-09-21,SKU-042,RET-025,19,174.13
2025-09-22,SKU-042,RET-053,16,174.13
2025-09-23,SKU-042,RET-009,13,174.13
2025-09-24,SKU-042,RET-008,11,174.13
2025-09-25,SKU-042,RET-020,23,174.13
2025-09-26,SKU-042,RET-097,19,174.13
2025-09-27,SKU-042,RET-033,21,174.13
2025-09-28,SKU-042,RET-020,20,174.13
2025-09-29,SKU-042,RET-095,19,174.13
2025-09-30,SKU-042,RET-074,16,174.13
2025-10-01,SKU-042,RET-020,19,174.13
2025-10-02,SKU-042,RET-075,22,174.13
2025-10-03,SKU-042,RET-029,27,174.13
2025-10-04,SKU-042,RET-026,22,174.13
2025-10-05,SKU-042,RET-077,22,174.13
2025-10-06,SKU-042,RET-059,23,174.13
2025-10-07,SKU-042,RET-072,21,174.13
2025-10-08,SKU-042,RET-033,28,174.13
2025-10-09,SKU-042,RET-083,21,174.13
2025-10-10,SKU-042,RET-035,34,174.13
2025-10-11,SKU-042,RET-032,20,174.13
2025-10-12,SKU-042,RET-004,17,174.13
2025-10-13,SKU-042,RET-032,22,174.13
2025-10-14,SKU-042,RET-001,24,174.13
2025-10-15,SKU-042,RET-061,21,174.13
2025-10-16,SKU-042,RET-039,25,174.13
2025-10-17,SKU-042,RET-064,24,174.13
2025-10-18,SKU-042,RET-038,35,174.13
2025-10-19,SKU-042,RET-020,23,174.13
2025-10-20,SKU-042,RET-094,23,174.13
2025-10-21,SKU-042,RET-015,14,174.13
2025-10-22,SKU-042,RET-058,20,174.13
2025-10-23,SKU-042,RET-047,22,174.13
2025-10-24,SKU-042,RET-037,31,174.13
2025-10-25,SKU-042,RET-058,28,174.13
2025-10-26,SKU-042,RET-024,19,174.13
2025-10-27,SKU-042,RET-054,18,174.13
2025-10-28,SKU-042,RET-089,20,174.13
2025-10-29,SKU-042,RET-075,17,174.13
2025-10-30,SKU-042,RET-095,19,174.13
2025-10-31,SKU-042,RET-006,37,174.13
2025-11-01,SKU-042,RET-095,39,174.13
2025-11-02,SKU-042,RET-035,24,174.13
2025-11-03,SKU-042,RET-069,27,174.13
2025-11-04,SKU-042,RET-043,28,174.13
2025-11-05,SKU-042,RET-066,22,174.13
2025-11-06,SKU-042,RET-096,26,174.13
2025-11-07,SKU-042,RET-086,22,174.13
2025-11-08,SKU-042,RET-061,19,174.13
2025-11-09,SKU-042,RET-087,27,174.13
2025-11-10,SKU-042,RET-017,26,174.13
2025-11-11,SKU-042,RET-094,19,174.13
2025-11-12,SKU-042,RET-095,23,174.13
2025-11-13,SKU-042,RET-038,19,174.13
2025-11-14,SKU-042,RET-086,28,174.13
2025-11-15,SKU-042,RET-090,38,174.13
2025-11-16,SKU-042,RET-002,17,174.13
2025-11-17,SKU-042,RET-010,18,174.13
2025-11-18,SKU-042,RET-046,18,174.13
2025-11-19,SKU-042,RET-038,20,174.13
2025-11-20,SKU-042,RET-058,31,174.13
2025-11-21,SKU-042,RET-029,38,174.13
2025-11-22,SKU-042,RET-050,22,174.13
2025-11-23,SKU-042,RET-029,24,174.13
2025-11-24,SKU-042,RET-035,25,174.13
2025-11-25,SKU-042,RET-035,19,174.13
2025-11-26,SKU-042,RET-080,23,174.13
2025-11-27,SKU-042,RET-069,26,174.13
2025-11-28,SKU-042,RET-034,34,174.13
2025-11-29,SKU-042,RET-061,37,174.13
2025-11-30,SKU-042,RET-042,25,174.13
2025-12-01,SKU-042,RET-031,15,174.13
2025-12-02,SKU-042,RET-072,16,174.13
2025-12-03,SKU-042,RET-062,14,174.13
2025-12-04,SKU-042,RET-047,22,174.13
2025-12-05,SKU-042,RET-029,30,174.13
2025-12-06,SKU-042,RET-056,22,174.13
2025-12-07,SKU-042,RET-039,14,174.13
2025-12-08,SKU-042,RET-062,25,174.13
2025-12-09,SKU-042,RET-088,18,174.13
2025-12-10,SKU-042,RET-045,17,174.13
2025-12-11,SKU-042,RET-065,23,174.13
2025-12-12,SKU-042,RET-041,26,174.13
2025-12-13,SKU-042,RET-081,20,174.13
2025-12-14,SKU-042,RET-017,18,174.13
2025-12-15,SKU-042,RET-091,23,174.13
2025-12-16,SKU-042,RET-096,14,174.13
2025-12-17,SKU-042,RET-013,21,174.13
2025-12-18,SKU-042,RET-064,20,174.13
2025-12-19,SKU-042,RET-016,30,174.13
2025-12-20,SKU-042,RET-067,19,174.13
2025-12-21,SKU-042,RET-072,16,174.13
2025-12-22,SKU-042,RET-031,27,174.13
2025-12-23,SKU-042,RET-018,26,174.13
2025-12-24,SKU-042,RET-013,26,174.13
2025-12-25,SKU-042,RET-017,13,174.13
2025-12-26,SKU-042,RET-003,24,174.13
2025-12-27,SKU-042,RET-037,24,174.13
2025-12-28,SKU-042,RET-006,15,174.13
2025-12-29,SKU-042,RET-087,20,174.13
2025-12-30,SKU-042,RET-006,22,174.13
2025-12-31,SKU-042,RET-088,30,174.13
2026-01-01,SKU-042,RET-068,19,174.13
2026-01-02,SKU-042,RET-064,30,174.13
2026-01-03,SKU-042,RET-039,26,174.13
2026-01-04,SKU-042,RET-031,16,174.13
2026-01-05,SKU-042,RET-019,26,174.13
2026-01-06,SKU-042,RET-009,18,174.13
2026-01-07,SKU-042,RET-005,21,174.13
2026-01-08,SKU-042,RET-095,20,174.13
2026-01-09,SKU-042,RET-005,25,174.13
2026-01-10,SKU-042,RET-067,20,174.13
2026-01-11,SKU-042,RET-098,17,174.13
2026-01-12,SKU-042,RET-060,24,174.13
2026-01-13,SKU-042,RET-070,21,174.13
2026-01-14,SKU-042,RET-008,24,174.13
2026-01-15,SKU-042,RET-045,16,174.13
2026-01-16,SKU-042,RET-062,29,174.13
2026-01-17,SKU-042,RET-031,27,174.13
2026-01-18,SKU-042,RET-049,20,174.13
2026-01-19,SKU-042,RET-087,19,174.13
2026-01-20,SKU-042,RET-027,20,174.13
2026-01-21,SKU-042,RET-088,26,174.13
2026-01-22,SKU-042,RET-073,19,174.13
2026-01-23,SKU-042,RET-076,36,174.13
2026-01-24,SKU-042,RET-037,21,174.13
2026-01-25,SKU-042,RET-062,25,174.13
2026-01-26,SKU-042,RET-063,21,174.13
2026-01-27,SKU-042,RET-052,18,174.13
2026-01-28,SKU-042,RET-071,22,174.13
2026-01-29,SKU-042,RET-097,25,174.13
2026-01-30,SKU-042,RET-023,29,174.13
2026-01-31,SKU-042,RET-060,37,174.13
2026-02-01,SKU-042,RET-043,20,174.13
2026-02-02,SKU-042,RET-013,28,174.13
2026-02-03,SKU-042,RET-004,26,174.13
2026-02-04,SKU-042,RET-052,16,174.13
2026-02-05,SKU-042,RET-084,20,174.13
2026-02-06,SKU-042,RET-022,29,174.13
2026-02-07,SKU-042,RET-055,33,174.13
2026-02-08,SKU-042,RET-076,20,174.13
2026-02-09,SKU-042,RET-096,23,174.13
2026-02-10,SKU-042,RET-068,25,174.13
2026-02-11,SKU-042,RET-044,22,174.13
2026-02-12,SKU-042,RET-051,20,174.13
2026-02-13,SKU-042,RET-060,23,174.13
2026-02-14,SKU-042,RET-064,32,174.13
2026-02-15,SKU-042,RET-036,31,174.13
2026-02-16,SKU-042,RET-035,21,174.13
2026-02-17,SKU-042,RET-033,20,174.13
2026-02-18,SKU-042,RET-030,31,174.13
2026-02-19,SKU-042,RET-027,17,174.13
2026-02-20,SKU-042,RET-055,37,174.13
2026-02-21,SKU-042,RET-088,25,174.13
2026-02-22,SKU-042,RET-013,16,174.13
2026-02-23,SKU-042,RET-064,26,174.13
2026-02-24,SKU-042,RET-050,16,174.13
2026-02-25,SKU-042,RET-070,29,174.13
2026-02-26,SKU-042,RET-008,25,174.13
2026-02-27,SKU-042,RET-002,27,174.13
2026-02-28,SKU-042,RET-007,25,174.13
2026-03-01,SKU-042,RET-055,29,174.13
2026-03-02,SKU-042,RET-096,19,174.13
2026-03-03,SKU-042,RET-071,21,174.13
2026-03-04,SKU-042,RET-059,34,174.13
2026-03-05,SKU-042,RET-011,28,174.13
2026-03-06,SKU-042,RET-035,39,174.13
2026-03-07,SKU-042,RET-010,34,174.13
2026-03-08,SKU-042,RET-088,24,174.13
2026-03-09,SKU-042,RET-053,20,174.13
2026-03-10,SKU-042,RET-036,20,174.13
2026-03-11,SKU-042,RET-023,25,174.13
2026-03-12,SKU-042,RET-095,29,174.13
2026-03-13,SKU-042,RET-028,24,174.13
2026-03-14,SKU-042,RET-051,29,174.13
2026-03-15,SKU-042,RET-005,24,174.13
2026-03-16,SKU-042,RET-001,21,174.13
2026-03-17,SKU-042,RET-090,27,174.13
2026-03-18,SKU-042,RET-020,24,174.13
2026-03-19,SKU-042,RET-059,19,174.13
2026-03-20,SKU-042,RET-040,40,174.13
2026-03-21,SKU-042,RET-050,29,174.13
2026-03-22,SKU-042,RET-078,27,174.13
2026-03-23,SKU-042,RET-005,21,174.13
2026-03-24,SKU-042,RET-087,28,174.13
2026-03-25,SKU-042,RET-038,24,174.13
2026-03-26,SKU-042,RET-041,28,174.13
2026-03-27,SKU-042,RET-077,25,174.13
2026-03-28,SKU-042,RET-030,27,174.13
2026-03-29,SKU-042,RET-064,20,174.13
2026-03-30,SKU-042,RET-031,23,174.13
2026-03-31,SKU-042,RET-052,29,174.13
2026-04-01,SKU-042,RET-099,20,174.13
2026-04-02,SKU-042,RET-051,21,174.13
2026-04-03,SKU-042,RET-009,31,174.13
2026-04-04,SKU-042,RET-003,17,174.13
2026-04-05,SKU-042,RET-010,25,174.13
2026-04-06,SKU-042,RET-014,19,174.13
2026-04-07,SKU-042,RET-028,17,174.13
2026-04-08,SKU-042,RET-074,19,174.13
2026-04-09,SKU-042,RET-002,22,174.13
2026-04-10,SKU-042,RET-038,33,174.13
2026-04-11,SKU-042,RET-047,25,174.13
2026-04-12,SKU-042,RET-027,13,174.13
2026-04-13,SKU-042,RET-052,22,174.13
2026-04-14,SKU-042,RET-010,18,174.13
2026-04-15,SKU-042,RET-015,17,174.13
2026-04-16,SKU-042,RET-021,28,174.13
2026-04-17,SKU-042,RET-095,27,174.13
2026-04-18,SKU-042,RET-017,16,174.13
2026-04-19,SKU-042,RET-031,21,174.13
2026-04-20,SKU-042,RET-011,22,174.13
2026-04-21,SKU-042,RET-087,17,174.13
2026-04-22,SKU-042,RET-057,26,174.13
2026-04-23,SKU-042,RET-027,22,174.13
2026-04-24,SKU-042,RET-011,30,174.13
2026-04-25,SKU-042,RET-011,31,174.13
2026-04-26,SKU-042,RET-051,19,174.13
2026-04-27,SKU-042,RET-003,27,174.13
2026-04-28,SKU-042,RET-055,24,174.13
2026-04-29,SKU-042,RET-004,33,174.13
2026-04-30,SKU-042,RET-099,23,174.13
2026-05-01,SKU-042,RET-032,30,174.13
2026-05-02,SKU-042,RET-011,23,174.13
2026-05-03,SKU-042,RET-062,25,174.13
2026-05-04,SKU-042,RET-063,24,174.13
2026-05-05,SKU-042,RET-023,20,174.13
2026-05-06,SKU-042,RET-040,25,174.13
2026-05-07,SKU-042,RET-042,29,174.13
2026-05-08,SKU-042,RET-050,39,174.13
2026-05-09,SKU-042,RET-088,29,174.13
2026-05-10,SKU-042,RET-016,28,174.13
2026-05-11,SKU-042,RET-008,31,174.13
2026-05-12,SKU-042,RET-026,32,174.13
2026-05-13,SKU-042,RET-009,25,174.13
2026-05-14,SKU-042,RET-037,29,174.13
2026-05-15,SKU-042,RET-011,25,174.13
2026-05-16,SKU-042,RET-082,35,174.13
2026-05-17,SKU-042,RET-090,17,174.13
2026-05-18,SKU-042,RET-003,22,174.13
2026-05-19,SKU-042,RET-086,25,174.13
2026-05-20,SKU-042,RET-042,29,174.13
2026-05-21,SKU-042,RET-055,25,174.13
2026-05-22,SKU-042,RET-046,26,174.13
2026-05-23,SKU-042,RET-078,27,174.13
2026-05-24,SKU-042,RET-050,22,174.13
2026-05-25,SKU-042,RET-039,20,174.13
2026-05-26,SKU-042,RET-073,21,174.13
2026-05-27,SKU-042,RET-025,24,174.13
2026-05-28,SKU-042,RET-028,19,174.13
2026-05-29,SKU-042,RET-032,29,174.13
2026-05-30,SKU-042,RET-053,25,174.13
2026-05-31,SKU-042,RET-046,19,174.13
2026-06-01,SKU-042,RET-064,24,174.13
2026-06-02,SKU-042,RET-067,23,174.13
2026-06-03,SKU-042,RET-050,24,174.13
2026-06-04,SKU-042,RET-013,21,174.13
2026-06-05,SKU-042,RET-082,26,174.13
2026-06-06,SKU-042,RET-056,44,174.13
2026-06-07,SKU-042,RET-022,31,174.13
2026-06-08,SKU-042,RET-048,21,174.13
2026-06-09,SKU-042,RET-052,27,174.13
2026-06-10,SKU-042,RET-054,28,174.13
2026-06-11,SKU-042,RET-050,15,174.13
2026-06-12,SKU-042,RET-053,34,174.13
2026-06-13,SKU-042,RET-061,24,174.13
2026-06-14,SKU-042,RET-002,18,174.13
2026-06-15,SKU-042,RET-057,25,174.13
2026-06-16,SKU-042,RET-086,27,174.13
2026-06-17,SKU-042,RET-074,20,174.13
2026-06-18,SKU-042,RET-021,18,174.13
2026-06-19,SKU-042,RET-062,26,174.13
2026-06-20,SKU-042,RET-054,26,174.13
2026-06-21,SKU-042,RET-049,20,174.13
2026-06-22,SKU-042,RET-040,23,174.13
2026-06-23,SKU-042,RET-059,22,174.13
2026-06-24,SKU-042,RET-059,22,174.13
2026-06-25,SKU-042,RET-030,12,174.13
2026-06-26,SKU-042,RET-039,20,174.13
2026-06-27,SKU-042,RET-018,25,174.13
2026-06-28,SKU-042,RET-080,28,174.13
2026-06-29,SKU-042,RET-081,22,174.13
2026-06-30,SKU-042,RET-049,27,174.13
2026-07-01,SKU-042,RET-078,19,174.13
2026-07-02,SKU-042,RET-008,23,174.13
2026-07-03,SKU-042,RET-087,30,174.13
2026-07-04,SKU-042,RET-100,31,174.13
2026-07-05,SKU-042,RET-076,21,174.13
2026-07-06,SKU-042,RET-091,20,174.13
2026-07-07,SKU-042,RET-070,15,174.13
2026-07-08,SKU-042,RET-052,24,174.13
2026-07-09,SKU-042,RET-019,24,174.13
2026-07-10,SKU-042,RET-005,21,174.13
2026-07-11,SKU-042,RET-042,24,174.13
2026-07-12,SKU-042,RET-092,22,174.13
2026-07-13,SKU-042,RET-068,32,174.13
2026-07-14,SKU-042,RET-091,18,174.13
2026-07-15,SKU-042,RET-036,15,174.13
2026-07-16,SKU-042,RET-025,9,174.13
2026-07-17,SKU-042,RET-098,24,174.13
2026-07-18,SKU-042,RET-004,30,174.13
2026-07-19,SKU-042,RET-026,17,174.13
2026-07-20,SKU-042,RET-079,20,174.13
2026-07-21,SKU-042,RET-057,22,174.13
2026-07-22,SKU-042,RET-005,16,174.13
2026-07-23,SKU-042,RET-059,20,174.13
2026-07-24,SKU-042,RET-090,20,174.13
2026-07-25,SKU-042,RET-011,25,174.13
2026-07-26,SKU-042,RET-016,21,174.13
2026-07-27,SKU-042,RET-060,12,174.13
2026-07-28,SKU-042,RET-086,20,174.13
2026-07-29,SKU-042,RET-081,14,174.13
2026-07-30,SKU-042,RET-095,19,174.13
2026-07-31,SKU-042,RET-025,23,174.13
2026-08-01,SKU-042,RET-039,18,174.13
2026-08-02,SKU-042,RET-051,17,174.13
2026-08-03,SKU-042,RET-085,26,174.13
2026-08-04,SKU-042,RET-018,18,174.13
2026-08-05,SKU-042,RET-052,14,174.13
2026-08-06,SKU-042,RET-027,18,174.13
2026-08-07,SKU-042,RET-073,13,174.13
2026-08-08,SKU-042,RET-052,31,174.13
2026-08-09,SKU-042,RET-061,20,174.13
2026-08-10,SKU-042,RET-099,26,174.13
2026-08-11,SKU-042,RET-068,11,174.13
2026-08-12,SKU-042,RET-028,24,174.13
2026-08-13,SKU-042,RET-091,27,174.13
2026-08-14,SKU-042,RET-042,19,174.13
2026-08-15,SKU-042,RET-061,27,174.13
2026-08-16,SKU-042,RET-079,23,174.13
2026-08-17,SKU-042,RET-067,15,174.13
2026-08-18,SKU-042,RET-045,12,174.13
2026-08-19,SKU-042,RET-003,16,174.13
2026-08-20,SKU-042,RET-015,13,174.13
2026-08-21,SKU-042,RET-038,28,174.13
2026-08-22,SKU-042,RET-056,20,174.13
2026-08-23,SKU-042,RET-085,18,174.13
2026-08-24,SKU-042,RET-041,22,174.13
2026-08-25,SKU-042,RET-051,13,174.13
2025-08-26,SKU-043,RET-047,18,40.9
2025-08-27,SKU-043,RET-061,17,40.9
2025-08-28,SKU-043,RET-041,12,40.9
2025-08-29,SKU-043,RET-022,23,40.9
2025-08-30,SKU-043,RET-065,23,40.9
2025-08-31,SKU-043,RET-068,19,40.9
2025-09-01,SKU-043,RET-029,14,40.9
2025-09-02,SKU-043,RET-024,9,40.9
2025-09-03,SKU-043,RET-071,13,40.9
2025-09-04,SKU-043,RET-015,14,40.9
2025-09-05,SKU-043,RET-001,25,40.9
2025-09-06,SKU-043,RET-009,19,40.9
2025-09-07,SKU-043,RET-001,18,40.9
2025-09-08,SKU-043,RET-072,11,40.9
2025-09-09,SKU-043,RET-039,20,40.9
2025-09-10,SKU-043,RET-091,19,40.9
2025-09-11,SKU-043,RET-085,13,40.9
2025-09-12,SKU-043,RET-063,22,40.9
2025-09-13,SKU-043,RET-030,14,40.9
2025-09-14,SKU-043,RET-092,17,40.9
2025-09-15,SKU-043,RET-067,15,40.9
2025-09-16,SKU-043,RET-009,10,40.9
2025-09-17,SKU-043,RET-059,22,40.9
2025-09-18,SKU-043,RET-043,15,40.9
2025-09-19,SKU-043,RET-016,19,40.9
2025-09-20,SKU-043,RET-052,19,40.9
2025-09-21,SKU-043,RET-096,20,40.9
2025-09-22,SKU-043,RET-061,20,40.9
2025-09-23,SKU-043,RET-086,11,40.9
2025-09-24,SKU-043,RET-078,18,40.9
2025-09-25,SKU-043,RET-098,16,40.9
2025-09-26,SKU-043,RET-002,17,40.9
2025-09-27,SKU-043,RET-053,16,40.9
2025-09-28,SKU-043,RET-087,12,40.9
2025-09-29,SKU-043,RET-094,13,40.9
2025-09-30,SKU-043,RET-060,18,40.9
2025-10-01,SKU-043,RET-045,21,40.9
2025-10-02,SKU-043,RET-053,22,40.9
2025-10-03,SKU-043,RET-085,35,40.9
2025-10-04,SKU-043,RET-063,38,40.9
2025-10-05,SKU-043,RET-085,29,40.9
2025-10-06,SKU-043,RET-002,27,40.9
2025-10-07,SKU-043,RET-098,23,40.9
2025-10-08,SKU-043,RET-089,19,40.9
2025-10-09,SKU-043,RET-017,16,40.9
2025-10-10,SKU-043,RET-062,33,40.9
2025-10-11,SKU-043,RET-086,28,40.9
2025-10-12,SKU-043,RET-009,26,40.9
2025-10-13,SKU-043,RET-028,26,40.9
2025-10-14,SKU-043,RET-081,14,40.9
2025-10-15,SKU-043,RET-089,17,40.9
2025-10-16,SKU-043,RET-018,15,40.9
2025-10-17,SKU-043,RET-057,26,40.9
2025-10-18,SKU-043,RET-010,19,40.9
2025-10-19,SKU-043,RET-013,24,40.9
2025-10-20,SKU-043,RET-065,21,40.9
2025-10-21,SKU-043,RET-091,25,40.9
2025-10-22,SKU-043,RET-017,21,40.9
2025-10-23,SKU-043,RET-040,28,40.9
2025-10-24,SKU-043,RET-016,29,40.9
2025-10-25,SKU-043,RET-013,25,40.9
2025-10-26,SKU-043,RET-083,32,40.9
2025-10-27,SKU-043,RET-036,19,40.9
2025-10-28,SKU-043,RET-009,27,40.9
2025-10-29,SKU-043,RET-094,19,40.9
2025-10-30,SKU-043,RET-056,24,40.9
2025-10-31,SKU-043,RET-085,29,40.9
2025-11-01,SKU-043,RET-084,29,40.9
2025-11-02,SKU-043,RET-005,25,40.9
2025-11-03,SKU-043,RET-066,19,40.9
2025-11-04,SKU-043,RET-098,30,40.9
2025-11-05,SKU-043,RET-032,25,40.9
2025-11-06,SKU-043,RET-098,33,40.9
2025-11-07,SKU-043,RET-060,28,40.9
2025-11-08,SKU-043,RET-038,28,40.9
2025-11-09,SKU-043,RET-069,16,40.9
2025-11-10,SKU-043,RET-092,19,40.9
2025-11-11,SKU-043,RET-075,27,40.9
2025-11-12,SKU-043,RET-053,27,40.9
2025-11-13,SKU-043,RET-079,16,40.9
2025-11-14,SKU-043,RET-009,32,40.9
2025-11-15,SKU-043,RET-096,28,40.9
2025-11-16,SKU-043,RET-053,24,40.9
2025-11-17,SKU-043,RET-100,22,40.9
2025-11-18,SKU-043,RET-053,22,40.9
2025-11-19,SKU-043,RET-025,27,40.9
2025-11-20,SKU-043,RET-081,24,40.9
2025-11-21,SKU-043,RET-097,25,40.9
2025-11-22,SKU-043,RET-040,21,40.9
2025-11-23,SKU-043,RET-036,19,40.9
2025-11-24,SKU-043,RET-037,42,40.9
2025-11-25,SKU-043,RET-068,18,40.9
2025-11-26,SKU-043,RET-074,25,40.9
2025-11-27,SKU-043,RET-055,25,40.9
2025-11-28,SKU-043,RET-066,31,40.9
2025-11-29,SKU-043,RET-006,28,40.9
2025-11-30,SKU-043,RET-083,26,40.9
2025-12-01,SKU-043,RET-009,19,40.9
2025-12-02,SKU-043,RET-005,17,40.9
2025-12-03,SKU-043,RET-007,23,40.9
2025-12-04,SKU-043,RET-091,21,40.9
2025-12-05,SKU-043,RET-026,35,40.9
2025-12-06,SKU-043,RET-024,30,40.9
2025-12-07,SKU-043,RET-089,22,40.9
2025-12-08,SKU-043,RET-093,18,40.9
2025-12-09,SKU-043,RET-039,23,40.9
2025-12-10,SKU-043,RET-069,16,40.9
2025-12-11,SKU-043,RET-021,18,40.9
2025-12-12,SKU-043,RET-001,29,40.9
2025-12-13,SKU-043,RET-023,23,40.9
2025-12-14,SKU-043,RET-004,17,40.9
2025-12-15,SKU-043,RET-007,14,40.9
2025-12-16,SKU-043,RET-055,19,40.9
2025-12-17,SKU-043,RET-049,20,40.9
2025-12-18,SKU-043,RET-013,20,40.9
2025-12-19,SKU-043,RET-037,14,40.9
2025-12-20,SKU-043,RET-074,19,40.9
2025-12-21,SKU-043,RET-027,31,40.9
2025-12-22,SKU-043,RET-069,25,40.9
2025-12-23,SKU-043,RET-033,19,40.9
2025-12-24,SKU-043,RET-021,17,40.9
2025-12-25,SKU-043,RET-094,21,40.9
2025-12-26,SKU-043,RET-046,26,40.9
2025-12-27,SKU-043,RET-036,24,40.9
2025-12-28,SKU-043,RET-089,17,40.9
2025-12-29,SKU-043,RET-034,25,40.9
2025-12-30,SKU-043,RET-087,14,40.9
2025-12-31,SKU-043,RET-003,16,40.9
2026-01-01,SKU-043,RET-075,19,40.9
2026-01-02,SKU-043,RET-074,23,40.9
2026-01-03,SKU-043,RET-069,23,40.9
2026-01-04,SKU-043,RET-014,19,40.9
2026-01-05,SKU-043,RET-040,20,40.9
2026-01-06,SKU-043,RET-067,24,40.9
2026-01-07,SKU-043,RET-090,21,40.9
2026-01-08,SKU-043,RET-046,20,40.9
2026-01-09,SKU-043,RET-048,35,40.9
2026-01-10,SKU-043,RET-024,35,40.9
2026-01-11,SKU-043,RET-029,18,40.9
2026-01-12,SKU-043,RET-100,12,40.9
2026-01-13,SKU-043,RET-017,24,40.9
2026-01-14,SKU-043,RET-080,29,40.9
2026-01-15,SKU-043,RET-099,19,40.9
2026-01-16,SKU-043,RET-065,24,40.9
2026-01-17,SKU-043,RET-063,29,40.9
2026-01-18,SKU-043,RET-047,21,40.9
2026-01-19,SKU-043,RET-043,16,40.9
2026-01-20,SKU-043,RET-022,17,40.9
2026-01-21,SKU-043,RET-050,23,40.9
2026-01-22,SKU-043,RET-098,14,40.9
2026-01-23,SKU-043,RET-067,12,40.9
2026-01-24,SKU-043,RET-027,31,40.9
2026-01-25,SKU-043,RET-050,15,40.9
2026-01-26,SKU-043,RET-006,17,40.9
2026-01-27,SKU-043,RET-048,24,40.9
2026-01-28,SKU-043,RET-081,28,40.9
2026-01-29,SKU-043,RET-091,19,40.9
2026-01-30,SKU-043,RET-059,24,40.9
2026-01-31,SKU-043,RET-014,28,40.9
2026-02-01,SKU-043,RET-016,18,40.9
2026-02-02,SKU-043,RET-045,25,40.9
2026-02-03,SKU-043,RET-091,18,40.9
2026-02-04,SKU-043,RET-008,32,40.9
2026-02-05,SKU-043,RET-007,22,40.9
2026-02-06,SKU-043,RET-021,27,40.9
2026-02-07,SKU-043,RET-071,37,40.9
2026-02-08,SKU-043,RET-070,19,40.9
2026-02-09,SKU-043,RET-058,21,40.9
2026-02-10,SKU-043,RET-024,20,40.9
2026-02-11,SKU-043,RET-076,33,40.9
2026-02-12,SKU-043,RET-045,23,40.9
2026-02-13,SKU-043,RET-088,28,40.9
2026-02-14,SKU-043,RET-025,26,40.9
2026-02-15,SKU-043,RET-078,23,40.9
2026-02-16,SKU-043,RET-086,25,40.9
2026-02-17,SKU-043,RET-045,19,40.9
2026-02-18,SKU-043,RET-004,19,40.9
2026-02-19,SKU-043,RET-068,30,40.9
2026-02-20,SKU-043,RET-045,21,40.9
2026-02-21,SKU-043,RET-051,27,40.9
2026-02-22,SKU-043,RET-083,15,40.9
2026-02-23,SKU-043,RET-058,18,40.9
2026-02-24,SKU-043,RET-047,21,40.9
2026-02-25,SKU-043,RET-004,14,40.9
2026-02-26,SKU-043,RET-079,29,40.9
2026-02-27,SKU-043,RET-045,23,40.9
2026-02-28,SKU-043,RET-066,25,40.9
2026-03-01,SKU-043,RET-037,25,40.9
2026-03-02,SKU-043,RET-049,26,40.9
2026-03-03,SKU-043,RET-081,21,40.9
2026-03-04,SKU-043,RET-066,19,40.9
2026-03-05,SKU-043,RET-032,21,40.9
2026-03-06,SKU-043,RET-089,29,40.9
2026-03-07,SKU-043,RET-054,20,40.9
2026-03-08,SKU-043,RET-041,23,40.9
2026-03-09,SKU-043,RET-071,19,40.9
2026-03-10,SKU-043,RET-069,25,40.9
2026-03-11,SKU-043,RET-039,20,40.9
2026-03-12,SKU-043,RET-015,26,40.9
2026-03-13,SKU-043,RET-061,29,40.9
2026-03-14,SKU-043,RET-019,40,40.9
2026-03-15,SKU-043,RET-077,29,40.9
2026-03-16,SKU-043,RET-026,24,40.9
2026-03-17,SKU-043,RET-034,23,40.9
2026-03-18,SKU-043,RET-046,22,40.9
2026-03-19,SKU-043,RET-056,27,40.9
2026-03-20,SKU-043,RET-032,31,40.9
2026-03-21,SKU-043,RET-041,30,40.9
2026-03-22,SKU-043,RET-008,22,40.9
2026-03-23,SKU-043,RET-038,25,40.9
2026-03-24,SKU-043,RET-094,28,40.9
2026-03-25,SKU-043,RET-038,35,40.9
2026-03-26,SKU-043,RET-003,19,40.9
2026-03-27,SKU-043,RET-091,35,40.9
2026-03-28,SKU-043,RET-034,30,40.9
2026-03-29,SKU-043,RET-006,26,40.9
2026-03-30,SKU-043,RET-087,11,40.9
2026-03-31,SKU-043,RET-017,26,40.9
2026-04-01,SKU-043,RET-053,22,40.9
2026-04-02,SKU-043,RET-079,24,40.9
2026-04-03,SKU-043,RET-013,31,40.9
2026-04-04,SKU-043,RET-074,22,40.9
2026-04-05,SKU-043,RET-007,26,40.9
2026-04-06,SKU-043,RET-011,23,40.9
2026-04-07,SKU-043,RET-003,20,40.9
2026-04-08,SKU-043,RET-079,35,40.9
2026-04-09,SKU-043,RET-027,26,40.9
2026-04-10,SKU-043,RET-037,29,40.9
2026-04-11,SKU-043,RET-011,33,40.9
2026-04-12,SKU-043,RET-077,21,40.9
2026-04-13,SKU-043,RET-065,24,40.9
2026-04-14,SKU-043,RET-020,19,40.9
2026-04-15,SKU-043,RET-066,32,40.9
2026-04-16,SKU-043,RET-048,17,40.9
2026-04-17,SKU-043,RET-067,34,40.9
2026-04-18,SKU-043,RET-009,25,40.9
2026-04-19,SKU-043,RET-036,24,40.9
2026-04-20,SKU-043,RET-074,22,40.9
2026-04-21,SKU-043,RET-006,25,40.9
2026-04-22,SKU-043,RET-096,16,40.9
2026-04-23,SKU-043,RET-041,28,40.9
2026-04-24,SKU-043,RET-027,35,40.9
2026-04-25,SKU-043,RET-052,32,40.9
2026-04-26,SKU-043,RET-062,15,40.9
2026-04-27,SKU-043,RET-039,34,40.9
2026-04-28,SKU-043,RET-030,20,40.9
2026-04-29,SKU-043,RET-076,27,40.9
2026-04-30,SKU-043,RET-074,21,40.9
2026-05-01,SKU-043,RET-068,26,40.9
2026-05-02,SKU-043,RET-001,28,40.9
2026-05-03,SKU-043,RET-089,26,40.9
2026-05-04,SKU-043,RET-076,26,40.9
2026-05-05,SKU-043,RET-060,22,40.9
2026-05-06,SKU-043,RET-024,21,40.9
2026-05-07,SKU-043,RET-088,26,40.9
2026-05-08,SKU-043,RET-065,35,40.9
2026-05-09,SKU-043,RET-075,31,40.9
2026-05-10,SKU-043,RET-076,19,40.9
2026-05-11,SKU-043,RET-019,29,40.9
2026-05-12,SKU-043,RET-061,32,40.9
2026-05-13,SKU-043,RET-008,27,40.9
2026-05-14,SKU-043,RET-027,29,40.9
2026-05-15,SKU-043,RET-015,20,40.9
2026-05-16,SKU-043,RET-060,33,40.9
2026-05-17,SKU-043,RET-018,19,40.9
2026-05-18,SKU-043,RET-076,23,40.9
2026-05-19,SKU-043,RET-100,24,40.9
2026-05-20,SKU-043,RET-036,18,40.9
2026-05-21,SKU-043,RET-062,20,40.9
2026-05-22,SKU-043,RET-038,34,40.9
2026-05-23,SKU-043,RET-046,29,40.9
2026-05-24,SKU-043,RET-018,15,40.9
2026-05-25,SKU-043,RET-057,22,40.9
2026-05-26,SKU-043,RET-006,31,40.9
2026-05-27,SKU-043,RET-016,16,40.9
2026-05-28,SKU-043,RET-001,27,40.9
2026-05-29,SKU-043,RET-026,30,40.9
2026-05-30,SKU-043,RET-072,38,40.9
2026-05-31,SKU-043,RET-069,19,40.9
2026-06-01,SKU-043,RET-037,30,40.9
2026-06-02,SKU-043,RET-066,25,40.9
2026-06-03,SKU-043,RET-017,21,40.9
2026-06-04,SKU-043,RET-098,26,40.9
2026-06-05,SKU-043,RET-086,27,40.9
2026-06-06,SKU-043,RET-009,27,40.9
2026-06-07,SKU-043,RET-072,22,40.9
2026-06-08,SKU-043,RET-037,33,40.9
2026-06-09,SKU-043,RET-078,19,40.9
2026-06-10,SKU-043,RET-060,29,40.9
2026-06-11,SKU-043,RET-014,19,40.9
2026-06-12,SKU-043,RET-001,26,40.9
2026-06-13,SKU-043,RET-083,37,40.9
2026-06-14,SKU-043,RET-091,23,40.9
2026-06-15,SKU-043,RET-087,16,40.9
2026-06-16,SKU-043,RET-002,19,40.9
2026-06-17,SKU-043,RET-098,22,40.9
2026-06-18,SKU-043,RET-097,24,40.9
2026-06-19,SKU-043,RET-073,28,40.9
2026-06-20,SKU-043,RET-076,32,40.9
2026-06-21,SKU-043,RET-097,27,40.9
2026-06-22,SKU-043,RET-097,30,40.9
2026-06-23,SKU-043,RET-054,23,40.9
2026-06-24,SKU-043,RET-061,21,40.9
2026-06-25,SKU-043,RET-063,20,40.9
2026-06-26,SKU-043,RET-051,28,40.9
2026-06-27,SKU-043,RET-053,29,40.9
2026-06-28,SKU-043,RET-071,15,40.9
2026-06-29,SKU-043,RET-053,15,40.9
2026-06-30,SKU-043,RET-077,20,40.9
2026-07-01,SKU-043,RET-057,24,40.9
2026-07-02,SKU-043,RET-092,24,40.9
2026-07-03,SKU-043,RET-045,26,40.9
2026-07-04,SKU-043,RET-046,23,40.9
2026-07-05,SKU-043,RET-020,18,40.9
2026-07-06,SKU-043,RET-055,23,40.9
2026-07-07,SKU-043,RET-038,14,40.9
2026-07-08,SKU-043,RET-048,21,40.9
2026-07-09,SKU-043,RET-089,17,40.9
2026-07-10,SKU-043,RET-050,24,40.9
2026-07-11,SKU-043,RET-012,26,40.9
2026-07-12,SKU-043,RET-084,29,40.9
2026-07-13,SKU-043,RET-059,26,40.9
2026-07-14,SKU-043,RET-098,28,40.9
2026-07-15,SKU-043,RET-036,18,40.9
2026-07-16,SKU-043,RET-037,22,40.9
2026-07-17,SKU-043,RET-019,24,40.9
2026-07-18,SKU-043,RET-080,25,40.9
2026-07-19,SKU-043,RET-035,19,40.9
2026-07-20,SKU-043,RET-037,20,40.9
2026-07-21,SKU-043,RET-011,23,40.9
2026-07-22,SKU-043,RET-034,21,40.9
2026-07-23,SKU-043,RET-096,18,40.9
2026-07-24,SKU-043,RET-091,24,40.9
2026-07-25,SKU-043,RET-052,26,40.9
2026-07-26,SKU-043,RET-027,17,40.9
2026-07-27,SKU-043,RET-079,18,40.9
2026-07-28,SKU-043,RET-067,23,40.9
2026-07-29,SKU-043,RET-039,20,40.9
2026-07-30,SKU-043,RET-088,23,40.9
2026-07-31,SKU-043,RET-009,16,40.9
2026-08-01,SKU-043,RET-089,15,40.9
2026-08-02,SKU-043,RET-017,21,40.9
2026-08-03,SKU-043,RET-023,23,40.9
2026-08-04,SKU-043,RET-099,18,40.9
2026-08-05,SKU-043,RET-019,18,40.9
2026-08-06,SKU-043,RET-048,16,40.9
2026-08-07,SKU-043,RET-063,19,40.9
2026-08-08,SKU-043,RET-011,27,40.9
2026-08-09,SKU-043,RET-086,22,40.9
2026-08-10,SKU-043,RET-076,16,40.9
2026-08-11,SKU-043,RET-017,27,40.9
2026-08-12,SKU-043,RET-080,26,40.9
2026-08-13,SKU-043,RET-060,17,40.9
2026-08-14,SKU-043,RET-041,19,40.9
2026-08-15,SKU-043,RET-074,22,40.9
2026-08-16,SKU-043,RET-043,20,40.9
2026-08-17,SKU-043,RET-083,18,40.9
2026-08-18,SKU-043,RET-037,16,40.9
2026-08-19,SKU-043,RET-023,18,40.9
2026-08-20,SKU-043,RET-051,15,40.9
2026-08-21,SKU-043,RET-087,27,40.9
2026-08-22,SKU-043,RET-003,18,40.9
2026-08-23,SKU-043,RET-093,21,40.9
2026-08-24,SKU-043,RET-006,20,40.9
2026-08-25,SKU-043,RET-015,15,40.9
2025-08-26,SKU-044,RET-017,6,109.89
2025-08-27,SKU-044,RET-026,4,109.89
2025-08-28,SKU-044,RET-069,6,109.89
2025-08-29,SKU-044,RET-002,10,109.89
2025-08-30,SKU-044,RET-012,6,109.89
2025-08-31,SKU-044,RET-018,6,109.89
2025-09-01,SKU-044,RET-094,17,109.89
2025-09-02,SKU-044,RET-043,6,109.89
2025-09-03,SKU-044,RET-012,6,109.89
2025-09-04,SKU-044,RET-039,12,109.89
2025-09-05,SKU-044,RET-048,10,109.89
2025-09-06,SKU-044,RET-096,12,109.89
2025-09-07,SKU-044,RET-043,13,109.89
2025-09-08,SKU-044,RET-069,10,109.89
2025-09-09,SKU-044,RET-047,9,109.89
2025-09-10,SKU-044,RET-039,11,109.89
2025-09-11,SKU-044,RET-005,11,109.89
2025-09-12,SKU-044,RET-002,9,109.89
2025-09-13,SKU-044,RET-099,8,109.89
2025-09-14,SKU-044,RET-073,3,109.89
2025-09-15,SKU-044,RET-042,10,109.89
2025-09-16,SKU-044,RET-067,6,109.89
2025-09-17,SKU-044,RET-098,7,109.89
2025-09-18,SKU-044,RET-029,4,109.89
2025-09-19,SKU-044,RET-078,10,109.89
2025-09-20,SKU-044,RET-033,15,109.89
2025-09-21,SKU-044,RET-094,3,109.89
2025-09-22,SKU-044,RET-033,5,109.89
2025-09-23,SKU-044,RET-032,13,109.89
2025-09-24,SKU-044,RET-057,18,109.89
2025-09-25,SKU-044,RET-071,12,109.89
2025-09-26,SKU-044,RET-023,12,109.89
2025-09-27,SKU-044,RET-053,7,109.89
2025-09-28,SKU-044,RET-013,7,109.89
2025-09-29,SKU-044,RET-040,12,109.89
2025-09-30,SKU-044,RET-041,7,109.89
2025-10-01,SKU-044,RET-080,14,109.89
2025-10-02,SKU-044,RET-018,11,109.89
2025-10-03,SKU-044,RET-041,15,109.89
2025-10-04,SKU-044,RET-010,14,109.89
2025-10-05,SKU-044,RET-041,7,109.89
2025-10-06,SKU-044,RET-002,11,109.89
2025-10-07,SKU-044,RET-019,10,109.89
2025-10-08,SKU-044,RET-043,8,109.89
2025-10-09,SKU-044,RET-024,13,109.89
2025-10-10,SKU-044,RET-045,10,109.89
2025-10-11,SKU-044,RET-073,13,109.89
2025-10-12,SKU-044,RET-086,8,109.89
2025-10-13,SKU-044,RET-051,14,109.89
2025-10-14,SKU-044,RET-042,11,109.89
2025-10-15,SKU-044,RET-049,12,109.89
2025-10-16,SKU-044,RET-099,14,109.89
2025-10-17,SKU-044,RET-044,13,109.89
2025-10-18,SKU-044,RET-050,9,109.89
2025-10-19,SKU-044,RET-013,11,109.89
2025-10-20,SKU-044,RET-047,13,109.89
2025-10-21,SKU-044,RET-094,17,109.89
2025-10-22,SKU-044,RET-100,8,109.89
2025-10-23,SKU-044,RET-040,15,109.89
2025-10-24,SKU-044,RET-087,16,109.89
2025-10-25,SKU-044,RET-007,16,109.89
2025-10-26,SKU-044,RET-045,14,109.89
2025-10-27,SKU-044,RET-091,11,109.89
2025-10-28,SKU-044,RET-095,9,109.89
2025-10-29,SKU-044,RET-057,7,109.89
2025-10-30,SKU-044,RET-030,11,109.89
2025-10-31,SKU-044,RET-010,11,109.89
2025-11-01,SKU-044,RET-094,12,109.89
2025-11-02,SKU-044,RET-100,10,109.89
2025-11-03,SKU-044,RET-043,16,109.89
2025-11-04,SKU-044,RET-060,7,109.89
2025-11-05,SKU-044,RET-071,16,109.89
2025-11-06,SKU-044,RET-015,12,109.89
2025-11-07,SKU-044,RET-041,18,109.89
2025-11-08,SKU-044,RET-086,10,109.89
2025-11-09,SKU-044,RET-094,14,109.89
2025-11-10,SKU-044,RET-058,9,109.89
2025-11-11,SKU-044,RET-049,11,109.89
2025-11-12,SKU-044,RET-078,6,109.89
2025-11-13,SKU-044,RET-076,16,109.89
2025-11-14,SKU-044,RET-004,13,109.89
2025-11-15,SKU-044,RET-013,9,109.89
2025-11-16,SKU-044,RET-013,7,109.89
2025-11-17,SKU-044,RET-042,15,109.89
2025-11-18,SKU-044,RET-020,10,109.89
2025-11-19,SKU-044,RET-019,13,109.89
2025-11-20,SKU-044,RET-068,18,109.89
2025-11-21,SKU-044,RET-022,15,109.89
2025-11-22,SKU-044,RET-049,12,109.89
2025-11-23,SKU-044,RET-073,9,109.89
2025-11-24,SKU-044,RET-091,13,109.89
2025-11-25,SKU-044,RET-074,10,109.89
2025-11-26,SKU-044,RET-095,14,109.89
2025-11-27,SKU-044,RET-035,18,109.89
2025-11-28,SKU-044,RET-091,25,109.89
2025-11-29,SKU-044,RET-011,15,109.89
2025-11-30,SKU-044,RET-046,13,109.89
2025-12-01,SKU-044,RET-029,11,109.89
2025-12-02,SKU-044,RET-032,8,109.89
2025-12-03,SKU-044,RET-052,5,109.89
2025-12-04,SKU-044,RET-099,8,109.89
2025-12-05,SKU-044,RET-018,17,109.89
2025-12-06,SKU-044,RET-086,17,109.89
2025-12-07,SKU-044,RET-081,6,109.89
2025-12-08,SKU-044,RET-034,15,109.89
2025-12-09,SKU-044,RET-017,11,109.89
2025-12-10,SKU-044,RET-074,14,109.89
2025-12-11,SKU-044,RET-029,12,109.89
2025-12-12,SKU-044,RET-089,10,109.89
2025-12-13,SKU-044,RET-037,12,109.89
2025-12-14,SKU-044,RET-087,5,109.89
2025-12-15,SKU-044,RET-066,11,109.89
2025-12-16,SKU-044,RET-001,15,109.89
2025-12-17,SKU-044,RET-091,15,109.89
2025-12-18,SKU-044,RET-025,14,109.89
2025-12-19,SKU-044,RET-082,9,109.89
2025-12-20,SKU-044,RET-093,9,109.89
2025-12-21,SKU-044,RET-085,10,109.89
2025-12-22,SKU-044,RET-025,9,109.89
2025-12-23,SKU-044,RET-085,15,109.89
2025-12-24,SKU-044,RET-087,13,109.89
2025-12-25,SKU-044,RET-094,13,109.89
2025-12-26,SKU-044,RET-032,13,109.89
2025-12-27,SKU-044,RET-095,10,109.89
2025-12-28,SKU-044,RET-013,10,109.89
2025-12-29,SKU-044,RET-069,8,109.89
2025-12-30,SKU-044,RET-005,8,109.89
2025-12-31,SKU-044,RET-096,16,109.89
2026-01-01,SKU-044,RET-053,10,109.89
2026-01-02,SKU-044,RET-081,15,109.89
2026-01-03,SKU-044,RET-024,7,109.89
2026-01-04,SKU-044,RET-054,19,109.89
2026-01-05,SKU-044,RET-040,10,109.89
2026-01-06,SKU-044,RET-025,13,109.89
2026-01-07,SKU-044,RET-036,14,109.89
2026-01-08,SKU-044,RET-013,14,109.89
2026-01-09,SKU-044,RET-062,6,109.89
2026-01-10,SKU-044,RET-043,14,109.89
2026-01-11,SKU-044,RET-037,10,109.89
2026-01-12,SKU-044,RET-047,11,109.89
2026-01-13,SKU-044,RET-058,11,109.89
2026-01-14,SKU-044,RET-023,9,109.89
2026-01-15,SKU-044,RET-091,12,109.89
2026-01-16,SKU-044,RET-021,9,109.89
2026-01-17,SKU-044,RET-043,12,109.89
2026-01-18,SKU-044,RET-075,17,109.89
2026-01-19,SKU-044,RET-028,8,109.89
2026-01-20,SKU-044,RET-091,8,109.89
2026-01-21,SKU-044,RET-088,17,109.89
2026-01-22,SKU-044,RET-075,7,109.89
2026-01-23,SKU-044,RET-075,6,109.89
2026-01-24,SKU-044,RET-079,15,109.89
2026-01-25,SKU-044,RET-060,11,109.89
2026-01-26,SKU-044,RET-100,14,109.89
2026-01-27,SKU-044,RET-040,10,109.89
2026-01-28,SKU-044,RET-093,9,109.89
2026-01-29,SKU-044,RET-032,15,109.89
2026-01-30,SKU-044,RET-082,14,109.89
2026-01-31,SKU-044,RET-081,15,109.89
2026-02-01,SKU-044,RET-041,11,109.89
2026-02-02,SKU-044,RET-031,14,109.89
2026-02-03,SKU-044,RET-050,11,109.89
2026-02-04,SKU-044,RET-034,15,109.89
2026-02-05,SKU-044,RET-074,15,109.89
2026-02-06,SKU-044,RET-030,18,109.89
2026-02-07,SKU-044,RET-010,20,109.89
2026-02-08,SKU-044,RET-077,12,109.89
2026-02-09,SKU-044,RET-017,7,109.89
2026-02-10,SKU-044,RET-027,10,109.89
2026-02-11,SKU-044,RET-094,9,109.89
2026-02-12,SKU-044,RET-035,16,109.89
2026-02-13,SKU-044,RET-013,17,109.89
2026-02-14,SKU-044,RET-027,17,109.89
2026-02-15,SKU-044,RET-089,8,109.89
2026-02-16,SKU-044,RET-020,11,109.89
2026-02-17,SKU-044,RET-090,10,109.89
2026-02-18,SKU-044,RET-005,13,109.89
2026-02-19,SKU-044,RET-080,12,109.89
2026-02-20,SKU-044,RET-023,16,109.89
2026-02-21,SKU-044,RET-005,14,109.89
2026-02-22,SKU-044,RET-063,9,109.89
2026-02-23,SKU-044,RET-076,12,109.89
2026-02-24,SKU-044,RET-094,10,109.89
2026-02-25,SKU-044,RET-017,16,109.89
2026-02-26,SKU-044,RET-073,8,109.89
2026-02-27,SKU-044,RET-039,14,109.89
2026-02-28,SKU-044,RET-085,19,109.89
2026-03-01,SKU-044,RET-001,14,109.89
2026-03-02,SKU-044,RET-091,10,109.89
2026-03-03,SKU-044,RET-065,18,109.89
2026-03-04,SKU-044,RET-075,14,109.89
2026-03-05,SKU-044,RET-079,11,109.89
2026-03-06,SKU-044,RET-046,16,109.89
2026-03-07,SKU-044,RET-004,22,109.89
2026-03-08,SKU-044,RET-076,14,109.89
2026-03-09,SKU-044,RET-002,10,109.89
2026-03-10,SKU-044,RET-038,15,109.89
2026-03-11,SKU-044,RET-042,14,109.89
2026-03-12,SKU-044,RET-068,12,109.89
2026-03-13,SKU-044,RET-008,11,109.89
2026-03-14,SKU-044,RET-090,14,109.89
2026-03-15,SKU-044,RET-068,11,109.89
2026-03-16,SKU-044,RET-029,8,109.89
2026-03-17,SKU-044,RET-041,14,109.89
2026-03-18,SKU-044,RET-059,11,109.89
2026-03-19,SKU-044,RET-090,19,109.89
2026-03-20,SKU-044,RET-044,19,109.89
2026-03-21,SKU-044,RET-026,12,109.89
2026-03-22,SKU-044,RET-030,17,109.89
2026-03-23,SKU-044,RET-002,10,109.89
2026-03-24,SKU-044,RET-085,14,109.89
2026-03-25,SKU-044,RET-015,21,109.89
2026-03-26,SKU-044,RET-079,11,109.89
2026-03-27,SKU-044,RET-032,17,109.89
2026-03-28,SKU-044,RET-040,19,109.89
2026-03-29,SKU-044,RET-045,18,109.89
2026-03-30,SKU-044,RET-089,18,109.89
2026-03-31,SKU-044,RET-009,13,109.89
2026-04-01,SKU-044,RET-070,7,109.89
2026-04-02,SKU-044,RET-069,14,109.89
2026-04-03,SKU-044,RET-074,17,109.89
2026-04-04,SKU-044,RET-018,19,109.89
2026-04-05,SKU-044,RET-067,9,109.89
2026-04-06,SKU-044,RET-003,7,109.89
2026-04-07,SKU-044,RET-005,4,109.89
2026-04-08,SKU-044,RET-006,13,109.89
2026-04-09,SKU-044,RET-071,7,109.89
2026-04-10,SKU-044,RET-001,20,109.89
2026-04-11,SKU-044,RET-088,18,109.89
2026-04-12,SKU-044,RET-056,14,109.89
2026-04-13,SKU-044,RET-011,12,109.89
2026-04-14,SKU-044,RET-008,11,109.89
2026-04-15,SKU-044,RET-074,12,109.89
2026-04-16,SKU-044,RET-028,21,109.89
2026-04-17,SKU-044,RET-005,10,109.89
2026-04-18,SKU-044,RET-050,14,109.89
2026-04-19,SKU-044,RET-021,15,109.89
2026-04-20,SKU-044,RET-065,18,109.89
2026-04-21,SKU-044,RET-002,12,109.89
2026-04-22,SKU-044,RET-081,9,109.89
2026-04-23,SKU-044,RET-002,14,109.89
2026-04-24,SKU-044,RET-083,13,109.89
2026-04-25,SKU-044,RET-031,19,109.89
2026-04-26,SKU-044,RET-041,12,109.89
2026-04-27,SKU-044,RET-070,10,109.89
2026-04-28,SKU-044,RET-100,14,109.89
2026-04-29,SKU-044,RET-089,10,109.89
2026-04-30,SKU-044,RET-033,13,109.89
2026-05-01,SKU-044,RET-037,18,109.89
2026-05-02,SKU-044,RET-070,12,109.89
2026-05-03,SKU-044,RET-015,16,109.89
2026-05-04,SKU-044,RET-019,6,109.89
2026-05-05,SKU-044,RET-001,12,109.89
2026-05-06,SKU-044,RET-003,11,109.89
2026-05-07,SKU-044,RET-036,9,109.89
2026-05-08,SKU-044,RET-010,21,109.89
2026-05-09,SKU-044,RET-042,23,109.89
2026-05-10,SKU-044,RET-079,9,109.89
2026-05-11,SKU-044,RET-080,7,109.89
2026-05-12,SKU-044,RET-061,16,109.89
2026-05-13,SKU-044,RET-083,13,109.89
2026-05-14,SKU-044,RET-011,8,109.89
2026-05-15,SKU-044,RET-008,10,109.89
2026-05-16,SKU-044,RET-028,17,109.89
2026-05-17,SKU-044,RET-033,19,109.89
2026-05-18,SKU-044,RET-007,11,109.89
2026-05-19,SKU-044,RET-033,7,109.89
2026-05-20,SKU-044,RET-059,4,109.89
2026-05-21,SKU-044,RET-060,19,109.89
2026-05-22,SKU-044,RET-016,23,109.89
2026-05-23,SKU-044,RET-060,16,109.89
2026-05-24,SKU-044,RET-070,12,109.89
2026-05-25,SKU-044,RET-047,12,109.89
2026-05-26,SKU-044,RET-079,10,109.89
2026-05-27,SKU-044,RET-075,11,109.89
2026-05-28,SKU-044,RET-056,13,109.89
2026-05-29,SKU-044,RET-013,15,109.89
2026-05-30,SKU-044,RET-047,15,109.89
2026-05-31,SKU-044,RET-019,15,109.89
2026-06-01,SKU-044,RET-098,21,109.89
2026-06-02,SKU-044,RET-097,9,109.89
2026-06-03,SKU-044,RET-005,10,109.89
2026-06-04,SKU-044,RET-096,9,109.89
2026-06-05,SKU-044,RET-058,15,109.89
2026-06-06,SKU-044,RET-074,13,109.89
2026-06-07,SKU-044,RET-015,11,109.89
2026-06-08,SKU-044,RET-092,13,109.89
2026-06-09,SKU-044,RET-043,14,109.89
2026-06-10,SKU-044,RET-075,12,109.89
2026-06-11,SKU-044,RET-076,6,109.89
2026-06-12,SKU-044,RET-072,18,109.89
2026-06-13,SKU-044,RET-016,13,109.89
2026-06-14,SKU-044,RET-034,14,109.89
2026-06-15,SKU-044,RET-022,15,109.89
2026-06-16,SKU-044,RET-083,16,109.89
2026-06-17,SKU-044,RET-005,11,109.89
2026-06-18,SKU-044,RET-048,16,109.89
2026-06-19,SKU-044,RET-100,12,109.89
2026-06-20,SKU-044,RET-091,13,109.89
2026-06-21,SKU-044,RET-010,6,109.89
2026-06-22,SKU-044,RET-047,10,109.89
2026-06-23,SKU-044,RET-027,10,109.89
2026-06-24,SKU-044,RET-065,18,109.89
2026-06-25,SKU-044,RET-022,7,109.89
2026-06-26,SKU-044,RET-084,14,109.89
2026-06-27,SKU-044,RET-031,8,109.89
2026-06-28,SKU-044,RET-046,19,109.89
2026-06-29,SKU-044,RET-085,9,109.89
2026-06-30,SKU-044,RET-078,7,109.89
2026-07-01,SKU-044,RET-004,10,109.89
2026-07-02,SKU-044,RET-055,7,109.89
2026-07-03,SKU-044,RET-016,10,109.89
2026-07-04,SKU-044,RET-075,12,109.89
2026-07-05,SKU-044,RET-083,8,109.89
2026-07-06,SKU-044,RET-037,12,109.89
2026-07-07,SKU-044,RET-079,12,109.89
2026-07-08,SKU-044,RET-077,10,109.89
2026-07-09,SKU-044,RET-074,10,109.89
2026-07-10,SKU-044,RET-071,10,109.89
2026-07-11,SKU-044,RET-002,13,109.89
2026-07-12,SKU-044,RET-008,11,109.89
2026-07-13,SKU-044,RET-016,8,109.89
2026-07-14,SKU-044,RET-045,7,109.89
2026-07-15,SKU-044,RET-045,8,109.89
2026-07-16,SKU-044,RET-074,13,109.89
2026-07-17,SKU-044,RET-008,13,109.89
2026-07-18,SKU-044,RET-064,6,109.89
2026-07-19,SKU-044,RET-029,12,109.89
2026-07-20,SKU-044,RET-003,6,109.89
2026-07-21,SKU-044,RET-026,7,109.89
2026-07-22,SKU-044,RET-048,5,109.89
2026-07-23,SKU-044,RET-002,7,109.89
2026-07-24,SKU-044,RET-092,14,109.89
2026-07-25,SKU-044,RET-088,18,109.89
2026-07-26,SKU-044,RET-061,8,109.89
2026-07-27,SKU-044,RET-094,6,109.89
2026-07-28,SKU-044,RET-083,8,109.89
2026-07-29,SKU-044,RET-001,9,109.89
2026-07-30,SKU-044,RET-014,10,109.89
2026-07-31,SKU-044,RET-012,18,109.89
2026-08-01,SKU-044,RET-098,15,109.89
2026-08-02,SKU-044,RET-079,7,109.89
2026-08-03,SKU-044,RET-021,9,109.89
2026-08-04,SKU-044,RET-026,10,109.89
2026-08-05,SKU-044,RET-072,10,109.89
2026-08-06,SKU-044,RET-001,5,109.89
2026-08-07,SKU-044,RET-065,15,109.89
2026-08-08,SKU-044,RET-013,11,109.89
2026-08-09,SKU-044,RET-003,6,109.89
2026-08-10,SKU-044,RET-031,6,109.89
2026-08-11,SKU-044,RET-093,7,109.89
2026-08-12,SKU-044,RET-065,15,109.89
2026-08-13,SKU-044,RET-054,8,109.89
2026-08-14,SKU-044,RET-044,14,109.89
2026-08-15,SKU-044,RET-004,15,109.89
2026-08-16,SKU-044,RET-072,9,109.89
2026-08-17,SKU-044,RET-051,6,109.89
2026-08-18,SKU-044,RET-009,7,109.89
2026-08-19,SKU-044,RET-032,6,109.89
2026-08-20,SKU-044,RET-037,15,109.89
2026-08-21,SKU-044,RET-086,14,109.89
2026-08-22,SKU-044,RET-088,9,109.89
2026-08-23,SKU-044,RET-057,7,109.89
2026-08-24,SKU-044,RET-039,11,109.89
2026-08-25,SKU-044,RET-032,12,109.89
2025-08-26,SKU-045,RET-028,14,134.78
2025-08-27,SKU-045,RET-005,24,134.78
2025-08-28,SKU-045,RET-022,19,134.78
2025-08-29,SKU-045,RET-055,37,134.78
2025-08-30,SKU-045,RET-094,33,134.78
2025-08-31,SKU-045,RET-011,24,134.78
2025-09-01,SKU-045,RET-042,24,134.78
2025-09-02,SKU-045,RET-055,28,134.78
2025-09-03,SKU-045,RET-067,29,134.78
2025-09-04,SKU-045,RET-006,24,134.78
2025-09-05,SKU-045,RET-069,29,134.78
2025-09-06,SKU-045,RET-082,27,134.78
2025-09-07,SKU-045,RET-020,24,134.78
2025-09-08,SKU-045,RET-020,30,134.78
2025-09-09,SKU-045,RET-075,22,134.78
2025-09-10,SKU-045,RET-022,20,134.78
2025-09-11,SKU-045,RET-020,23,134.78
2025-09-12,SKU-045,RET-093,28,134.78
2025-09-13,SKU-045,RET-061,27,134.78
2025-09-14,SKU-045,RET-081,19,134.78
2025-09-15,SKU-045,RET-094,21,134.78
2025-09-16,SKU-045,RET-054,27,134.78
2025-09-17,SKU-045,RET-071,23,134.78
2025-09-18,SKU-045,RET-096,19,134.78
2025-09-19,SKU-045,RET-013,25,134.78
2025-09-20,SKU-045,RET-023,17,134.78
2025-09-21,SKU-045,RET-062,26,134.78
2025-09-22,SKU-045,RET-078,23,134.78
2025-09-23,SKU-045,RET-066,22,134.78
2025-09-24,SKU-045,RET-001,23,134.78
2025-09-25,SKU-045,RET-075,17,134.78
2025-09-26,SKU-045,RET-078,31,134.78
2025-09-27,SKU-045,RET-019,26,134.78
2025-09-28,SKU-045,RET-061,20,134.78
2025-09-29,SKU-045,RET-005,24,134.78
2025-09-30,SKU-045,RET-056,22,134.78
2025-10-01,SKU-045,RET-086,27,134.78
2025-10-02,SKU-045,RET-098,25,134.78
2025-10-03,SKU-045,RET-072,34,134.78
2025-10-04,SKU-045,RET-059,35,134.78
2025-10-05,SKU-045,RET-005,35,134.78
2025-10-06,SKU-045,RET-059,22,134.78
2025-10-07,SKU-045,RET-050,29,134.78
2025-10-08,SKU-045,RET-098,26,134.78
2025-10-09,SKU-045,RET-076,24,134.78
2025-10-10,SKU-045,RET-037,38,134.78
2025-10-11,SKU-045,RET-050,35,134.78
2025-10-12,SKU-045,RET-058,27,134.78
2025-10-13,SKU-045,RET-089,30,134.78
2025-10-14,SKU-045,RET-024,46,134.78
2025-10-15,SKU-045,RET-096,29,134.78
2025-10-16,SKU-045,RET-003,27,134.78
2025-10-17,SKU-045,RET-023,26,134.78
2025-10-18,SKU-045,RET-080,30,134.78
2025-10-19,SKU-045,RET-086,19,134.78
2025-10-20,SKU-045,RET-044,24,134.78
2025-10-21,SKU-045,RET-063,32,134.78
2025-10-22,SKU-045,RET-026,30,134.78
2025-10-23,SKU-045,RET-049,27,134.78
2025-10-24,SKU-045,RET-088,32,134.78
2025-10-25,SKU-045,RET-028,33,134.78
2025-10-26,SKU-045,RET-051,23,134.78
2025-10-27,SKU-045,RET-025,33,134.78
2025-10-28,SKU-045,RET-083,34,134.78
2025-10-29,SKU-045,RET-031,27,134.78
2025-10-30,SKU-045,RET-083,27,134.78
2025-10-31,SKU-045,RET-100,44,134.78
2025-11-01,SKU-045,RET-054,40,134.78
2025-11-02,SKU-045,RET-060,33,134.78
2025-11-03,SKU-045,RET-021,29,134.78
2025-11-04,SKU-045,RET-097,15,134.78
2025-11-05,SKU-045,RET-048,26,134.78
2025-11-06,SKU-045,RET-060,34,134.78
2025-11-07,SKU-045,RET-028,34,134.78
2025-11-08,SKU-045,RET-019,33,134.78
2025-11-09,SKU-045,RET-038,30,134.78
2025-11-10,SKU-045,RET-088,43,134.78
2025-11-11,SKU-045,RET-017,20,134.78
2025-11-12,SKU-045,RET-076,27,134.78
2025-11-13,SKU-045,RET-019,28,134.78
2025-11-14,SKU-045,RET-068,41,134.78
2025-11-15,SKU-045,RET-051,29,134.78
2025-11-16,SKU-045,RET-017,22,134.78
2025-11-17,SKU-045,RET-065,24,134.78
2025-11-18,SKU-045,RET-001,42,134.78
2025-11-19,SKU-045,RET-089,27,134.78
2025-11-20,SKU-045,RET-088,21,134.78
2025-11-21,SKU-045,RET-065,41,134.78
2025-11-22,SKU-045,RET-063,34,134.78
2025-11-23,SKU-045,RET-022,14,134.78
2025-11-24,SKU-045,RET-053,21,134.78
2025-11-25,SKU-045,RET-053,33,134.78
2025-11-26,SKU-045,RET-098,28,134.78
2025-11-27,SKU-045,RET-095,17,134.78
2025-11-28,SKU-045,RET-086,35,134.78
2025-11-29,SKU-045,RET-036,41,134.78
2025-11-30,SKU-045,RET-087,39,134.78
2025-12-01,SKU-045,RET-007,26,134.78
2025-12-02,SKU-045,RET-097,20,134.78
2025-12-03,SKU-045,RET-056,33,134.78
2025-12-04,SKU-045,RET-029,16,134.78
2025-12-05,SKU-045,RET-020,31,134.78
2025-12-06,SKU-045,RET-017,33,134.78
2025-12-07,SKU-045,RET-089,35,134.78
2025-12-08,SKU-045,RET-092,31,134.78
2025-12-09,SKU-045,RET-099,33,134.78
2025-12-10,SKU-045,RET-020,25,134.78
2025-12-11,SKU-045,RET-009,21,134.78
2025-12-12,SKU-045,RET-018,40,134.78
2025-12-13,SKU-045,RET-071,16,134.78
2025-12-14,SKU-045,RET-100,23,134.78
2025-12-15,SKU-045,RET-099,17,134.78
2025-12-16,SKU-045,RET-100,20,134.78
2025-12-17,SKU-045,RET-049,29,134.78
2025-12-18,SKU-045,RET-039,20,134.78
2025-12-19,SKU-045,RET-016,22,134.78
2025-12-20,SKU-045,RET-058,38,134.78
2025-12-21,SKU-045,RET-084,25,134.78
2025-12-22,SKU-045,RET-100,27,134.78
2025-12-23,SKU-045,RET-071,31,134.78
2025-12-24,SKU-045,RET-099,32,134.78
2025-12-25,SKU-045,RET-072,32,134.78
2025-12-26,SKU-045,RET-096,33,134.78
2025-12-27,SKU-045,RET-058,32,134.78
2025-12-28,SKU-045,RET-012,23,134.78
2025-12-29,SKU-045,RET-079,28,134.78
2025-12-30,SKU-045,RET-022,22,134.78
2025-12-31,SKU-045,RET-040,30,134.78
2026-01-01,SKU-045,RET-098,31,134.78
2026-01-02,SKU-045,RET-051,34,134.78
2026-01-03,SKU-045,RET-097,27,134.78
2026-01-04,SKU-045,RET-002,28,134.78
2026-01-05,SKU-045,RET-091,35,134.78
2026-01-06,SKU-045,RET-059,20,134.78
2026-01-07,SKU-045,RET-010,27,134.78
2026-01-08,SKU-045,RET-038,31,134.78
2026-01-09,SKU-045,RET-027,26,134.78
2026-01-10,SKU-045,RET-013,36,134.78
2026-01-11,SKU-045,RET-064,34,134.78
2026-01-12,SKU-045,RET-099,37,134.78
2026-01-13,SKU-045,RET-005,31,134.78
2026-01-14,SKU-045,RET-082,22,134.78
2026-01-15,SKU-045,RET-055,21,134.78
2026-01-16,SKU-045,RET-057,39,134.78
2026-01-17,SKU-045,RET-025,47,134.78
2026-01-18,SKU-045,RET-026,26,134.78
2026-01-19,SKU-045,RET-073,31,134.78
2026-01-20,SKU-045,RET-035,30,134.78
2026-01-21,SKU-045,RET-091,29,134.78
2026-01-22,SKU-045,RET-075,35,134.78
2026-01-23,SKU-045,RET-061,31,134.78
2026-01-24,SKU-045,RET-049,34,134.78
2026-01-25,SKU-045,RET-004,28,134.78
2026-01-26,SKU-045,RET-010,17,134.78
2026-01-27,SKU-045,RET-032,15,134.78
2026-01-28,SKU-045,RET-048,32,134.78
2026-01-29,SKU-045,RET-096,25,134.78
2026-01-30,SKU-045,RET-038,36,134.78
2026-01-31,SKU-045,RET-090,35,134.78
2026-02-01,SKU-045,RET-073,32,134.78
2026-02-02,SKU-045,RET-009,30,134.78
2026-02-03,SKU-045,RET-046,32,134.78
2026-02-04,SKU-045,RET-087,27,134.78
2026-02-05,SKU-045,RET-098,28,134.78
2026-02-06,SKU-045,RET-016,33,134.78
2026-02-07,SKU-045,RET-038,34,134.78
2026-02-08,SKU-045,RET-064,29,134.78
2026-02-09,SKU-045,RET-093,30,134.78
2026-02-10,SKU-045,RET-037,38,134.78
2026-02-11,SKU-045,RET-010,23,134.78
2026-02-12,SKU-045,RET-057,30,134.78
2026-02-13,SKU-045,RET-072,39,134.78
2026-02-14,SKU-045,RET-054,33,134.78
2026-02-15,SKU-045,RET-011,35,134.78
2026-02-16,SKU-045,RET-089,26,134.78
2026-02-17,SKU-045,RET-033,21,134.78
2026-02-18,SKU-045,RET-069,28,134.78
2026-02-19,SKU-045,RET-005,27,134.78
2026-02-20,SKU-045,RET-092,44,134.78
2026-02-21,SKU-045,RET-035,32,134.78
2026-02-22,SKU-045,RET-071,22,134.78
2026-02-23,SKU-045,RET-060,26,134.78
2026-02-24,SKU-045,RET-040,23,134.78
2026-02-25,SKU-045,RET-031,33,134.78
2026-02-26,SKU-045,RET-060,27,134.78
2026-02-27,SKU-045,RET-064,42,134.78
2026-02-28,SKU-045,RET-082,25,134.78
2026-03-01,SKU-045,RET-049,31,134.78
2026-03-02,SKU-045,RET-035,39,134.78
2026-03-03,SKU-045,RET-080,31,134.78
2026-03-04,SKU-045,RET-025,26,134.78
2026-03-05,SKU-045,RET-077,23,134.78
2026-03-06,SKU-045,RET-068,40,134.78
2026-03-07,SKU-045,RET-020,42,134.78
2026-03-08,SKU-045,RET-074,21,134.78
2026-03-09,SKU-045,RET-005,25,134.78
2026-03-10,SKU-045,RET-042,33,134.78
2026-03-11,SKU-045,RET-008,37,134.78
2026-03-12,SKU-045,RET-041,32,134.78
2026-03-13,SKU-045,RET-066,31,134.78
2026-03-14,SKU-045,RET-041,34,134.78
2026-03-15,SKU-045,RET-031,27,134.78
2026-03-16,SKU-045,RET-093,25,134.78
2026-03-17,SKU-045,RET-021,24,134.78
2026-03-18,SKU-045,RET-088,24,134.78
2026-03-19,SKU-045,RET-025,26,134.78
2026-03-20,SKU-045,RET-041,42,134.78
2026-03-21,SKU-045,RET-091,39,134.78
2026-03-22,SKU-045,RET-081,22,134.78
2026-03-23,SKU-045,RET-090,35,134.78
2026-03-24,SKU-045,RET-025,38,134.78
2026-03-25,SKU-045,RET-003,29,134.78
2026-03-26,SKU-045,RET-026,27,134.78
2026-03-27,SKU-045,RET-098,25,134.78
2026-03-28,SKU-045,RET-011,41,134.78
2026-03-29,SKU-045,RET-019,24,134.78
2026-03-30,SKU-045,RET-016,27,134.78
2026-03-31,SKU-045,RET-009,29,134.78
2026-04-01,SKU-045,RET-024,33,134.78
2026-04-02,SKU-045,RET-019,30,134.78
2026-04-03,SKU-045,RET-077,35,134.78
2026-04-04,SKU-045,RET-055,39,134.78
2026-04-05,SKU-045,RET-090,25,134.78
2026-04-06,SKU-045,RET-066,28,134.78
2026-04-07,SKU-045,RET-004,36,134.78
2026-04-08,SKU-045,RET-091,32,134.78
2026-04-09,SKU-045,RET-026,28,134.78
2026-04-10,SKU-045,RET-046,39,134.78
2026-04-11,SKU-045,RET-074,40,134.78
2026-04-12,SKU-045,RET-011,31,134.78
2026-04-13,SKU-045,RET-036,32,134.78
2026-04-14,SKU-045,RET-054,21,134.78
2026-04-15,SKU-045,RET-077,26,134.78
2026-04-16,SKU-045,RET-043,29,134.78
2026-04-17,SKU-045,RET-018,42,134.78
2026-04-18,SKU-045,RET-055,31,134.78
2026-04-19,SKU-045,RET-071,34,134.78
2026-04-20,SKU-045,RET-010,29,134.78
2026-04-21,SKU-045,RET-001,29,134.78
2026-04-22,SKU-045,RET-009,32,134.78
2026-04-23,SKU-045,RET-014,36,134.78
2026-04-24,SKU-045,RET-044,36,134.78
2026-04-25,SKU-045,RET-047,40,134.78
2026-04-26,SKU-045,RET-037,32,134.78
2026-04-27,SKU-045,RET-071,27,134.78
2026-04-28,SKU-045,RET-074,27,134.78
2026-04-29,SKU-045,RET-023,28,134.78
2026-04-30,SKU-045,RET-011,36,134.78
2026-05-01,SKU-045,RET-081,40,134.78
2026-05-02,SKU-045,RET-078,35,134.78
2026-05-03,SKU-045,RET-044,37,134.78
2026-05-04,SKU-045,RET-079,19,134.78
2026-05-05,SKU-045,RET-079,31,134.78
2026-05-06,SKU-045,RET-084,35,134.78
2026-05-07,SKU-045,RET-059,25,134.78
2026-05-08,SKU-045,RET-077,39,134.78
2026-05-09,SKU-045,RET-013,37,134.78
2026-05-10,SKU-045,RET-069,29,134.78
2026-05-11,SKU-045,RET-063,40,134.78
2026-05-12,SKU-045,RET-014,22,134.78
2026-05-13,SKU-045,RET-092,34,134.78
2026-05-14,SKU-045,RET-058,35,134.78
2026-05-15,SKU-045,RET-051,30,134.78
2026-05-16,SKU-045,RET-060,33,134.78
2026-05-17,SKU-045,RET-026,30,134.78
2026-05-18,SKU-045,RET-014,26,134.78
2026-05-19,SKU-045,RET-029,26,134.78
2026-05-20,SKU-045,RET-081,31,134.78
2026-05-21,SKU-045,RET-058,36,134.78
2026-05-22,SKU-045,RET-067,45,134.78
2026-05-23,SKU-045,RET-033,34,134.78
2026-05-24,SKU-045,RET-028,21,134.78
2026-05-25,SKU-045,RET-001,30,134.78
2026-05-26,SKU-045,RET-099,20,134.78
2026-05-27,SKU-045,RET-060,32,134.78
2026-05-28,SKU-045,RET-030,36,134.78
2026-05-29,SKU-045,RET-079,34,134.78
2026-05-30,SKU-045,RET-008,43,134.78
2026-05-31,SKU-045,RET-044,24,134.78
2026-06-01,SKU-045,RET-008,27,134.78
2026-06-02,SKU-045,RET-041,26,134.78
2026-06-03,SKU-045,RET-091,22,134.78
2026-06-04,SKU-045,RET-053,25,134.78
2026-06-05,SKU-045,RET-033,24,134.78
2026-06-06,SKU-045,RET-093,44,134.78
2026-06-07,SKU-045,RET-033,27,134.78
2026-06-08,SKU-045,RET-075,29,134.78
2026-06-09,SKU-045,RET-068,37,134.78
2026-06-10,SKU-045,RET-094,24,134.78
2026-06-11,SKU-045,RET-053,30,134.78
2026-06-12,SKU-045,RET-026,28,134.78
2026-06-13,SKU-045,RET-061,36,134.78
2026-06-14,SKU-045,RET-099,23,134.78
2026-06-15,SKU-045,RET-042,18,134.78
2026-06-16,SKU-045,RET-085,27,134.78
2026-06-17,SKU-045,RET-029,25,134.78
2026-06-18,SKU-045,RET-016,24,134.78
2026-06-19,SKU-045,RET-040,45,134.78
2026-06-20,SKU-045,RET-039,39,134.78
2026-06-21,SKU-045,RET-007,24,134.78
2026-06-22,SKU-045,RET-014,18,134.78
2026-06-23,SKU-045,RET-067,32,134.78
2026-06-24,SKU-045,RET-047,25,134.78
2026-06-25,SKU-045,RET-017,23,134.78
2026-06-26,SKU-045,RET-075,39,134.78
2026-06-27,SKU-045,RET-067,33,134.78
2026-06-28,SKU-045,RET-051,32,134.78
2026-06-29,SKU-045,RET-025,30,134.78
2026-06-30,SKU-045,RET-045,22,134.78
2026-07-01,SKU-045,RET-100,29,134.78
2026-07-02,SKU-045,RET-007,28,134.78
2026-07-03,SKU-045,RET-011,43,134.78
2026-07-04,SKU-045,RET-001,39,134.78
2026-07-05,SKU-045,RET-071,20,134.78
2026-07-06,SKU-045,RET-095,30,134.78
2026-07-07,SKU-045,RET-078,22,134.78
2026-07-08,SKU-045,RET-009,34,134.78
2026-07-09,SKU-045,RET-032,22,134.78
2026-07-10,SKU-045,RET-062,30,134.78
2026-07-11,SKU-045,RET-067,42,134.78
2026-07-12,SKU-045,RET-012,32,134.78
2026-07-13,SKU-045,RET-084,34,134.78
2026-07-14,SKU-045,RET-049,31,134.78
2026-07-15,SKU-045,RET-090,18,134.78
2026-07-16,SKU-045,RET-030,23,134.78
2026-07-17,SKU-045,RET-061,30,134.78
2026-07-18,SKU-045,RET-088,29,134.78
2026-07-19,SKU-045,RET-077,24,134.78
2026-07-20,SKU-045,RET-068,27,134.78
2026-07-21,SKU-045,RET-008,29,134.78
2026-07-22,SKU-045,RET-072,31,134.78
2026-07-23,SKU-045,RET-021,24,134.78
2026-07-24,SKU-045,RET-074,23,134.78
2026-07-25,SKU-045,RET-099,22,134.78
2026-07-26,SKU-045,RET-044,28,134.78
2026-07-27,SKU-045,RET-095,26,134.78
2026-07-28,SKU-045,RET-036,25,134.78
2026-07-29,SKU-045,RET-081,24,134.78
2026-07-30,SKU-045,RET-018,26,134.78
2026-07-31,SKU-045,RET-079,23,134.78
2026-08-01,SKU-045,RET-098,25,134.78
2026-08-02,SKU-045,RET-097,23,134.78
2026-08-03,SKU-045,RET-015,19,134.78
2026-08-04,SKU-045,RET-070,26,134.78
2026-08-05,SKU-045,RET-067,18,134.78
2026-08-06,SKU-045,RET-100,24,134.78
2026-08-07,SKU-045,RET-043,32,134.78
2026-08-08,SKU-045,RET-008,35,134.78
2026-08-09,SKU-045,RET-034,30,134.78
2026-08-10,SKU-045,RET-080,23,134.78
2026-08-11,SKU-045,RET-096,10,134.78
2026-08-12,SKU-045,RET-078,28,134.78
2026-08-13,SKU-045,RET-086,17,134.78
2026-08-14,SKU-045,RET-035,23,134.78
2026-08-15,SKU-045,RET-027,28,134.78
2026-08-16,SKU-045,RET-045,26,134.78
2026-08-17,SKU-045,RET-012,26,134.78
2026-08-18,SKU-045,RET-023,18,134.78
2026-08-19,SKU-045,RET-060,22,134.78
2026-08-20,SKU-045,RET-009,17,134.78
2026-08-21,SKU-045,RET-100,38,134.78
2026-08-22,SKU-045,RET-087,23,134.78
2026-08-23,SKU-045,RET-043,26,134.78
2026-08-24,SKU-045,RET-064,25,134.78
2026-08-25,SKU-045,RET-062,25,134.78
2025-08-26,SKU-046,RET-008,32,219.45
2025-08-27,SKU-046,RET-016,23,219.45
2025-08-28,SKU-046,RET-075,26,219.45
2025-08-29,SKU-046,RET-041,27,219.45
2025-08-30,SKU-046,RET-048,38,219.45
2025-08-31,SKU-046,RET-039,35,219.45
2025-09-01,SKU-046,RET-082,27,219.45
2025-09-02,SKU-046,RET-044,20,219.45
2025-09-03,SKU-046,RET-009,30,219.45
2025-09-04,SKU-046,RET-094,27,219.45
2025-09-05,SKU-046,RET-008,22,219.45
2025-09-06,SKU-046,RET-026,26,219.45
2025-09-07,SKU-046,RET-058,28,219.45
2025-09-08,SKU-046,RET-020,29,219.45
2025-09-09,SKU-046,RET-019,29,219.45
2025-09-10,SKU-046,RET-003,23,219.45
2025-09-11,SKU-046,RET-094,20,219.45
2025-09-12,SKU-046,RET-080,24,219.45
2025-09-13,SKU-046,RET-008,39,219.45
2025-09-14,SKU-046,RET-092,22,219.45
2025-09-15,SKU-046,RET-044,22,219.45
2025-09-16,SKU-046,RET-021,24,219.45
2025-09-17,SKU-046,RET-008,26,219.45
2025-09-18,SKU-046,RET-095,23,219.45
2025-09-19,SKU-046,RET-052,30,219.45
2025-09-20,SKU-046,RET-008,26,219.45
2025-09-21,SKU-046,RET-044,29,219.45
2025-09-22,SKU-046,RET-097,24,219.45
2025-09-23,SKU-046,RET-026,22,219.45
2025-09-24,SKU-046,RET-048,27,219.45
2025-09-25,SKU-046,RET-066,15,219.45
2025-09-26,SKU-046,RET-095,36,219.45
2025-09-27,SKU-046,RET-044,29,219.45
2025-09-28,SKU-046,RET-017,13,219.45
2025-09-29,SKU-046,RET-088,26,219.45
2025-09-30,SKU-046,RET-031,20,219.45
2025-10-01,SKU-046,RET-023,33,219.45
2025-10-02,SKU-046,RET-099,27,219.45
2025-10-03,SKU-046,RET-097,43,219.45
2025-10-04,SKU-046,RET-051,43,219.45
2025-10-05,SKU-046,RET-079,29,219.45
2025-10-06,SKU-046,RET-046,33,219.45
2025-10-07,SKU-046,RET-018,28,219.45
2025-10-08,SKU-046,RET-045,21,219.45
2025-10-09,SKU-046,RET-081,36,219.45
2025-10-10,SKU-046,RET-092,38,219.45
2025-10-11,SKU-046,RET-071,43,219.45
2025-10-12,SKU-046,RET-036,31,219.45
2025-10-13,SKU-046,RET-019,24,219.45
2025-10-14,SKU-046,RET-050,25,219.45
2025-10-15,SKU-046,RET-067,35,219.45
2025-10-16,SKU-046,RET-067,31,219.45
2025-10-17,SKU-046,RET-052,46,219.45
2025-10-18,SKU-046,RET-029,44,219.45
2025-10-19,SKU-046,RET-076,29,219.45
2025-10-20,SKU-046,RET-093,42,219.45
2025-10-21,SKU-046,RET-002,26,219.45
2025-10-22,SKU-046,RET-056,29,219.45
2025-10-23,SKU-046,RET-077,31,219.45
2025-10-24,SKU-046,RET-045,35,219.45
2025-10-25,SKU-046,RET-014,41,219.45
2025-10-26,SKU-046,RET-022,30,219.45
2025-10-27,SKU-046,RET-080,21,219.45
2025-10-28,SKU-046,RET-064,32,219.45
2025-10-29,SKU-046,RET-067,35,219.45
2025-10-30,SKU-046,RET-067,31,219.45
2025-10-31,SKU-046,RET-022,46,219.45
2025-11-01,SKU-046,RET-061,37,219.45
2025-11-02,SKU-046,RET-069,35,219.45
2025-11-03,SKU-046,RET-015,28,219.45
2025-11-04,SKU-046,RET-006,34,219.45
2025-11-05,SKU-046,RET-025,20,219.45
2025-11-06,SKU-046,RET-031,32,219.45
2025-11-07,SKU-046,RET-014,44,219.45
2025-11-08,SKU-046,RET-012,42,219.45
2025-11-09,SKU-046,RET-053,32,219.45
2025-11-10,SKU-046,RET-089,30,219.45
2025-11-11,SKU-046,RET-037,33,219.45
2025-11-12,SKU-046,RET-077,43,219.45
2025-11-13,SKU-046,RET-094,31,219.45
2025-11-14,SKU-046,RET-071,44,219.45
2025-11-15,SKU-046,RET-042,36,219.45
2025-11-16,SKU-046,RET-017,36,219.45
2025-11-17,SKU-046,RET-059,42,219.45
2025-11-18,SKU-046,RET-069,39,219.45
2025-11-19,SKU-046,RET-048,39,219.45
2025-11-20,SKU-046,RET-089,38,219.45
2025-11-21,SKU-046,RET-088,40,219.45
2025-11-22,SKU-046,RET-075,45,219.45
2025-11-23,SKU-046,RET-050,32,219.45
2025-11-24,SKU-046,RET-043,29,219.45
2025-11-25,SKU-046,RET-045,32,219.45
2025-11-26,SKU-046,RET-094,32,219.45
2025-11-27,SKU-046,RET-081,36,219.45
2025-11-28,SKU-046,RET-030,42,219.45
2025-11-29,SKU-046,RET-085,38,219.45
2025-11-30,SKU-046,RET-042,29,219.45
2025-12-01,SKU-046,RET-014,26,219.45
2025-12-02,SKU-046,RET-052,30,219.45
2025-12-03,SKU-046,RET-037,27,219.45
2025-12-04,SKU-046,RET-035,32,219.45
2025-12-05,SKU-046,RET-031,34,219.45
2025-12-06,SKU-046,RET-011,21,219.45
2025-12-07,SKU-046,RET-035,35,219.45
2025-12-08,SKU-046,RET-086,29,219.45
2025-12-09,SKU-046,RET-082,37,219.45
2025-12-10,SKU-046,RET-070,30,219.45
2025-12-11,SKU-046,RET-044,32,219.45
2025-12-12,SKU-046,RET-006,33,219.45
2025-12-13,SKU-046,RET-097,32,219.45
2025-12-14,SKU-046,RET-037,41,219.45
2025-12-15,SKU-046,RET-056,33,219.45
2025-12-16,SKU-046,RET-020,29,219.45
2025-12-17,SKU-046,RET-087,21,219.45
2025-12-18,SKU-046,RET-053,24,219.45
2025-12-19,SKU-046,RET-014,35,219.45
2025-12-20,SKU-046,RET-088,42,219.45
2025-12-21,SKU-046,RET-007,30,219.45
2025-12-22,SKU-046,RET-009,28,219.45
2025-12-23,SKU-046,RET-064,30,219.45
2025-12-24,SKU-046,RET-092,22,219.45
2025-12-25,SKU-046,RET-071,33,219.45
2025-12-26,SKU-046,RET-049,33,219.45
2025-12-27,SKU-046,RET-097,46,219.45
2025-12-28,SKU-046,RET-099,28,219.45
2025-12-29,SKU-046,RET-018,13,219.45
2025-12-30,SKU-046,RET-066,30,219.45
2025-12-31,SKU-046,RET-026,36,219.45
2026-01-01,SKU-046,RET-081,44,219.45
2026-01-02,SKU-046,RET-099,35,219.45
2026-01-03,SKU-046,RET-079,38,219.45
2026-01-04,SKU-046,RET-086,27,219.45
2026-01-05,SKU-046,RET-061,35,219.45
2026-01-06,SKU-046,RET-068,30,219.45
2026-01-07,SKU-046,RET-051,29,219.45
2026-01-08,SKU-046,RET-069,32,219.45
2026-01-09,SKU-046,RET-032,40,219.45
2026-01-10,SKU-046,RET-095,43,219.45
2026-01-11,SKU-046,RET-085,42,219.45
2026-01-12,SKU-046,RET-001,34,219.45
2026-01-13,SKU-046,RET-055,32,219.45
2026-01-14,SKU-046,RET-074,25,219.45
2026-01-15,SKU-046,RET-021,21,219.45
2026-01-16,SKU-046,RET-014,36,219.45
2026-01-17,SKU-046,RET-063,38,219.45
2026-01-18,SKU-046,RET-087,32,219.45
2026-01-19,SKU-046,RET-006,27,219.45
2026-01-20,SKU-046,RET-050,34,219.45
2026-01-21,SKU-046,RET-060,38,219.45
2026-01-22,SKU-046,RET-065,29,219.45
2026-01-23,SKU-046,RET-059,36,219.45
2026-01-24,SKU-046,RET-056,38,219.45
2026-01-25,SKU-046,RET-052,24,219.45
2026-01-26,SKU-046,RET-097,29,219.45
2026-01-27,SKU-046,RET-078,24,219.45
2026-01-28,SKU-046,RET-100,34,219.45
2026-01-29,SKU-046,RET-079,31,219.45
2026-01-30,SKU-046,RET-093,29,219.45
2026-01-31,SKU-046,RET-091,47,219.45
2026-02-01,SKU-046,RET-036,23,219.45
2026-02-02,SKU-046,RET-042,31,219.45
2026-02-03,SKU-046,RET-009,31,219.45
2026-02-04,SKU-046,RET-085,37,219.45
2026-02-05,SKU-046,RET-007,32,219.45
2026-02-06,SKU-046,RET-057,42,219.45
2026-02-07,SKU-046,RET-096,37,219.45
2026-02-08,SKU-046,RET-021,23,219.45
2026-02-09,SKU-046,RET-069,34,219.45
2026-02-10,SKU-046,RET-057,27,219.45
2026-02-11,SKU-046,RET-001,41,219.45
2026-02-12,SKU-046,RET-022,35,219.45
2026-02-13,SKU-046,RET-062,46,219.45
2026-02-14,SKU-046,RET-021,54,219.45
2026-02-15,SKU-046,RET-039,27,219.45
2026-02-16,SKU-046,RET-017,43,219.45
2026-02-17,SKU-046,RET-047,23,219.45
2026-02-18,SKU-046,RET-003,29,219.45
2026-02-19,SKU-046,RET-040,36,219.45
2026-02-20,SKU-046,RET-064,47,219.45
2026-02-21,SKU-046,RET-001,46,219.45
2026-02-22,SKU-046,RET-050,29,219.45
2026-02-23,SKU-046,RET-037,33,219.45
2026-02-24,SKU-046,RET-046,27,219.45
2026-02-25,SKU-046,RET-011,43,219.45
2026-02-26,SKU-046,RET-079,29,219.45
2026-02-27,SKU-046,RET-024,46,219.45
2026-02-28,SKU-046,RET-036,44,219.45
2026-03-01,SKU-046,RET-032,25,219.45
2026-03-02,SKU-046,RET-025,26,219.45
2026-03-03,SKU-046,RET-014,30,219.45
2026-03-04,SKU-046,RET-081,31,219.45
2026-03-05,SKU-046,RET-075,30,219.45
2026-03-06,SKU-046,RET-062,45,219.45
2026-03-07,SKU-046,RET-070,38,219.45
2026-03-08,SKU-046,RET-089,31,219.45
2026-03-09,SKU-046,RET-050,32,219.45
2026-03-10,SKU-046,RET-051,33,219.45
2026-03-11,SKU-046,RET-068,29,219.45
2026-03-12,SKU-046,RET-005,24,219.45
2026-03-13,SKU-046,RET-002,39,219.45
2026-03-14,SKU-046,RET-038,36,219.45
2026-03-15,SKU-046,RET-063,29,219.45
2026-03-16,SKU-046,RET-100,30,219.45
2026-03-17,SKU-046,RET-056,34,219.45
2026-03-18,SKU-046,RET-015,31,219.45
2026-03-19,SKU-046,RET-087,34,219.45
2026-03-20,SKU-046,RET-008,54,219.45
2026-03-21,SKU-046,RET-031,46,219.45
2026-03-22,SKU-046,RET-094,36,219.45
2026-03-23,SKU-046,RET-098,35,219.45
2026-03-24,SKU-046,RET-082,37,219.45
2026-03-25,SKU-046,RET-036,37,219.45
2026-03-26,SKU-046,RET-011,39,219.45
2026-03-27,SKU-046,RET-072,43,219.45
2026-03-28,SKU-046,RET-051,50,219.45
2026-03-29,SKU-046,RET-074,27,219.45
2026-03-30,SKU-046,RET-075,43,219.45
2026-03-31,SKU-046,RET-030,35,219.45
2026-04-01,SKU-046,RET-075,54,219.45
2026-04-02,SKU-046,RET-054,32,219.45
2026-04-03,SKU-046,RET-090,46,219.45
2026-04-04,SKU-046,RET-028,42,219.45
2026-04-05,SKU-046,RET-056,44,219.45
2026-04-06,SKU-046,RET-007,27,219.45
2026-04-07,SKU-046,RET-005,30,219.45
2026-04-08,SKU-046,RET-099,39,219.45
2026-04-09,SKU-046,RET-097,36,219.45
2026-04-10,SKU-046,RET-053,52,219.45
2026-04-11,SKU-046,RET-020,47,219.45
2026-04-12,SKU-046,RET-053,50,219.45
2026-04-13,SKU-046,RET-024,39,219.45
2026-04-14,SKU-046,RET-038,37,219.45
2026-04-15,SKU-046,RET-036,32,219.45
2026-04-16,SKU-046,RET-048,32,219.45
2026-04-17,SKU-046,RET-073,52,219.45
2026-04-18,SKU-046,RET-066,47,219.45
2026-04-19,SKU-046,RET-075,25,219.45
2026-04-20,SKU-046,RET-048,38,219.45
2026-04-21,SKU-046,RET-065,43,219.45
2026-04-22,SKU-046,RET-075,24,219.45
2026-04-23,SKU-046,RET-091,27,219.45
2026-04-24,SKU-046,RET-039,39,219.45
2026-04-25,SKU-046,RET-045,39,219.45
2026-04-26,SKU-046,RET-002,28,219.45
2026-04-27,SKU-046,RET-028,37,219.45
2026-04-28,SKU-046,RET-035,32,219.45
2026-04-29,SKU-046,RET-027,30,219.45
2026-04-30,SKU-046,RET-095,29,219.45
2026-05-01,SKU-046,RET-072,46,219.45
2026-05-02,SKU-046,RET-083,34,219.45
2026-05-03,SKU-046,RET-006,32,219.45
2026-05-04,SKU-046,RET-078,33,219.45
2026-05-05,SKU-046,RET-024,36,219.45
2026-05-06,SKU-046,RET-071,40,219.45
2026-05-07,SKU-046,RET-073,35,219.45
2026-05-08,SKU-046,RET-066,54,219.45
2026-05-09,SKU-046,RET-049,56,219.45
2026-05-10,SKU-046,RET-033,35,219.45
2026-05-11,SKU-046,RET-041,44,219.45
2026-05-12,SKU-046,RET-020,23,219.45
2026-05-13,SKU-046,RET-065,36,219.45
2026-05-14,SKU-046,RET-066,30,219.45
2026-05-15,SKU-046,RET-065,48,219.45
2026-05-16,SKU-046,RET-062,30,219.45
2026-05-17,SKU-046,RET-003,32,219.45
2026-05-18,SKU-046,RET-007,32,219.45
2026-05-19,SKU-046,RET-066,32,219.45
2026-05-20,SKU-046,RET-086,38,219.45
2026-05-21,SKU-046,RET-096,31,219.45
2026-05-22,SKU-046,RET-008,33,219.45
2026-05-23,SKU-046,RET-098,43,219.45
2026-05-24,SKU-046,RET-068,45,219.45
2026-05-25,SKU-046,RET-053,30,219.45
2026-05-26,SKU-046,RET-094,27,219.45
2026-05-27,SKU-046,RET-074,42,219.45
2026-05-28,SKU-046,RET-004,47,219.45
2026-05-29,SKU-046,RET-067,40,219.45
2026-05-30,SKU-046,RET-064,35,219.45
2026-05-31,SKU-046,RET-070,33,219.45
2026-06-01,SKU-046,RET-087,37,219.45
2026-06-02,SKU-046,RET-093,32,219.45
2026-06-03,SKU-046,RET-055,39,219.45
2026-06-04,SKU-046,RET-095,30,219.45
2026-06-05,SKU-046,RET-097,31,219.45
2026-06-06,SKU-046,RET-035,43,219.45
2026-06-07,SKU-046,RET-024,39,219.45
2026-06-08,SKU-046,RET-068,41,219.45
2026-06-09,SKU-046,RET-065,29,219.45
2026-06-10,SKU-046,RET-099,28,219.45
2026-06-11,SKU-046,RET-042,38,219.45
2026-06-12,SKU-046,RET-027,35,219.45
2026-06-13,SKU-046,RET-030,41,219.45
2026-06-14,SKU-046,RET-039,32,219.45
2026-06-15,SKU-046,RET-099,33,219.45
2026-06-16,SKU-046,RET-034,32,219.45
2026-06-17,SKU-046,RET-088,31,219.45
2026-06-18,SKU-046,RET-010,45,219.45
2026-06-19,SKU-046,RET-059,26,219.45
2026-06-20,SKU-046,RET-075,42,219.45
2026-06-21,SKU-046,RET-011,37,219.45
2026-06-22,SKU-046,RET-014,30,219.45
2026-06-23,SKU-046,RET-099,28,219.45
2026-06-24,SKU-046,RET-029,28,219.45
2026-06-25,SKU-046,RET-025,29,219.45
2026-06-26,SKU-046,RET-079,40,219.45
2026-06-27,SKU-046,RET-055,36,219.45
2026-06-28,SKU-046,RET-100,34,219.45
2026-06-29,SKU-046,RET-088,32,219.45
2026-06-30,SKU-046,RET-003,28,219.45
2026-07-01,SKU-046,RET-026,23,219.45
2026-07-02,SKU-046,RET-087,28,219.45
2026-07-03,SKU-046,RET-083,30,219.45
2026-07-04,SKU-046,RET-089,33,219.45
2026-07-05,SKU-046,RET-078,23,219.45
2026-07-06,SKU-046,RET-001,31,219.45
2026-07-07,SKU-046,RET-004,28,219.45
2026-07-08,SKU-046,RET-069,30,219.45
2026-07-09,SKU-046,RET-063,27,219.45
2026-07-10,SKU-046,RET-096,37,219.45
2026-07-11,SKU-046,RET-037,38,219.45
2026-07-12,SKU-046,RET-023,30,219.45
2026-07-13,SKU-046,RET-080,35,219.45
2026-07-14,SKU-046,RET-020,24,219.45
2026-07-15,SKU-046,RET-076,28,219.45
2026-07-16,SKU-046,RET-087,35,219.45
2026-07-17,SKU-046,RET-050,42,219.45
2026-07-18,SKU-046,RET-064,42,219.45
2026-07-19,SKU-046,RET-041,25,219.45
2026-07-20,SKU-046,RET-020,20,219.45
2026-07-21,SKU-046,RET-061,24,219.45
2026-07-22,SKU-046,RET-061,28,219.45
2026-07-23,SKU-046,RET-058,29,219.45
2026-07-24,SKU-046,RET-008,41,219.45
2026-07-25,SKU-046,RET-073,32,219.45
2026-07-26,SKU-046,RET-092,33,219.45
2026-07-27,SKU-046,RET-045,21,219.45
2026-07-28,SKU-046,RET-006,25,219.45
2026-07-29,SKU-046,RET-042,28,219.45
2026-07-30,SKU-046,RET-063,21,219.45
2026-07-31,SKU-046,RET-074,20,219.45
2026-08-01,SKU-046,RET-013,31,219.45
2026-08-02,SKU-046,RET-090,20,219.45
2026-08-03,SKU-046,RET-059,21,219.45
2026-08-04,SKU-046,RET-080,30,219.45
2026-08-05,SKU-046,RET-034,22,219.45
2026-08-06,SKU-046,RET-073,19,219.45
2026-08-07,SKU-046,RET-088,39,219.45
2026-08-08,SKU-046,RET-047,32,219.45
2026-08-09,SKU-046,RET-089,24,219.45
2026-08-10,SKU-046,RET-080,25,219.45
2026-08-11,SKU-046,RET-016,21,219.45
2026-08-12,SKU-046,RET-045,24,219.45
2026-08-13,SKU-046,RET-043,28,219.45
2026-08-14,SKU-046,RET-027,18,219.45
2026-08-15,SKU-046,RET-011,31,219.45
2026-08-16,SKU-046,RET-009,22,219.45
2026-08-17,SKU-046,RET-067,24,219.45
2026-08-18,SKU-046,RET-056,23,219.45
2026-08-19,SKU-046,RET-031,22,219.45
2026-08-20,SKU-046,RET-091,23,219.45
2026-08-21,SKU-046,RET-044,38,219.45
2026-08-22,SKU-046,RET-097,26,219.45
2026-08-23,SKU-046,RET-034,15,219.45
2026-08-24,SKU-046,RET-016,27,219.45
2026-08-25,SKU-046,RET-044,24,219.45
2025-08-26,SKU-047,RET-090,30,115.74
2025-08-27,SKU-047,RET-002,24,115.74
2025-08-28,SKU-047,RET-039,19,115.74
2025-08-29,SKU-047,RET-031,33,115.74
2025-08-30,SKU-047,RET-011,36,115.74
2025-08-31,SKU-047,RET-069,26,115.74
2025-09-01,SKU-047,RET-038,18,115.74
2025-09-02,SKU-047,RET-097,30,115.74
2025-09-03,SKU-047,RET-054,30,115.74
2025-09-04,SKU-047,RET-085,23,115.74
2025-09-05,SKU-047,RET-017,34,115.74
2025-09-06,SKU-047,RET-090,32,115.74
2025-09-07,SKU-047,RET-067,32,115.74
2025-09-08,SKU-047,RET-039,27,115.74
2025-09-09,SKU-047,RET-082,22,115.74
2025-09-10,SKU-047,RET-038,27,115.74
2025-09-11,SKU-047,RET-091,33,115.74
2025-09-12,SKU-047,RET-097,29,115.74
2025-09-13,SKU-047,RET-029,28,115.74
2025-09-14,SKU-047,RET-013,18,115.74
2025-09-15,SKU-047,RET-033,22,115.74
2025-09-16,SKU-047,RET-092,26,115.74
2025-09-17,SKU-047,RET-088,22,115.74
2025-09-18,SKU-047,RET-076,26,115.74
2025-09-19,SKU-047,RET-045,25,115.74
2025-09-20,SKU-047,RET-049,32,115.74
2025-09-21,SKU-047,RET-068,24,115.74
2025-09-22,SKU-047,RET-093,19,115.74
2025-09-23,SKU-047,RET-057,22,115.74
2025-09-24,SKU-047,RET-087,38,115.74
2025-09-25,SKU-047,RET-078,23,115.74
2025-09-26,SKU-047,RET-038,39,115.74
2025-09-27,SKU-047,RET-091,38,115.74
2025-09-28,SKU-047,RET-089,28,115.74
2025-09-29,SKU-047,RET-098,11,115.74
2025-09-30,SKU-047,RET-080,22,115.74
2025-10-01,SKU-047,RET-021,36,115.74
2025-10-02,SKU-047,RET-057,31,115.74
2025-10-03,SKU-047,RET-013,33,115.74
2025-10-04,SKU-047,RET-047,42,115.74
2025-10-05,SKU-047,RET-081,40,115.74
2025-10-06,SKU-047,RET-091,38,115.74
2025-10-07,SKU-047,RET-089,34,115.74
2025-10-08,SKU-047,RET-017,35,115.74
2025-10-09,SKU-047,RET-053,43,115.74
2025-10-10,SKU-047,RET-056,46,115.74
2025-10-11,SKU-047,RET-005,38,115.74
2025-10-12,SKU-047,RET-013,32,115.74
2025-10-13,SKU-047,RET-079,35,115.74
2025-10-14,SKU-047,RET-022,22,115.74
2025-10-15,SKU-047,RET-090,22,115.74
2025-10-16,SKU-047,RET-066,22,115.74
2025-10-17,SKU-047,RET-066,49,115.74
2025-10-18,SKU-047,RET-068,42,115.74
2025-10-19,SKU-047,RET-029,42,115.74
2025-10-20,SKU-047,RET-018,25,115.74
2025-10-21,SKU-047,RET-080,35,115.74
2025-10-22,SKU-047,RET-007,34,115.74
2025-10-23,SKU-047,RET-088,33,115.74
2025-10-24,SKU-047,RET-037,46,115.74
2025-10-25,SKU-047,RET-037,38,115.74
2025-10-26,SKU-047,RET-088,35,115.74
2025-10-27,SKU-047,RET-057,34,115.74
2025-10-28,SKU-047,RET-099,33,115.74
2025-10-29,SKU-047,RET-075,39,115.74
2025-10-30,SKU-047,RET-019,35,115.74
2025-10-31,SKU-047,RET-098,37,115.74
2025-11-01,SKU-047,RET-010,46,115.74
2025-11-02,SKU-047,RET-047,33,115.74
2025-11-03,SKU-047,RET-081,35,115.74
2025-11-04,SKU-047,RET-044,29,115.74
2025-11-05,SKU-047,RET-036,35,115.74
2025-11-06,SKU-047,RET-067,32,115.74
2025-11-07,SKU-047,RET-008,46,115.74
2025-11-08,SKU-047,RET-041,54,115.74
2025-11-09,SKU-047,RET-091,38,115.74
2025-11-10,SKU-047,RET-022,34,115.74
2025-11-11,SKU-047,RET-036,31,115.74
2025-11-12,SKU-047,RET-078,29,115.74
2025-11-13,SKU-047,RET-034,27,115.74
2025-11-14,SKU-047,RET-021,37,115.74
2025-11-15,SKU-047,RET-076,46,115.74
2025-11-16,SKU-047,RET-093,27,115.74
2025-11-17,SKU-047,RET-062,36,115.74
2025-11-18,SKU-047,RET-074,37,115.74
2025-11-19,SKU-047,RET-079,26,115.74
2025-11-20,SKU-047,RET-088,33,115.74
2025-11-21,SKU-047,RET-052,44,115.74
2025-11-22,SKU-047,RET-089,41,115.74
2025-11-23,SKU-047,RET-043,39,115.74
2025-11-24,SKU-047,RET-016,32,115.74
2025-11-25,SKU-047,RET-099,43,115.74
2025-11-26,SKU-047,RET-093,28,115.74
2025-11-27,SKU-047,RET-010,19,115.74
2025-11-28,SKU-047,RET-026,47,115.74
2025-11-29,SKU-047,RET-032,57,115.74
2025-11-30,SKU-047,RET-052,39,115.74
2025-12-01,SKU-047,RET-045,31,115.74
2025-12-02,SKU-047,RET-083,28,115.74
2025-12-03,SKU-047,RET-015,32,115.74
2025-12-04,SKU-047,RET-098,28,115.74
2025-12-05,SKU-047,RET-046,31,115.74
2025-12-06,SKU-047,RET-079,35,115.74
2025-12-07,SKU-047,RET-009,29,115.74
2025-12-08,SKU-047,RET-026,19,115.74
2025-12-09,SKU-047,RET-081,35,115.74
2025-12-10,SKU-047,RET-027,30,115.74
2025-12-11,SKU-047,RET-085,24,115.74
2025-12-12,SKU-047,RET-017,37,115.74
2025-12-13,SKU-047,RET-087,24,115.74
2025-12-14,SKU-047,RET-002,35,115.74
2025-12-15,SKU-047,RET-057,23,115.74
2025-12-16,SKU-047,RET-044,26,115.74
2025-12-17,SKU-047,RET-030,36,115.74
2025-12-18,SKU-047,RET-027,22,115.74
2025-12-19,SKU-047,RET-052,39,115.74
2025-12-20,SKU-047,RET-073,40,115.74
2025-12-21,SKU-047,RET-053,36,115.74
2025-12-22,SKU-047,RET-072,36,115.74
2025-12-23,SKU-047,RET-072,27,115.74
2025-12-24,SKU-047,RET-082,29,115.74
2025-12-25,SKU-047,RET-006,30,115.74
2025-12-26,SKU-047,RET-067,33,115.74
2025-12-27,SKU-047,RET-033,40,115.74
2025-12-28,SKU-047,RET-065,44,115.74
2025-12-29,SKU-047,RET-090,29,115.74
2025-12-30,SKU-047,RET-042,22,115.74
2025-12-31,SKU-047,RET-099,18,115.74
2026-01-01,SKU-047,RET-046,35,115.74
2026-01-02,SKU-047,RET-077,31,115.74
2026-01-03,SKU-047,RET-071,25,115.74
2026-01-04,SKU-047,RET-091,30,115.74
2026-01-05,SKU-047,RET-065,30,115.74
2026-01-06,SKU-047,RET-088,32,115.74
2026-01-07,SKU-047,RET-078,31,115.74
2026-01-08,SKU-047,RET-016,15,115.74
2026-01-09,SKU-047,RET-059,44,115.74
2026-01-10,SKU-047,RET-066,52,115.74
2026-01-11,SKU-047,RET-053,34,115.74
2026-01-12,SKU-047,RET-029,29,115.74
2026-01-13,SKU-047,RET-081,31,115.74
2026-01-14,SKU-047,RET-014,30,115.74
2026-01-15,SKU-047,RET-013,26,115.74
2026-01-16,SKU-047,RET-034,43,115.74
2026-01-17,SKU-047,RET-053,52,115.74
2026-01-18,SKU-047,RET-053,30,115.74
2026-01-19,SKU-047,RET-097,31,115.74
2026-01-20,SKU-047,RET-013,33,115.74
2026-01-21,SKU-047,RET-093,28,115.74
2026-01-22,SKU-047,RET-036,31,115.74
2026-01-23,SKU-047,RET-055,35,115.74
2026-01-24,SKU-047,RET-075,32,115.74
2026-01-25,SKU-047,RET-015,34,115.74
2026-01-26,SKU-047,RET-033,31,115.74
2026-01-27,SKU-047,RET-001,40,115.74
2026-01-28,SKU-047,RET-008,23,115.74
2026-01-29,SKU-047,RET-093,31,115.74
2026-01-30,SKU-047,RET-021,46,115.74
2026-01-31,SKU-047,RET-030,38,115.74
2026-02-01,SKU-047,RET-051,37,115.74
2026-02-02,SKU-047,RET-038,35,115.74
2026-02-03,SKU-047,RET-037,30,115.74
2026-02-04,SKU-047,RET-025,28,115.74
2026-02-05,SKU-047,RET-008,27,115.74
2026-02-06,SKU-047,RET-070,41,115.74
2026-02-07,SKU-047,RET-093,43,115.74
2026-02-08,SKU-047,RET-088,29,115.74
2026-02-09,SKU-047,RET-030,33,115.74
2026-02-10,SKU-047,RET-050,35,115.74
2026-02-11,SKU-047,RET-088,35,115.74
2026-02-12,SKU-047,RET-005,47,115.74
2026-02-13,SKU-047,RET-063,28,115.74
2026-02-14,SKU-047,RET-058,46,115.74
2026-02-15,SKU-047,RET-044,34,115.74
2026-02-16,SKU-047,RET-061,44,115.74
2026-02-17,SKU-047,RET-075,39,115.74
2026-02-18,SKU-047,RET-045,36,115.74
2026-02-19,SKU-047,RET-081,28,115.74
2026-02-20,SKU-047,RET-067,49,115.74
2026-02-21,SKU-047,RET-007,36,115.74
2026-02-22,SKU-047,RET-035,50,115.74
2026-02-23,SKU-047,RET-064,32,115.74
2026-02-24,SKU-047,RET-014,33,115.74
2026-02-25,SKU-047,RET-087,40,115.74
2026-02-26,SKU-047,RET-079,36,115.74
2026-02-27,SKU-047,RET-052,36,115.74
2026-02-28,SKU-047,RET-046,37,115.74
2026-03-01,SKU-047,RET-025,36,115.74
2026-03-02,SKU-047,RET-026,54,115.74
2026-03-03,SKU-047,RET-023,29,115.74
2026-03-04,SKU-047,RET-089,29,115.74
2026-03-05,SKU-047,RET-020,32,115.74
2026-03-06,SKU-047,RET-036,36,115.74
2026-03-07,SKU-047,RET-088,48,115.74
2026-03-08,SKU-047,RET-058,49,115.74
2026-03-09,SKU-047,RET-065,42,115.74
2026-03-10,SKU-047,RET-052,33,115.74
2026-03-11,SKU-047,RET-058,27,115.74
2026-03-12,SKU-047,RET-053,37,115.74
2026-03-13,SKU-047,RET-046,38,115.74
2026-03-14,SKU-047,RET-054,41,115.74
2026-03-15,SKU-047,RET-057,38,115.74
2026-03-16,SKU-047,RET-023,38,115.74
2026-03-17,SKU-047,RET-008,33,115.74
2026-03-18,SKU-047,RET-093,35,115.74
2026-03-19,SKU-047,RET-078,40,115.74
2026-03-20,SKU-047,RET-027,44,115.74
2026-03-21,SKU-047,RET-066,42,115.74
2026-03-22,SKU-047,RET-073,41,115.74
2026-03-23,SKU-047,RET-009,27,115.74
2026-03-24,SKU-047,RET-054,49,115.74
2026-03-25,SKU-047,RET-072,36,115.74
2026-03-26,SKU-047,RET-058,42,115.74
2026-03-27,SKU-047,RET-097,41,115.74
2026-03-28,SKU-047,RET-080,29,115.74
2026-03-29,SKU-047,RET-093,38,115.74
2026-03-30,SKU-047,RET-041,32,115.74
2026-03-31,SKU-047,RET-008,31,115.74
2026-04-01,SKU-047,RET-078,35,115.74
2026-04-02,SKU-047,RET-013,38,115.74
2026-04-03,SKU-047,RET-016,32,115.74
2026-04-04,SKU-047,RET-061,40,115.74
2026-04-05,SKU-047,RET-020,38,115.74
2026-04-06,SKU-047,RET-040,32,115.74
2026-04-07,SKU-047,RET-015,40,115.74
2026-04-08,SKU-047,RET-001,39,115.74
2026-04-09,SKU-047,RET-009,43,115.74
2026-04-10,SKU-047,RET-090,42,115.74
2026-04-11,SKU-047,RET-067,44,115.74
2026-04-12,SKU-047,RET-070,36,115.74
2026-04-13,SKU-047,RET-025,36,115.74
2026-04-14,SKU-047,RET-074,38,115.74
2026-04-15,SKU-047,RET-069,41,115.74
2026-04-16,SKU-047,RET-100,38,115.74
2026-04-17,SKU-047,RET-084,34,115.74
2026-04-18,SKU-047,RET-052,56,115.74
2026-04-19,SKU-047,RET-063,32,115.74
2026-04-20,SKU-047,RET-053,40,115.74
2026-04-21,SKU-047,RET-055,42,115.74
2026-04-22,SKU-047,RET-011,28,115.74
2026-04-23,SKU-047,RET-069,27,115.74
2026-04-24,SKU-047,RET-065,53,115.74
2026-04-25,SKU-047,RET-022,52,115.74
2026-04-26,SKU-047,RET-061,43,115.74
2026-04-27,SKU-047,RET-022,44,115.74
2026-04-28,SKU-047,RET-089,40,115.74
2026-04-29,SKU-047,RET-023,39,115.74
2026-04-30,SKU-047,RET-006,36,115.74
2026-05-01,SKU-047,RET-035,39,115.74
2026-05-02,SKU-047,RET-031,40,115.74
2026-05-03,SKU-047,RET-030,31,115.74
2026-05-04,SKU-047,RET-025,40,115.74
2026-05-05,SKU-047,RET-018,41,115.74
2026-05-06,SKU-047,RET-070,43,115.74
2026-05-07,SKU-047,RET-082,38,115.74
2026-05-08,SKU-047,RET-051,39,115.74
2026-05-09,SKU-047,RET-019,40,115.74
2026-05-10,SKU-047,RET-044,35,115.74
2026-05-11,SKU-047,RET-020,31,115.74
2026-05-12,SKU-047,RET-078,23,115.74
2026-05-13,SKU-047,RET-012,30,115.74
2026-05-14,SKU-047,RET-071,38,115.74
2026-05-15,SKU-047,RET-095,46,115.74
2026-05-16,SKU-047,RET-055,52,115.74
2026-05-17,SKU-047,RET-064,28,115.74
2026-05-18,SKU-047,RET-088,38,115.74
2026-05-19,SKU-047,RET-043,31,115.74
2026-05-20,SKU-047,RET-037,34,115.74
2026-05-21,SKU-047,RET-015,32,115.74
2026-05-22,SKU-047,RET-083,40,115.74
2026-05-23,SKU-047,RET-098,40,115.74
2026-05-24,SKU-047,RET-081,27,115.74
2026-05-25,SKU-047,RET-025,29,115.74
2026-05-26,SKU-047,RET-097,34,115.74
2026-05-27,SKU-047,RET-082,33,115.74
2026-05-28,SKU-047,RET-044,33,115.74
2026-05-29,SKU-047,RET-015,33,115.74
2026-05-30,SKU-047,RET-072,40,115.74
2026-05-31,SKU-047,RET-052,28,115.74
2026-06-01,SKU-047,RET-089,46,115.74
2026-06-02,SKU-047,RET-028,37,115.74
2026-06-03,SKU-047,RET-047,40,115.74
2026-06-04,SKU-047,RET-020,40,115.74
2026-06-05,SKU-047,RET-077,42,115.74
2026-06-06,SKU-047,RET-026,30,115.74
2026-06-07,SKU-047,RET-048,41,115.74
2026-06-08,SKU-047,RET-077,35,115.74
2026-06-09,SKU-047,RET-064,32,115.74
2026-06-10,SKU-047,RET-009,27,115.74
2026-06-11,SKU-047,RET-030,28,115.74
2026-06-12,SKU-047,RET-088,43,115.74
2026-06-13,SKU-047,RET-098,39,115.74
2026-06-14,SKU-047,RET-045,27,115.74
2026-06-15,SKU-047,RET-044,31,115.74
2026-06-16,SKU-047,RET-013,29,115.74
2026-06-17,SKU-047,RET-008,26,115.74
2026-06-18,SKU-047,RET-020,26,115.74
2026-06-19,SKU-047,RET-011,29,115.74
2026-06-20,SKU-047,RET-089,37,115.74
2026-06-21,SKU-047,RET-018,26,115.74
2026-06-22,SKU-047,RET-083,30,115.74
2026-06-23,SKU-047,RET-071,28,115.74
2026-06-24,SKU-047,RET-077,31,115.74
2026-06-25,SKU-047,RET-055,48,115.74
2026-06-26,SKU-047,RET-056,59,115.74
2026-06-27,SKU-047,RET-008,25,115.74
2026-06-28,SKU-047,RET-049,42,115.74
2026-06-29,SKU-047,RET-048,30,115.74
2026-06-30,SKU-047,RET-045,40,115.74
2026-07-01,SKU-047,RET-044,36,115.74
2026-07-02,SKU-047,RET-088,34,115.74
2026-07-03,SKU-047,RET-004,33,115.74
2026-07-04,SKU-047,RET-037,40,115.74
2026-07-05,SKU-047,RET-032,32,115.74
2026-07-06,SKU-047,RET-089,26,115.74
2026-07-07,SKU-047,RET-021,23,115.74
2026-07-08,SKU-047,RET-031,26,115.74
2026-07-09,SKU-047,RET-069,33,115.74
2026-07-10,SKU-047,RET-040,32,115.74
2026-07-11,SKU-047,RET-068,42,115.74
2026-07-12,SKU-047,RET-065,29,115.74
2026-07-13,SKU-047,RET-005,26,115.74
2026-07-14,SKU-047,RET-063,32,115.74
2026-07-15,SKU-047,RET-046,26,115.74
2026-07-16,SKU-047,RET-048,35,115.74
2026-07-17,SKU-047,RET-095,49,115.74
2026-07-18,SKU-047,RET-072,39,115.74
2026-07-19,SKU-047,RET-094,24,115.74
2026-07-20,SKU-047,RET-033,26,115.74
2026-07-21,SKU-047,RET-029,20,115.74
2026-07-22,SKU-047,RET-050,23,115.74
2026-07-23,SKU-047,RET-098,27,115.74
2026-07-24,SKU-047,RET-059,32,115.74
2026-07-25,SKU-047,RET-061,35,115.74
2026-07-26,SKU-047,RET-071,28,115.74
2026-07-27,SKU-047,RET-075,20,115.74
2026-07-28,SKU-047,RET-004,24,115.74
2026-07-29,SKU-047,RET-024,26,115.74
2026-07-30,SKU-047,RET-052,27,115.74
2026-07-31,SKU-047,RET-052,47,115.74
2026-08-01,SKU-047,RET-083,35,115.74
2026-08-02,SKU-047,RET-042,33,115.74
2026-08-03,SKU-047,RET-086,25,115.74
2026-08-04,SKU-047,RET-083,20,115.74
2026-08-05,SKU-047,RET-087,30,115.74
2026-08-06,SKU-047,RET-014,34,115.74
2026-08-07,SKU-047,RET-086,45,115.74
2026-08-08,SKU-047,RET-042,33,115.74
2026-08-09,SKU-047,RET-086,30,115.74
2026-08-10,SKU-047,RET-065,24,115.74
2026-08-11,SKU-047,RET-002,27,115.74
2026-08-12,SKU-047,RET-070,23,115.74
2026-08-13,SKU-047,RET-029,35,115.74
2026-08-14,SKU-047,RET-056,44,115.74
2026-08-15,SKU-047,RET-042,37,115.74
2026-08-16,SKU-047,RET-065,37,115.74
2026-08-17,SKU-047,RET-003,24,115.74
2026-08-18,SKU-047,RET-086,26,115.74
2026-08-19,SKU-047,RET-041,20,115.74
2026-08-20,SKU-047,RET-088,34,115.74
2026-08-21,SKU-047,RET-094,24,115.74
2026-08-22,SKU-047,RET-097,40,115.74
2026-08-23,SKU-047,RET-090,28,115.74
2026-08-24,SKU-047,RET-056,20,115.74
2026-08-25,SKU-047,RET-085,29,115.74
2025-08-26,SKU-048,RET-034,17,151.42
2025-08-27,SKU-048,RET-049,17,151.42
2025-08-28,SKU-048,RET-084,17,151.42
2025-08-29,SKU-048,RET-020,18,151.42
2025-08-30,SKU-048,RET-010,20,151.42
2025-08-31,SKU-048,RET-055,33,151.42
2025-09-01,SKU-048,RET-067,11,151.42
2025-09-02,SKU-048,RET-034,21,151.42
2025-09-03,SKU-048,RET-002,25,151.42
2025-09-04,SKU-048,RET-060,19,151.42
2025-09-05,SKU-048,RET-027,36,151.42
2025-09-06,SKU-048,RET-046,23,151.42
2025-09-07,SKU-048,RET-019,17,151.42
2025-09-08,SKU-048,RET-079,11,151.42
2025-09-09,SKU-048,RET-098,26,151.42
2025-09-10,SKU-048,RET-022,13,151.42
2025-09-11,SKU-048,RET-012,12,151.42
2025-09-12,SKU-048,RET-018,19,151.42
2025-09-13,SKU-048,RET-074,16,151.42
2025-09-14,SKU-048,RET-017,18,151.42
2025-09-15,SKU-048,RET-026,21,151.42
2025-09-16,SKU-048,RET-096,18,151.42
2025-09-17,SKU-048,RET-066,17,151.42
2025-09-18,SKU-048,RET-038,15,151.42
2025-09-19,SKU-048,RET-092,23,151.42
2025-09-20,SKU-048,RET-016,26,151.42
2025-09-21,SKU-048,RET-018,12,151.42
2025-09-22,SKU-048,RET-006,15,151.42
2025-09-23,SKU-048,RET-019,21,151.42
2025-09-24,SKU-048,RET-019,16,151.42
2025-09-25,SKU-048,RET-036,19,151.42
2025-09-26,SKU-048,RET-095,21,151.42
2025-09-27,SKU-048,RET-034,27,151.42
2025-09-28,SKU-048,RET-089,21,151.42
2025-09-29,SKU-048,RET-084,11,151.42
2025-09-30,SKU-048,RET-023,14,151.42
2025-10-01,SKU-048,RET-092,26,151.42
2025-10-02,SKU-048,RET-046,27,151.42
2025-10-03,SKU-048,RET-041,25,151.42
2025-10-04,SKU-048,RET-034,17,151.42
2025-10-05,SKU-048,RET-073,18,151.42
2025-10-06,SKU-048,RET-025,21,151.42
2025-10-07,SKU-048,RET-074,24,151.42
2025-10-08,SKU-048,RET-062,20,151.42
2025-10-09,SKU-048,RET-029,23,151.42
2025-10-10,SKU-048,RET-092,35,151.42
2025-10-11,SKU-048,RET-033,30,151.42
2025-10-12,SKU-048,RET-054,18,151.42
2025-10-13,SKU-048,RET-014,23,151.42
2025-10-14,SKU-048,RET-069,21,151.42
2025-10-15,SKU-048,RET-024,19,151.42
2025-10-16,SKU-048,RET-099,24,151.42
2025-10-17,SKU-048,RET-007,25,151.42
2025-10-18,SKU-048,RET-041,35,151.42
2025-10-19,SKU-048,RET-018,24,151.42
2025-10-20,SKU-048,RET-098,24,151.42
2025-10-21,SKU-048,RET-006,16,151.42
2025-10-22,SKU-048,RET-043,22,151.42
2025-10-23,SKU-048,RET-084,23,151.42
2025-10-24,SKU-048,RET-035,35,151.42
2025-10-25,SKU-048,RET-077,29,151.42
2025-10-26,SKU-048,RET-098,22,151.42
2025-10-27,SKU-048,RET-061,27,151.42
2025-10-28,SKU-048,RET-092,21,151.42
2025-10-29,SKU-048,RET-028,35,151.42
2025-10-30,SKU-048,RET-070,20,151.42
2025-10-31,SKU-048,RET-035,25,151.42
2025-11-01,SKU-048,RET-058,35,151.42
2025-11-02,SKU-048,RET-075,27,151.42
2025-11-03,SKU-048,RET-077,19,151.42
2025-11-04,SKU-048,RET-043,17,151.42
2025-11-05,SKU-048,RET-045,17,151.42
2025-11-06,SKU-048,RET-051,21,151.42
2025-11-07,SKU-048,RET-057,25,151.42
2025-11-08,SKU-048,RET-015,27,151.42
2025-11-09,SKU-048,RET-022,31,151.42
2025-11-10,SKU-048,RET-099,20,151.42
2025-11-11,SKU-048,RET-016,21,151.42
2025-11-12,SKU-048,RET-096,26,151.42
2025-11-13,SKU-048,RET-035,19,151.42
2025-11-14,SKU-048,RET-098,22,151.42
2025-11-15,SKU-048,RET-063,30,151.42
2025-11-16,SKU-048,RET-071,22,151.42
2025-11-17,SKU-048,RET-009,28,151.42
2025-11-18,SKU-048,RET-038,31,151.42
2025-11-19,SKU-048,RET-091,33,151.42
2025-11-20,SKU-048,RET-084,29,151.42
2025-11-21,SKU-048,RET-012,33,151.42
2025-11-22,SKU-048,RET-078,33,151.42
2025-11-23,SKU-048,RET-024,22,151.42
2025-11-24,SKU-048,RET-074,27,151.42
2025-11-25,SKU-048,RET-079,30,151.42
2025-11-26,SKU-048,RET-092,34,151.42
2025-11-27,SKU-048,RET-057,24,151.42
2025-11-28,SKU-048,RET-076,28,151.42
2025-11-29,SKU-048,RET-065,33,151.42
2025-11-30,SKU-048,RET-004,17,151.42
2025-12-01,SKU-048,RET-080,22,151.42
2025-12-02,SKU-048,RET-045,15,151.42
2025-12-03,SKU-048,RET-088,11,151.42
2025-12-04,SKU-048,RET-080,23,151.42
2025-12-05,SKU-048,RET-039,21,151.42
2025-12-06,SKU-048,RET-047,15,151.42
2025-12-07,SKU-048,RET-059,28,151.42
2025-12-08,SKU-048,RET-092,19,151.42
2025-12-09,SKU-048,RET-086,22,151.42
2025-12-10,SKU-048,RET-039,28,151.42
2025-12-11,SKU-048,RET-016,19,151.42
2025-12-12,SKU-048,RET-035,26,151.42
2025-12-13,SKU-048,RET-098,14,151.42
2025-12-14,SKU-048,RET-036,15,151.42
2025-12-15,SKU-048,RET-078,21,151.42
2025-12-16,SKU-048,RET-078,18,151.42
2025-12-17,SKU-048,RET-063,28,151.42
2025-12-18,SKU-048,RET-049,17,151.42
2025-12-19,SKU-048,RET-071,22,151.42
2025-12-20,SKU-048,RET-017,28,151.42
2025-12-21,SKU-048,RET-014,20,151.42
2025-12-22,SKU-048,RET-091,16,151.42
2025-12-23,SKU-048,RET-001,20,151.42
2025-12-24,SKU-048,RET-059,18,151.42
2025-12-25,SKU-048,RET-094,19,151.42
2025-12-26,SKU-048,RET-015,30,151.42
2025-12-27,SKU-048,RET-038,34,151.42
2025-12-28,SKU-048,RET-019,31,151.42
2025-12-29,SKU-048,RET-027,19,151.42
2025-12-30,SKU-048,RET-035,18,151.42
2025-12-31,SKU-048,RET-035,18,151.42
2026-01-01,SKU-048,RET-057,21,151.42
2026-01-02,SKU-048,RET-036,26,151.42
2026-01-03,SKU-048,RET-052,35,151.42
2026-01-04,SKU-048,RET-039,29,151.42
2026-01-05,SKU-048,RET-079,22,151.42
2026-01-06,SKU-048,RET-076,26,151.42
2026-01-07,SKU-048,RET-043,19,151.42
2026-01-08,SKU-048,RET-063,18,151.42
2026-01-09,SKU-048,RET-081,25,151.42
2026-01-10,SKU-048,RET-089,25,151.42
2026-01-11,SKU-048,RET-029,19,151.42
2026-01-12,SKU-048,RET-044,22,151.42
2026-01-13,SKU-048,RET-061,25,151.42
2026-01-14,SKU-048,RET-044,24,151.42
2026-01-15,SKU-048,RET-058,25,151.42
2026-01-16,SKU-048,RET-099,28,151.42
2026-01-17,SKU-048,RET-025,27,151.42
2026-01-18,SKU-048,RET-053,23,151.42
2026-01-19,SKU-048,RET-059,26,151.42
2026-01-20,SKU-048,RET-067,19,151.42
2026-01-21,SKU-048,RET-092,20,151.42
2026-01-22,SKU-048,RET-068,17,151.42
2026-01-23,SKU-048,RET-085,25,151.42
2026-01-24,SKU-048,RET-018,33,151.42
2026-01-25,SKU-048,RET-013,25,151.42
2026-01-26,SKU-048,RET-017,20,151.42
2026-01-27,SKU-048,RET-098,15,151.42
2026-01-28,SKU-048,RET-076,21,151.42
2026-01-29,SKU-048,RET-062,17,151.42
2026-01-30,SKU-048,RET-034,23,151.42
2026-01-31,SKU-048,RET-027,21,151.42
2026-02-01,SKU-048,RET-077,29,151.42
2026-02-02,SKU-048,RET-050,20,151.42
2026-02-03,SKU-048,RET-013,17,151.42
2026-02-04,SKU-048,RET-087,22,151.42
2026-02-05,SKU-048,RET-097,21,151.42
2026-02-06,SKU-048,RET-076,27,151.42
2026-02-07,SKU-048,RET-048,28,151.42
2026-02-08,SKU-048,RET-098,24,151.42
2026-02-09,SKU-048,RET-036,24,151.42
2026-02-10,SKU-048,RET-071,22,151.42
2026-02-11,SKU-048,RET-044,24,151.42
2026-02-12,SKU-048,RET-040,22,151.42
2026-02-13,SKU-048,RET-045,20,151.42
2026-02-14,SKU-048,RET-074,27,151.42
2026-02-15,SKU-048,RET-060,24,151.42
2026-02-16,SKU-048,RET-037,16,151.42
2026-02-17,SKU-048,RET-053,18,151.42
2026-02-18,SKU-048,RET-058,32,151.42
2026-02-19,SKU-048,RET-026,21,151.42
2026-02-20,SKU-048,RET-043,34,151.42
2026-02-21,SKU-048,RET-047,43,151.42
2026-02-22,SKU-048,RET-069,17,151.42
2026-02-23,SKU-048,RET-099,22,151.42
2026-02-24,SKU-048,RET-079,22,151.42
2026-02-25,SKU-048,RET-005,17,151.42
2026-02-26,SKU-048,RET-081,25,151.42
2026-02-27,SKU-048,RET-017,27,151.42
2026-02-28,SKU-048,RET-061,31,151.42
2026-03-01,SKU-048,RET-021,25,151.42
2026-03-02,SKU-048,RET-024,19,151.42
2026-03-03,SKU-048,RET-001,17,151.42
2026-03-04,SKU-048,RET-066,25,151.42
2026-03-05,SKU-048,RET-086,34,151.42
2026-03-06,SKU-048,RET-077,29,151.42
2026-03-07,SKU-048,RET-009,27,151.42
2026-03-08,SKU-048,RET-067,29,151.42
2026-03-09,SKU-048,RET-089,25,151.42
2026-03-10,SKU-048,RET-062,12,151.42
2026-03-11,SKU-048,RET-064,17,151.42
2026-03-12,SKU-048,RET-031,17,151.42
2026-03-13,SKU-048,RET-049,40,151.42
2026-03-14,SKU-048,RET-072,31,151.42
2026-03-15,SKU-048,RET-082,22,151.42
2026-03-16,SKU-048,RET-025,22,151.42
2026-03-17,SKU-048,RET-074,21,151.42
2026-03-18,SKU-048,RET-042,17,151.42
2026-03-19,SKU-048,RET-003,18,151.42
2026-03-20,SKU-048,RET-093,42,151.42
2026-03-21,SKU-048,RET-008,35,151.42
2026-03-22,SKU-048,RET-047,27,151.42
2026-03-23,SKU-048,RET-067,27,151.42
2026-03-24,SKU-048,RET-066,26,151.42
2026-03-25,SKU-048,RET-036,23,151.42
2026-03-26,SKU-048,RET-050,28,151.42
2026-03-27,SKU-048,RET-016,30,151.42
2026-03-28,SKU-048,RET-041,32,151.42
2026-03-29,SKU-048,RET-094,20,151.42
2026-03-30,SKU-048,RET-077,22,151.42
2026-03-31,SKU-048,RET-092,24,151.42
2026-04-01,SKU-048,RET-070,25,151.42
2026-04-02,SKU-048,RET-010,23,151.42
2026-04-03,SKU-048,RET-034,37,151.42
2026-04-04,SKU-048,RET-031,36,151.42
2026-04-05,SKU-048,RET-016,39,151.42
2026-04-06,SKU-048,RET-081,18,151.42
2026-04-07,SKU-048,RET-056,29,151.42
2026-04-08,SKU-048,RET-057,29,151.42
2026-04-09,SKU-048,RET-064,25,151.42
2026-04-10,SKU-048,RET-077,28,151.42
2026-04-11,SKU-048,RET-016,43,151.42
2026-04-12,SKU-048,RET-002,19,151.42
2026-04-13,SKU-048,RET-014,23,151.42
2026-04-14,SKU-048,RET-045,35,151.42
2026-04-15,SKU-048,RET-064,19,151.42
2026-04-16,SKU-048,RET-069,19,151.42
2026-04-17,SKU-048,RET-037,38,151.42
2026-04-18,SKU-048,RET-068,35,151.42
2026-04-19,SKU-048,RET-049,21,151.42
2026-04-20,SKU-048,RET-060,20,151.42
2026-04-21,SKU-048,RET-080,23,151.42
2026-04-22,SKU-048,RET-027,21,151.42
2026-04-23,SKU-048,RET-067,23,151.42
2026-04-24,SKU-048,RET-097,34,151.42
2026-04-25,SKU-048,RET-060,27,151.42
2026-04-26,SKU-048,RET-064,21,151.42
2026-04-27,SKU-048,RET-074,24,151.42
2026-04-28,SKU-048,RET-048,28,151.42
2026-04-29,SKU-048,RET-098,20,151.42
2026-04-30,SKU-048,RET-087,20,151.42
2026-05-01,SKU-048,RET-001,36,151.42
2026-05-02,SKU-048,RET-072,32,151.42
2026-05-03,SKU-048,RET-094,19,151.42
2026-05-04,SKU-048,RET-023,19,151.42
2026-05-05,SKU-048,RET-043,33,151.42
2026-05-06,SKU-048,RET-058,23,151.42
2026-05-07,SKU-048,RET-053,36,151.42
2026-05-08,SKU-048,RET-098,27,151.42
2026-05-09,SKU-048,RET-064,40,151.42
2026-05-10,SKU-048,RET-077,16,151.42
2026-05-11,SKU-048,RET-057,21,151.42
2026-05-12,SKU-048,RET-024,26,151.42
2026-05-13,SKU-048,RET-059,21,151.42
2026-05-14,SKU-048,RET-087,22,151.42
2026-05-15,SKU-048,RET-018,36,151.42
2026-05-16,SKU-048,RET-099,20,151.42
2026-05-17,SKU-048,RET-033,27,151.42
2026-05-18,SKU-048,RET-026,21,151.42
2026-05-19,SKU-048,RET-038,28,151.42
2026-05-20,SKU-048,RET-089,24,151.42
2026-05-21,SKU-048,RET-057,30,151.42
2026-05-22,SKU-048,RET-009,38,151.42
2026-05-23,SKU-048,RET-092,36,151.42
2026-05-24,SKU-048,RET-029,21,151.42
2026-05-25,SKU-048,RET-013,27,151.42
2026-05-26,SKU-048,RET-043,22,151.42
2026-05-27,SKU-048,RET-026,22,151.42
2026-05-28,SKU-048,RET-063,17,151.42
2026-05-29,SKU-048,RET-094,24,151.42
2026-05-30,SKU-048,RET-085,34,151.42
2026-05-31,SKU-048,RET-051,23,151.42
2026-06-01,SKU-048,RET-096,20,151.42
2026-06-02,SKU-048,RET-099,15,151.42
2026-06-03,SKU-048,RET-046,20,151.42
2026-06-04,SKU-048,RET-071,26,151.42
2026-06-05,SKU-048,RET-002,24,151.42
2026-06-06,SKU-048,RET-026,24,151.42
2026-06-07,SKU-048,RET-024,20,151.42
2026-06-08,SKU-048,RET-078,28,151.42
2026-06-09,SKU-048,RET-037,21,151.42
2026-06-10,SKU-048,RET-059,18,151.42
2026-06-11,SKU-048,RET-064,27,151.42
2026-06-12,SKU-048,RET-015,25,151.42
2026-06-13,SKU-048,RET-050,28,151.42
2026-06-14,SKU-048,RET-071,24,151.42
2026-06-15,SKU-048,RET-004,27,151.42
2026-06-16,SKU-048,RET-033,20,151.42
2026-06-17,SKU-048,RET-071,26,151.42
2026-06-18,SKU-048,RET-100,23,151.42
2026-06-19,SKU-048,RET-037,20,151.42
2026-06-20,SKU-048,RET-049,25,151.42
2026-06-21,SKU-048,RET-048,17,151.42
2026-06-22,SKU-048,RET-097,20,151.42
2026-06-23,SKU-048,RET-063,27,151.42
2026-06-24,SKU-048,RET-007,26,151.42
2026-06-25,SKU-048,RET-088,18,151.42
2026-06-26,SKU-048,RET-038,27,151.42
2026-06-27,SKU-048,RET-099,28,151.42
2026-06-28,SKU-048,RET-057,20,151.42
2026-06-29,SKU-048,RET-034,18,151.42
2026-06-30,SKU-048,RET-048,29,151.42
2026-07-01,SKU-048,RET-085,27,151.42
2026-07-02,SKU-048,RET-009,24,151.42
2026-07-03,SKU-048,RET-038,17,151.42
2026-07-04,SKU-048,RET-024,23,151.42
2026-07-05,SKU-048,RET-018,19,151.42
2026-07-06,SKU-048,RET-007,15,151.42
2026-07-07,SKU-048,RET-063,15,151.42
2026-07-08,SKU-048,RET-084,26,151.42
2026-07-09,SKU-048,RET-025,22,151.42
2026-07-10,SKU-048,RET-017,36,151.42
2026-07-11,SKU-048,RET-023,13,151.42
2026-07-12,SKU-048,RET-038,14,151.42
2026-07-13,SKU-048,RET-041,24,151.42
2026-07-14,SKU-048,RET-019,20,151.42
2026-07-15,SKU-048,RET-072,19,151.42
2026-07-16,SKU-048,RET-066,28,151.42
2026-07-17,SKU-048,RET-056,19,151.42
2026-07-18,SKU-048,RET-062,25,151.42
2026-07-19,SKU-048,RET-098,28,151.42
2026-07-20,SKU-048,RET-091,17,151.42
2026-07-21,SKU-048,RET-037,19,151.42
2026-07-22,SKU-048,RET-088,20,151.42
2026-07-23,SKU-048,RET-069,17,151.42
2026-07-24,SKU-048,RET-005,28,151.42
2026-07-25,SKU-048,RET-061,29,151.42
2026-07-26,SKU-048,RET-029,19,151.42
2026-07-27,SKU-048,RET-065,15,151.42
2026-07-28,SKU-048,RET-052,14,151.42
2026-07-29,SKU-048,RET-037,17,151.42
2026-07-30,SKU-048,RET-059,21,151.42
2026-07-31,SKU-048,RET-087,29,151.42
2026-08-01,SKU-048,RET-087,21,151.42
2026-08-02,SKU-048,RET-012,18,151.42
2026-08-03,SKU-048,RET-004,19,151.42
2026-08-04,SKU-048,RET-093,13,151.42
2026-08-05,SKU-048,RET-099,18,151.42
2026-08-06,SKU-048,RET-055,19,151.42
2026-08-07,SKU-048,RET-051,16,151.42
2026-08-08,SKU-048,RET-074,25,151.42
2026-08-09,SKU-048,RET-085,26,151.42
2026-08-10,SKU-048,RET-010,21,151.42
2026-08-11,SKU-048,RET-040,23,151.42
2026-08-12,SKU-048,RET-016,23,151.42
2026-08-13,SKU-048,RET-015,12,151.42
2026-08-14,SKU-048,RET-040,17,151.42
2026-08-15,SKU-048,RET-061,15,151.42
2026-08-16,SKU-048,RET-096,21,151.42
2026-08-17,SKU-048,RET-074,21,151.42
2026-08-18,SKU-048,RET-053,20,151.42
2026-08-19,SKU-048,RET-056,22,151.42
2026-08-20,SKU-048,RET-078,23,151.42
2026-08-21,SKU-048,RET-066,21,151.42
2026-08-22,SKU-048,RET-013,26,151.42
2026-08-23,SKU-048,RET-094,18,151.42
2026-08-24,SKU-048,RET-064,17,151.42
2026-08-25,SKU-048,RET-012,14,151.42
2025-08-26,SKU-049,RET-062,34,97.62
2025-08-27,SKU-049,RET-086,23,97.62
2025-08-28,SKU-049,RET-028,45,97.62
2025-08-29,SKU-049,RET-068,43,97.62
2025-08-30,SKU-049,RET-048,31,97.62
2025-08-31,SKU-049,RET-055,24,97.62
2025-09-01,SKU-049,RET-032,31,97.62
2025-09-02,SKU-049,RET-022,28,97.62
2025-09-03,SKU-049,RET-022,28,97.62
2025-09-04,SKU-049,RET-098,40,97.62
2025-09-05,SKU-049,RET-025,31,97.62
2025-09-06,SKU-049,RET-090,36,97.62
2025-09-07,SKU-049,RET-081,33,97.62
2025-09-08,SKU-049,RET-099,29,97.62
2025-09-09,SKU-049,RET-065,27,97.62
2025-09-10,SKU-049,RET-043,31,97.62
2025-09-11,SKU-049,RET-005,38,97.62
2025-09-12,SKU-049,RET-051,31,97.62
2025-09-13,SKU-049,RET-020,24,97.62
2025-09-14,SKU-049,RET-096,26,97.62
2025-09-15,SKU-049,RET-044,43,97.62
2025-09-16,SKU-049,RET-009,33,97.62
2025-09-17,SKU-049,RET-004,25,97.62
2025-09-18,SKU-049,RET-040,21,97.62
2025-09-19,SKU-049,RET-068,33,97.62
2025-09-20,SKU-049,RET-030,40,97.62
2025-09-21,SKU-049,RET-054,24,97.62
2025-09-22,SKU-049,RET-026,33,97.62
2025-09-23,SKU-049,RET-062,26,97.62
2025-09-24,SKU-049,RET-014,32,97.62
2025-09-25,SKU-049,RET-096,30,97.62
2025-09-26,SKU-049,RET-033,28,97.62
2025-09-27,SKU-049,RET-091,32,97.62
2025-09-28,SKU-049,RET-068,28,97.62
2025-09-29,SKU-049,RET-049,36,97.62
2025-09-30,SKU-049,RET-018,25,97.62
2025-10-01,SKU-049,RET-027,32,97.62
2025-10-02,SKU-049,RET-038,34,97.62
2025-10-03,SKU-049,RET-064,52,97.62
2025-10-04,SKU-049,RET-005,45,97.62
2025-10-05,SKU-049,RET-088,30,97.62
2025-10-06,SKU-049,RET-029,42,97.62
2025-10-07,SKU-049,RET-001,32,97.62
2025-10-08,SKU-049,RET-077,34,97.62
2025-10-09,SKU-049,RET-096,44,97.62
2025-10-10,SKU-049,RET-030,50,97.62
2025-10-11,SKU-049,RET-059,38,97.62
2025-10-12,SKU-049,RET-008,37,97.62
2025-10-13,SKU-049,RET-098,23,97.62
2025-10-14,SKU-049,RET-048,48,97.62
2025-10-15,SKU-049,RET-029,35,97.62
2025-10-16,SKU-049,RET-020,34,97.62
2025-10-17,SKU-049,RET-054,49,97.62
2025-10-18,SKU-049,RET-014,50,97.62
2025-10-19,SKU-049,RET-020,34,97.62
2025-10-20,SKU-049,RET-077,36,97.62
2025-10-21,SKU-049,RET-006,38,97.62
2025-10-22,SKU-049,RET-073,40,97.62
2025-10-23,SKU-049,RET-017,46,97.62
2025-10-24,SKU-049,RET-053,42,97.62
2025-10-25,SKU-049,RET-072,46,97.62
2025-10-26,SKU-049,RET-022,37,97.62
2025-10-27,SKU-049,RET-038,31,97.62
2025-10-28,SKU-049,RET-024,30,97.62
2025-10-29,SKU-049,RET-023,42,97.62
2025-10-30,SKU-049,RET-015,41,97.62
2025-10-31,SKU-049,RET-018,43,97.62
2025-11-01,SKU-049,RET-042,50,97.62
2025-11-02,SKU-049,RET-050,42,97.62
2025-11-03,SKU-049,RET-087,36,97.62
2025-11-04,SKU-049,RET-031,37,97.62
2025-11-05,SKU-049,RET-026,34,97.62
2025-11-06,SKU-049,RET-096,34,97.62
2025-11-07,SKU-049,RET-073,49,97.62
2025-11-08,SKU-049,RET-067,53,97.62
2025-11-09,SKU-049,RET-045,39,97.62
2025-11-10,SKU-049,RET-068,41,97.62
2025-11-11,SKU-049,RET-084,47,97.62
2025-11-12,SKU-049,RET-043,51,97.62
2025-11-13,SKU-049,RET-099,44,97.62
2025-11-14,SKU-049,RET-042,51,97.62
2025-11-15,SKU-049,RET-041,60,97.62
2025-11-16,SKU-049,RET-072,35,97.62
2025-11-17,SKU-049,RET-029,36,97.62
2025-11-18,SKU-049,RET-053,48,97.62
2025-11-19,SKU-049,RET-023,35,97.62
2025-11-20,SKU-049,RET-065,38,97.62
2025-11-21,SKU-049,RET-006,61,97.62
2025-11-22,SKU-049,RET-015,51,97.62
2025-11-23,SKU-049,RET-093,40,97.62
2025-11-24,SKU-049,RET-037,39,97.62
2025-11-25,SKU-049,RET-026,30,97.62
2025-11-26,SKU-049,RET-069,45,97.62
2025-11-27,SKU-049,RET-065,42,97.62
2025-11-28,SKU-049,RET-004,49,97.62
2025-11-29,SKU-049,RET-025,65,97.62
2025-11-30,SKU-049,RET-043,54,97.62
2025-12-01,SKU-049,RET-098,41,97.62
2025-12-02,SKU-049,RET-087,37,97.62
2025-12-03,SKU-049,RET-097,37,97.62
2025-12-04,SKU-049,RET-075,31,97.62
2025-12-05,SKU-049,RET-027,27,97.62
2025-12-06,SKU-049,RET-011,38,97.62
2025-12-07,SKU-049,RET-013,37,97.62
2025-12-08,SKU-049,RET-073,29,97.62
2025-12-09,SKU-049,RET-084,33,97.62
2025-12-10,SKU-049,RET-067,29,97.62
2025-12-11,SKU-049,RET-091,35,97.62
2025-12-12,SKU-049,RET-021,29,97.62
2025-12-13,SKU-049,RET-072,35,97.62
2025-12-14,SKU-049,RET-096,29,97.62
2025-12-15,SKU-049,RET-035,34,97.62
2025-12-16,SKU-049,RET-054,33,97.62
2025-12-17,SKU-049,RET-071,38,97.62
2025-12-18,SKU-049,RET-067,36,97.62
2025-12-19,SKU-049,RET-070,53,97.62
2025-12-20,SKU-049,RET-060,47,97.62
2025-12-21,SKU-049,RET-017,33,97.62
2025-12-22,SKU-049,RET-023,31,97.62
2025-12-23,SKU-049,RET-041,35,97.62
2025-12-24,SKU-049,RET-082,37,97.62
2025-12-25,SKU-049,RET-042,36,97.62
2025-12-26,SKU-049,RET-087,44,97.62
2025-12-27,SKU-049,RET-065,41,97.62
2025-12-28,SKU-049,RET-061,25,97.62
2025-12-29,SKU-049,RET-045,40,97.62
2025-12-30,SKU-049,RET-057,28,97.62
2025-12-31,SKU-049,RET-084,42,97.62
2026-01-01,SKU-049,RET-039,40,97.62
2026-01-02,SKU-049,RET-048,39,97.62
2026-01-03,SKU-049,RET-078,48,97.62
2026-01-04,SKU-049,RET-043,38,97.62
2026-01-05,SKU-049,RET-088,39,97.62
2026-01-06,SKU-049,RET-045,36,97.62
2026-01-07,SKU-049,RET-098,31,97.62
2026-01-08,SKU-049,RET-021,41,97.62
2026-01-09,SKU-049,RET-076,51,97.62
2026-01-10,SKU-049,RET-004,47,97.62
2026-01-11,SKU-049,RET-047,32,97.62
2026-01-12,SKU-049,RET-062,33,97.62
2026-01-13,SKU-049,RET-079,48,97.62
2026-01-14,SKU-049,RET-075,37,97.62
2026-01-15,SKU-049,RET-029,43,97.62
2026-01-16,SKU-049,RET-087,54,97.62
2026-01-17,SKU-049,RET-078,36,97.62
2026-01-18,SKU-049,RET-020,29,97.62
2026-01-19,SKU-049,RET-017,37,97.62
2026-01-20,SKU-049,RET-036,45,97.62
2026-01-21,SKU-049,RET-090,37,97.62
2026-01-22,SKU-049,RET-019,44,97.62
2026-01-23,SKU-049,RET-063,53,97.62
2026-01-24,SKU-049,RET-059,50,97.62
2026-01-25,SKU-049,RET-008,35,97.62
2026-01-26,SKU-049,RET-056,33,97.62
2026-01-27,SKU-049,RET-099,36,97.62
2026-01-28,SKU-049,RET-022,37,97.62
2026-01-29,SKU-049,RET-050,39,97.62
2026-01-30,SKU-049,RET-059,53,97.62
2026-01-31,SKU-049,RET-050,54,97.62
2026-02-01,SKU-049,RET-061,36,97.62
2026-02-02,SKU-049,RET-077,44,97.62
2026-02-03,SKU-049,RET-054,39,97.62
2026-02-04,SKU-049,RET-040,45,97.62
2026-02-05,SKU-049,RET-054,32,97.62
2026-02-06,SKU-049,RET-081,48,97.62
2026-02-07,SKU-049,RET-027,51,97.62
2026-02-08,SKU-049,RET-011,36,97.62
2026-02-09,SKU-049,RET-059,25,97.62
2026-02-10,SKU-049,RET-021,46,97.62
2026-02-11,SKU-049,RET-005,41,97.62
2026-02-12,SKU-049,RET-080,35,97.62
2026-02-13,SKU-049,RET-077,45,97.62
2026-02-14,SKU-049,RET-026,50,97.62
2026-02-15,SKU-049,RET-007,37,97.62
2026-02-16,SKU-049,RET-017,36,97.62
2026-02-17,SKU-049,RET-038,44,97.62
2026-02-18,SKU-049,RET-003,45,97.62
2026-02-19,SKU-049,RET-042,36,97.62
2026-02-20,SKU-049,RET-027,54,97.62
2026-02-21,SKU-049,RET-058,56,97.62
2026-02-22,SKU-049,RET-052,23,97.62
2026-02-23,SKU-049,RET-057,35,97.62
2026-02-24,SKU-049,RET-018,41,97.62
2026-02-25,SKU-049,RET-037,47,97.62
2026-02-26,SKU-049,RET-037,52,97.62
2026-02-27,SKU-049,RET-016,45,97.62
2026-02-28,SKU-049,RET-019,54,97.62
2026-03-01,SKU-049,RET-044,38,97.62
2026-03-02,SKU-049,RET-038,44,97.62
2026-03-03,SKU-049,RET-030,33,97.62
2026-03-04,SKU-049,RET-026,41,97.62
2026-03-05,SKU-049,RET-014,34,97.62
2026-03-06,SKU-049,RET-027,42,97.62
2026-03-07,SKU-049,RET-024,45,97.62
2026-03-08,SKU-049,RET-070,40,97.62
2026-03-09,SKU-049,RET-002,40,97.62
2026-03-10,SKU-049,RET-065,49,97.62
2026-03-11,SKU-049,RET-092,46,97.62
2026-03-12,SKU-049,RET-088,42,97.62
2026-03-13,SKU-049,RET-054,44,97.62
2026-03-14,SKU-049,RET-037,63,97.62
2026-03-15,SKU-049,RET-010,40,97.62
2026-03-16,SKU-049,RET-007,41,97.62
2026-03-17,SKU-049,RET-022,39,97.62
2026-03-18,SKU-049,RET-076,41,97.62
2026-03-19,SKU-049,RET-015,44,97.62
2026-03-20,SKU-049,RET-012,52,97.62
2026-03-21,SKU-049,RET-043,52,97.62
2026-03-22,SKU-049,RET-009,38,97.62
2026-03-23,SKU-049,RET-044,39,97.62
2026-03-24,SKU-049,RET-093,41,97.62
2026-03-25,SKU-049,RET-094,45,97.62
2026-03-26,SKU-049,RET-018,46,97.62
2026-03-27,SKU-049,RET-074,57,97.62
2026-03-28,SKU-049,RET-083,54,97.62
2026-03-29,SKU-049,RET-008,39,97.62
2026-03-30,SKU-049,RET-018,58,97.62
2026-03-31,SKU-049,RET-004,43,97.62
2026-04-01,SKU-049,RET-077,44,97.62
2026-04-02,SKU-049,RET-027,32,97.62
2026-04-03,SKU-049,RET-035,44,97.62
2026-04-04,SKU-049,RET-058,60,97.62
2026-04-05,SKU-049,RET-010,34,97.62
2026-04-06,SKU-049,RET-098,39,97.62
2026-04-07,SKU-049,RET-006,29,97.62
2026-04-08,SKU-049,RET-091,43,97.62
2026-04-09,SKU-049,RET-032,47,97.62
2026-04-10,SKU-049,RET-003,56,97.62
2026-04-11,SKU-049,RET-097,41,97.62
2026-04-12,SKU-049,RET-056,49,97.62
2026-04-13,SKU-049,RET-025,42,97.62
2026-04-14,SKU-049,RET-011,37,97.62
2026-04-15,SKU-049,RET-029,40,97.62
2026-04-16,SKU-049,RET-033,46,97.62
2026-04-17,SKU-049,RET-051,58,97.62
2026-04-18,SKU-049,RET-082,54,97.62
2026-04-19,SKU-049,RET-049,27,97.62
2026-04-20,SKU-049,RET-062,40,97.62
2026-04-21,SKU-049,RET-055,46,97.62
2026-04-22,SKU-049,RET-073,36,97.62
2026-04-23,SKU-049,RET-089,40,97.62
2026-04-24,SKU-049,RET-027,47,97.62
2026-04-25,SKU-049,RET-060,42,97.62
2026-04-26,SKU-049,RET-005,40,97.62
2026-04-27,SKU-049,RET-038,40,97.62
2026-04-28,SKU-049,RET-028,49,97.62
2026-04-29,SKU-049,RET-081,31,97.62
2026-04-30,SKU-049,RET-071,36,97.62
2026-05-01,SKU-049,RET-071,65,97.62
2026-05-02,SKU-049,RET-040,52,97.62
2026-05-03,SKU-049,RET-069,36,97.62
2026-05-04,SKU-049,RET-062,37,97.62
2026-05-05,SKU-049,RET-075,43,97.62
2026-05-06,SKU-049,RET-070,54,97.62
2026-05-07,SKU-049,RET-076,37,97.62
2026-05-08,SKU-049,RET-003,47,97.62
2026-05-09,SKU-049,RET-077,42,97.62
2026-05-10,SKU-049,RET-025,40,97.62
2026-05-11,SKU-049,RET-055,34,97.62
2026-05-12,SKU-049,RET-033,37,97.62
2026-05-13,SKU-049,RET-008,45,97.62
2026-05-14,SKU-049,RET-071,44,97.62
2026-05-15,SKU-049,RET-008,29,97.62
2026-05-16,SKU-049,RET-030,56,97.62
2026-05-17,SKU-049,RET-100,35,97.62
2026-05-18,SKU-049,RET-086,40,97.62
2026-05-19,SKU-049,RET-021,42,97.62
2026-05-20,SKU-049,RET-067,34,97.62
2026-05-21,SKU-049,RET-022,36,97.62
2026-05-22,SKU-049,RET-040,52,97.62
2026-05-23,SKU-049,RET-096,41,97.62
2026-05-24,SKU-049,RET-076,32,97.62
2026-05-25,SKU-049,RET-047,36,97.62
2026-05-26,SKU-049,RET-077,36,97.62
2026-05-27,SKU-049,RET-001,39,97.62
2026-05-28,SKU-049,RET-005,25,97.62
2026-05-29,SKU-049,RET-014,48,97.62
2026-05-30,SKU-049,RET-043,41,97.62
2026-05-31,SKU-049,RET-061,41,97.62
2026-06-01,SKU-049,RET-090,47,97.62
2026-06-02,SKU-049,RET-014,36,97.62
2026-06-03,SKU-049,RET-096,34,97.62
2026-06-04,SKU-049,RET-096,34,97.62
2026-06-05,SKU-049,RET-056,41,97.62
2026-06-06,SKU-049,RET-080,57,97.62
2026-06-07,SKU-049,RET-057,43,97.62
2026-06-08,SKU-049,RET-043,42,97.62
2026-06-09,SKU-049,RET-040,33,97.62
2026-06-10,SKU-049,RET-026,43,97.62
2026-06-11,SKU-049,RET-022,34,97.62
2026-06-12,SKU-049,RET-006,43,97.62
2026-06-13,SKU-049,RET-031,47,97.62
2026-06-14,SKU-049,RET-028,37,97.62
2026-06-15,SKU-049,RET-016,34,97.62
2026-06-16,SKU-049,RET-006,43,97.62
2026-06-17,SKU-049,RET-006,31,97.62
2026-06-18,SKU-049,RET-054,41,97.62
2026-06-19,SKU-049,RET-082,41,97.62
2026-06-20,SKU-049,RET-062,42,97.62
2026-06-21,SKU-049,RET-098,29,97.62
2026-06-22,SKU-049,RET-015,36,97.62
2026-06-23,SKU-049,RET-028,35,97.62
2026-06-24,SKU-049,RET-047,40,97.62
2026-06-25,SKU-049,RET-079,38,97.62
2026-06-26,SKU-049,RET-098,48,97.62
2026-06-27,SKU-049,RET-081,43,97.62
2026-06-28,SKU-049,RET-008,42,97.62
2026-06-29,SKU-049,RET-004,42,97.62
2026-06-30,SKU-049,RET-004,34,97.62
2026-07-01,SKU-049,RET-080,34,97.62
2026-07-02,SKU-049,RET-057,38,97.62
2026-07-03,SKU-049,RET-032,43,97.62
2026-07-04,SKU-049,RET-052,39,97.62
2026-07-05,SKU-049,RET-031,47,97.62
2026-07-06,SKU-049,RET-063,37,97.62
2026-07-07,SKU-049,RET-025,39,97.62
2026-07-08,SKU-049,RET-085,36,97.62
2026-07-09,SKU-049,RET-072,29,97.62
2026-07-10,SKU-049,RET-065,50,97.62
2026-07-11,SKU-049,RET-081,38,97.62
2026-07-12,SKU-049,RET-100,32,97.62
2026-07-13,SKU-049,RET-017,37,97.62
2026-07-14,SKU-049,RET-052,28,97.62
2026-07-15,SKU-049,RET-002,26,97.62
2026-07-16,SKU-049,RET-084,43,97.62
2026-07-17,SKU-049,RET-061,43,97.62
2026-07-18,SKU-049,RET-077,42,97.62
2026-07-19,SKU-049,RET-089,39,97.62
2026-07-20,SKU-049,RET-054,30,97.62
2026-07-21,SKU-049,RET-038,32,97.62
2026-07-22,SKU-049,RET-064,34,97.62
2026-07-23,SKU-049,RET-040,33,97.62
2026-07-24,SKU-049,RET-083,29,97.62
2026-07-25,SKU-049,RET-017,42,97.62
2026-07-26,SKU-049,RET-095,37,97.62
2026-07-27,SKU-049,RET-099,31,97.62
2026-07-28,SKU-049,RET-050,36,97.62
2026-07-29,SKU-049,RET-094,31,97.62
2026-07-30,SKU-049,RET-001,35,97.62
2026-07-31,SKU-049,RET-084,43,97.62
2026-08-01,SKU-049,RET-054,38,97.62
2026-08-02,SKU-049,RET-043,29,97.62
2026-08-03,SKU-049,RET-045,29,97.62
2026-08-04,SKU-049,RET-050,28,97.62
2026-08-05,SKU-049,RET-028,32,97.62
2026-08-06,SKU-049,RET-035,34,97.62
2026-08-07,SKU-049,RET-075,35,97.62
2026-08-08,SKU-049,RET-034,36,97.62
2026-08-09,SKU-049,RET-088,30,97.62
2026-08-10,SKU-049,RET-064,29,97.62
2026-08-11,SKU-049,RET-059,33,97.62
2026-08-12,SKU-049,RET-060,35,97.62
2026-08-13,SKU-049,RET-002,23,97.62
2026-08-14,SKU-049,RET-089,42,97.62
2026-08-15,SKU-049,RET-013,41,97.62
2026-08-16,SKU-049,RET-065,28,97.62
2026-08-17,SKU-049,RET-069,23,97.62
2026-08-18,SKU-049,RET-041,50,97.62
2026-08-19,SKU-049,RET-019,31,97.62
2026-08-20,SKU-049,RET-072,34,97.62
2026-08-21,SKU-049,RET-020,38,97.62
2026-08-22,SKU-049,RET-083,35,97.62
2026-08-23,SKU-049,RET-035,20,97.62
2026-08-24,SKU-049,RET-035,30,97.62
2026-08-25,SKU-049,RET-090,37,97.62
2025-08-26,SKU-050,RET-050,11,121.49
2025-08-27,SKU-050,RET-037,10,121.49
2025-08-28,SKU-050,RET-098,9,121.49
2025-08-29,SKU-050,RET-012,10,121.49
2025-08-30,SKU-050,RET-034,25,121.49
2025-08-31,SKU-050,RET-069,11,121.49
2025-09-01,SKU-050,RET-001,13,121.49
2025-09-02,SKU-050,RET-039,7,121.49
2025-09-03,SKU-050,RET-074,9,121.49
2025-09-04,SKU-050,RET-047,14,121.49
2025-09-05,SKU-050,RET-081,10,121.49
2025-09-06,SKU-050,RET-036,9,121.49
2025-09-07,SKU-050,RET-025,11,121.49
2025-09-08,SKU-050,RET-062,9,121.49
2025-09-09,SKU-050,RET-005,9,121.49
2025-09-10,SKU-050,RET-059,8,121.49
2025-09-11,SKU-050,RET-044,14,121.49
2025-09-12,SKU-050,RET-031,12,121.49
2025-09-13,SKU-050,RET-025,14,121.49
2025-09-14,SKU-050,RET-046,13,121.49
2025-09-15,SKU-050,RET-086,11,121.49
2025-09-16,SKU-050,RET-068,5,121.49
2025-09-17,SKU-050,RET-096,14,121.49
2025-09-18,SKU-050,RET-059,9,121.49
2025-09-19,SKU-050,RET-066,15,121.49
2025-09-20,SKU-050,RET-049,16,121.49
2025-09-21,SKU-050,RET-030,15,121.49
2025-09-22,SKU-050,RET-043,7,121.49
2025-09-23,SKU-050,RET-054,12,121.49
2025-09-24,SKU-050,RET-091,6,121.49
2025-09-25,SKU-050,RET-050,10,121.49
2025-09-26,SKU-050,RET-092,17,121.49
2025-09-27,SKU-050,RET-003,10,121.49
2025-09-28,SKU-050,RET-023,16,121.49
2025-09-29,SKU-050,RET-026,8,121.49
2025-09-30,SKU-050,RET-063,11,121.49
2025-10-01,SKU-050,RET-049,13,121.49
2025-10-02,SKU-050,RET-005,12,121.49
2025-10-03,SKU-050,RET-038,25,121.49
2025-10-04,SKU-050,RET-014,15,121.49
2025-10-05,SKU-050,RET-084,21,121.49
2025-10-06,SKU-050,RET-062,11,121.49
2025-10-07,SKU-050,RET-019,14,121.49
2025-10-08,SKU-050,RET-093,14,121.49
2025-10-09,SKU-050,RET-047,7,121.49
2025-10-10,SKU-050,RET-016,18,121.49
2025-10-11,SKU-050,RET-046,14,121.49
2025-10-12,SKU-050,RET-031,17,121.49
2025-10-13,SKU-050,RET-041,14,121.49
2025-10-14,SKU-050,RET-089,17,121.49
2025-10-15,SKU-050,RET-033,16,121.49
2025-10-16,SKU-050,RET-029,16,121.49
2025-10-17,SKU-050,RET-090,24,121.49
2025-10-18,SKU-050,RET-029,14,121.49
2025-10-19,SKU-050,RET-087,19,121.49
2025-10-20,SKU-050,RET-042,13,121.49
2025-10-21,SKU-050,RET-030,13,121.49
2025-10-22,SKU-050,RET-068,13,121.49
2025-10-23,SKU-050,RET-011,14,121.49
2025-10-24,SKU-050,RET-099,22,121.49
2025-10-25,SKU-050,RET-039,17,121.49
2025-10-26,SKU-050,RET-009,23,121.49
2025-10-27,SKU-050,RET-055,18,121.49
2025-10-28,SKU-050,RET-065,15,121.49
2025-10-29,SKU-050,RET-021,23,121.49
2025-10-30,SKU-050,RET-024,20,121.49
2025-10-31,SKU-050,RET-029,11,121.49
2025-11-01,SKU-050,RET-036,23,121.49
2025-11-02,SKU-050,RET-098,9,121.49
2025-11-03,SKU-050,RET-063,18,121.49
2025-11-04,SKU-050,RET-001,11,121.49
2025-11-05,SKU-050,RET-012,20,121.49
2025-11-06,SKU-050,RET-056,10,121.49
2025-11-07,SKU-050,RET-092,18,121.49
2025-11-08,SKU-050,RET-012,20,121.49
2025-11-09,SKU-050,RET-049,11,121.49
2025-11-10,SKU-050,RET-076,15,121.49
2025-11-11,SKU-050,RET-065,16,121.49
2025-11-12,SKU-050,RET-076,17,121.49
2025-11-13,SKU-050,RET-036,13,121.49
2025-11-14,SKU-050,RET-080,13,121.49
2025-11-15,SKU-050,RET-098,11,121.49
2025-11-16,SKU-050,RET-020,24,121.49
2025-11-17,SKU-050,RET-001,13,121.49
2025-11-18,SKU-050,RET-055,21,121.49
2025-11-19,SKU-050,RET-048,13,121.49
2025-11-20,SKU-050,RET-081,22,121.49
2025-11-21,SKU-050,RET-011,15,121.49
2025-11-22,SKU-050,RET-006,22,121.49
2025-11-23,SKU-050,RET-067,11,121.49
2025-11-24,SKU-050,RET-080,15,121.49
2025-11-25,SKU-050,RET-060,12,121.49
2025-11-26,SKU-050,RET-014,13,121.49
2025-11-27,SKU-050,RET-004,18,121.49
2025-11-28,SKU-050,RET-063,13,121.49
2025-11-29,SKU-050,RET-028,19,121.49
2025-11-30,SKU-050,RET-096,19,121.49
2025-12-01,SKU-050,RET-021,9,121.49
2025-12-02,SKU-050,RET-098,14,121.49
2025-12-03,SKU-050,RET-088,14,121.49
2025-12-04,SKU-050,RET-049,12,121.49
2025-12-05,SKU-050,RET-035,10,121.49
2025-12-06,SKU-050,RET-055,20,121.49
2025-12-07,SKU-050,RET-001,9,121.49
2025-12-08,SKU-050,RET-024,13,121.49
2025-12-09,SKU-050,RET-081,15,121.49
2025-12-10,SKU-050,RET-031,14,121.49
2025-12-11,SKU-050,RET-005,13,121.49
2025-12-12,SKU-050,RET-069,14,121.49
2025-12-13,SKU-050,RET-057,17,121.49
2025-12-14,SKU-050,RET-032,12,121.49
2025-12-15,SKU-050,RET-013,9,121.49
2025-12-16,SKU-050,RET-003,8,121.49
2025-12-17,SKU-050,RET-001,12,121.49
2025-12-18,SKU-050,RET-073,9,121.49
2025-12-19,SKU-050,RET-072,24,121.49
2025-12-20,SKU-050,RET-049,9,121.49
2025-12-21,SKU-050,RET-064,11,121.49
2025-12-22,SKU-050,RET-065,7,121.49
2025-12-23,SKU-050,RET-004,14,121.49
2025-12-24,SKU-050,RET-045,23,121.49
2025-12-25,SKU-050,RET-083,13,121.49
2025-12-26,SKU-050,RET-040,9,121.49
2025-12-27,SKU-050,RET-087,24,121.49
2025-12-28,SKU-050,RET-025,16,121.49
2025-12-29,SKU-050,RET-075,16,121.49
2025-12-30,SKU-050,RET-018,11,121.49
2025-12-31,SKU-050,RET-041,15,121.49
2026-01-01,SKU-050,RET-045,18,121.49
2026-01-02,SKU-050,RET-058,10,121.49
2026-01-03,SKU-050,RET-011,12,121.49
2026-01-04,SKU-050,RET-066,14,121.49
2026-01-05,SKU-050,RET-070,10,121.49
2026-01-06,SKU-050,RET-046,15,121.49
2026-01-07,SKU-050,RET-047,16,121.49
2026-01-08,SKU-050,RET-012,24,121.49
2026-01-09,SKU-050,RET-032,8,121.49
2026-01-10,SKU-050,RET-020,22,121.49
2026-01-11,SKU-050,RET-086,13,121.49
2026-01-12,SKU-050,RET-012,15,121.49
2026-01-13,SKU-050,RET-092,15,121.49
2026-01-14,SKU-050,RET-086,14,121.49
2026-01-15,SKU-050,RET-067,14,121.49
2026-01-16,SKU-050,RET-011,20,121.49
2026-01-17,SKU-050,RET-046,14,121.49
2026-01-18,SKU-050,RET-009,13,121.49
2026-01-19,SKU-050,RET-036,18,121.49
2026-01-20,SKU-050,RET-031,18,121.49
2026-01-21,SKU-050,RET-046,20,121.49
2026-01-22,SKU-050,RET-090,12,121.49
2026-01-23,SKU-050,RET-040,17,121.49
2026-01-24,SKU-050,RET-054,17,121.49
2026-01-25,SKU-050,RET-005,19,121.49
2026-01-26,SKU-050,RET-089,14,121.49
2026-01-27,SKU-050,RET-059,19,121.49
2026-01-28,SKU-050,RET-031,10,121.49
2026-01-29,SKU-050,RET-098,18,121.49
2026-01-30,SKU-050,RET-029,26,121.49
2026-01-31,SKU-050,RET-089,18,121.49
2026-02-01,SKU-050,RET-034,17,121.49
2026-02-02,SKU-050,RET-098,11,121.49
2026-02-03,SKU-050,RET-089,18,121.49
2026-02-04,SKU-050,RET-017,7,121.49
2026-02-05,SKU-050,RET-031,15,121.49
2026-02-06,SKU-050,RET-015,11,121.49
2026-02-07,SKU-050,RET-053,14,121.49
2026-02-08,SKU-050,RET-057,15,121.49
2026-02-09,SKU-050,RET-070,20,121.49
2026-02-10,SKU-050,RET-056,18,121.49
2026-02-11,SKU-050,RET-024,8,121.49
2026-02-12,SKU-050,RET-067,18,121.49
2026-02-13,SKU-050,RET-003,14,121.49
2026-02-14,SKU-050,RET-033,16,121.49
2026-02-15,SKU-050,RET-018,13,121.49
2026-02-16,SKU-050,RET-005,13,121.49
2026-02-17,SKU-050,RET-095,19,121.49
2026-02-18,SKU-050,RET-083,16,121.49
2026-02-19,SKU-050,RET-071,19,121.49
2026-02-20,SKU-050,RET-028,26,121.49
2026-02-21,SKU-050,RET-100,17,121.49
2026-02-22,SKU-050,RET-067,11,121.49
2026-02-23,SKU-050,RET-037,26,121.49
2026-02-24,SKU-050,RET-029,21,121.49
2026-02-25,SKU-050,RET-015,10,121.49
2026-02-26,SKU-050,RET-043,13,121.49
2026-02-27,SKU-050,RET-054,16,121.49
2026-02-28,SKU-050,RET-004,21,121.49
2026-03-01,SKU-050,RET-067,19,121.49
2026-03-02,SKU-050,RET-091,8,121.49
2026-03-03,SKU-050,RET-062,17,121.49
2026-03-04,SKU-050,RET-017,22,121.49
2026-03-05,SKU-050,RET-012,9,121.49
2026-03-06,SKU-050,RET-080,26,121.49
2026-03-07,SKU-050,RET-012,24,121.49
2026-03-08,SKU-050,RET-034,14,121.49
2026-03-09,SKU-050,RET-072,18,121.49
2026-03-10,SKU-050,RET-071,15,121.49
2026-03-11,SKU-050,RET-022,18,121.49
2026-03-12,SKU-050,RET-049,14,121.49
2026-03-13,SKU-050,RET-099,14,121.49
2026-03-14,SKU-050,RET-052,10,121.49
2026-03-15,SKU-050,RET-010,19,121.49
2026-03-16,SKU-050,RET-024,21,121.49
2026-03-17,SKU-050,RET-070,15,121.49
2026-03-18,SKU-050,RET-019,19,121.49
2026-03-19,SKU-050,RET-076,25,121.49
2026-03-20,SKU-050,RET-060,17,121.49
2026-03-21,SKU-050,RET-070,15,121.49
2026-03-22,SKU-050,RET-084,13,121.49
2026-03-23,SKU-050,RET-005,22,121.49
2026-03-24,SKU-050,RET-095,13,121.49
2026-03-25,SKU-050,RET-089,15,121.49
2026-03-26,SKU-050,RET-048,15,121.49
2026-03-27,SKU-050,RET-036,22,121.49
2026-03-28,SKU-050,RET-056,24,121.49
2026-03-29,SKU-050,RET-059,7,121.49
2026-03-30,SKU-050,RET-017,14,121.49
2026-03-31,SKU-050,RET-098,19,121.49
2026-04-01,SKU-050,RET-087,13,121.49
2026-04-02,SKU-050,RET-018,10,121.49
2026-04-03,SKU-050,RET-025,16,121.49
2026-04-04,SKU-050,RET-059,17,121.49
2026-04-05,SKU-050,RET-011,10,121.49
2026-04-06,SKU-050,RET-018,11,121.49
2026-04-07,SKU-050,RET-098,18,121.49
2026-04-08,SKU-050,RET-052,19,121.49
2026-04-09,SKU-050,RET-100,12,121.49
2026-04-10,SKU-050,RET-052,21,121.49
2026-04-11,SKU-050,RET-031,20,121.49
2026-04-12,SKU-050,RET-046,10,121.49
2026-04-13,SKU-050,RET-067,15,121.49
2026-04-14,SKU-050,RET-014,21,121.49
2026-04-15,SKU-050,RET-079,13,121.49
2026-04-16,SKU-050,RET-082,13,121.49
2026-04-17,SKU-050,RET-098,22,121.49
2026-04-18,SKU-050,RET-060,9,121.49
2026-04-19,SKU-050,RET-070,12,121.49
2026-04-20,SKU-050,RET-020,15,121.49
2026-04-21,SKU-050,RET-019,15,121.49
2026-04-22,SKU-050,RET-001,14,121.49
2026-04-23,SKU-050,RET-043,14,121.49
2026-04-24,SKU-050,RET-068,16,121.49
2026-04-25,SKU-050,RET-023,23,121.49
2026-04-26,SKU-050,RET-057,17,121.49
2026-04-27,SKU-050,RET-083,16,121.49
2026-04-28,SKU-050,RET-031,7,121.49
2026-04-29,SKU-050,RET-038,18,121.49
2026-04-30,SKU-050,RET-005,13,121.49
2026-05-01,SKU-050,RET-030,22,121.49
2026-05-02,SKU-050,RET-028,19,121.49
2026-05-03,SKU-050,RET-088,16,121.49
2026-05-04,SKU-050,RET-077,15,121.49
2026-05-05,SKU-050,RET-057,23,121.49
2026-05-06,SKU-050,RET-064,18,121.49
2026-05-07,SKU-050,RET-072,14,121.49
2026-05-08,SKU-050,RET-015,18,121.49
2026-05-09,SKU-050,RET-020,17,121.49
2026-05-10,SKU-050,RET-064,13,121.49
2026-05-11,SKU-050,RET-088,17,121.49
2026-05-12,SKU-050,RET-081,17,121.49
2026-05-13,SKU-050,RET-062,15,121.49
2026-05-14,SKU-050,RET-059,14,121.49
2026-05-15,SKU-050,RET-030,19,121.49
2026-05-16,SKU-050,RET-033,16,121.49
2026-05-17,SKU-050,RET-051,19,121.49
2026-05-18,SKU-050,RET-047,11,121.49
2026-05-19,SKU-050,RET-022,12,121.49
2026-05-20,SKU-050,RET-069,16,121.49
2026-05-21,SKU-050,RET-013,13,121.49
2026-05-22,SKU-050,RET-051,19,121.49
2026-05-23,SKU-050,RET-059,25,121.49
2026-05-24,SKU-050,RET-026,13,121.49
2026-05-25,SKU-050,RET-038,14,121.49
2026-05-26,SKU-050,RET-037,14,121.49
2026-05-27,SKU-050,RET-042,11,121.49
2026-05-28,SKU-050,RET-003,20,121.49
2026-05-29,SKU-050,RET-044,16,121.49
2026-05-30,SKU-050,RET-012,15,121.49
2026-05-31,SKU-050,RET-048,17,121.49
2026-06-01,SKU-050,RET-087,10,121.49
2026-06-02,SKU-050,RET-037,13,121.49
2026-06-03,SKU-050,RET-038,20,121.49
2026-06-04,SKU-050,RET-026,21,121.49
2026-06-05,SKU-050,RET-084,15,121.49
2026-06-06,SKU-050,RET-092,19,121.49
2026-06-07,SKU-050,RET-088,14,121.49
2026-06-08,SKU-050,RET-099,17,121.49
2026-06-09,SKU-050,RET-068,12,121.49
2026-06-10,SKU-050,RET-044,12,121.49
2026-06-11,SKU-050,RET-049,16,121.49
2026-06-12,SKU-050,RET-051,13,121.49
2026-06-13,SKU-050,RET-093,20,121.49
2026-06-14,SKU-050,RET-015,13,121.49
2026-06-15,SKU-050,RET-021,14,121.49
2026-06-16,SKU-050,RET-049,6,121.49
2026-06-17,SKU-050,RET-092,18,121.49
2026-06-18,SKU-050,RET-017,11,121.49
2026-06-19,SKU-050,RET-037,14,121.49
2026-06-20,SKU-050,RET-082,11,121.49
2026-06-21,SKU-050,RET-090,17,121.49
2026-06-22,SKU-050,RET-050,16,121.49
2026-06-23,SKU-050,RET-015,19,121.49
2026-06-24,SKU-050,RET-050,8,121.49
2026-06-25,SKU-050,RET-047,16,121.49
2026-06-26,SKU-050,RET-071,19,121.49
2026-06-27,SKU-050,RET-005,27,121.49
2026-06-28,SKU-050,RET-062,11,121.49
2026-06-29,SKU-050,RET-034,11,121.49
2026-06-30,SKU-050,RET-061,12,121.49
2026-07-01,SKU-050,RET-098,5,121.49
2026-07-02,SKU-050,RET-083,15,121.49
2026-07-03,SKU-050,RET-011,15,121.49
2026-07-04,SKU-050,RET-082,14,121.49
2026-07-05,SKU-050,RET-030,19,121.49
2026-07-06,SKU-050,RET-011,10,121.49
2026-07-07,SKU-050,RET-062,14,121.49
2026-07-08,SKU-050,RET-058,7,121.49
2026-07-09,SKU-050,RET-004,13,121.49
2026-07-10,SKU-050,RET-057,9,121.49
2026-07-11,SKU-050,RET-096,10,121.49
2026-07-12,SKU-050,RET-037,12,121.49
2026-07-13,SKU-050,RET-093,16,121.49
2026-07-14,SKU-050,RET-026,16,121.49
2026-07-15,SKU-050,RET-048,9,121.49
2026-07-16,SKU-050,RET-059,16,121.49
2026-07-17,SKU-050,RET-032,13,121.49
2026-07-18,SKU-050,RET-066,13,121.49
2026-07-19,SKU-050,RET-017,13,121.49
2026-07-20,SKU-050,RET-078,19,121.49
2026-07-21,SKU-050,RET-044,7,121.49
2026-07-22,SKU-050,RET-025,11,121.49
2026-07-23,SKU-050,RET-020,13,121.49
2026-07-24,SKU-050,RET-073,13,121.49
2026-07-25,SKU-050,RET-007,12,121.49
2026-07-26,SKU-050,RET-001,11,121.49
2026-07-27,SKU-050,RET-083,19,121.49
2026-07-28,SKU-050,RET-025,15,121.49
2026-07-29,SKU-050,RET-079,12,121.49
2026-07-30,SKU-050,RET-003,9,121.49
2026-07-31,SKU-050,RET-058,11,121.49
2026-08-01,SKU-050,RET-086,13,121.49
2026-08-02,SKU-050,RET-066,13,121.49
2026-08-03,SKU-050,RET-085,11,121.49
2026-08-04,SKU-050,RET-091,7,121.49
2026-08-05,SKU-050,RET-053,8,121.49
2026-08-06,SKU-050,RET-004,14,121.49
2026-08-07,SKU-050,RET-087,12,121.49
2026-08-08,SKU-050,RET-044,12,121.49
2026-08-09,SKU-050,RET-011,11,121.49
2026-08-10,SKU-050,RET-034,7,121.49
2026-08-11,SKU-050,RET-070,9,121.49
2026-08-12,SKU-050,RET-078,17,121.49
2026-08-13,SKU-050,RET-008,10,121.49
2026-08-14,SKU-050,RET-024,9,121.49
2026-08-15,SKU-050,RET-091,15,121.49
2026-08-16,SKU-050,RET-078,17,121.49
2026-08-17,SKU-050,RET-058,12,121.49
2026-08-18,SKU-050,RET-016,15,121.49
2026-08-19,SKU-050,RET-017,11,121.49
2026-08-20,SKU-050,RET-036,14,121.49
2026-08-21,SKU-050,RET-049,19,121.49
2026-08-22,SKU-050,RET-033,18,121.49
2026-08-23,SKU-050,RET-061,10,121.49
2026-08-24,SKU-050,RET-004,17,121.49
2026-08-25,SKU-050,RET-048,12,121.49
